rotulo,esq_x0,esq_y0,esq_z0,esq_x1,esq_y1,esq_z1,esq_x2,esq_y2,esq_z2,esq_x3,esq_y3,esq_z3,esq_x4,esq_y4,esq_z4,esq_x5,esq_y5,esq_z5,esq_x6,esq_y6,esq_z6,esq_x7,esq_y7,esq_z7,esq_x8,esq_y8,esq_z8,esq_x9,esq_y9,esq_z9,esq_x10,esq_y10,esq_z10,esq_x11,esq_y11,esq_z11,esq_x12,esq_y12,esq_z12,esq_x13,esq_y13,esq_z13,esq_x14,esq_y14,esq_z14,esq_x15,esq_y15,esq_z15,esq_x16,esq_y16,esq_z16,esq_x17,esq_y17,esq_z17,esq_x18,esq_y18,esq_z18,esq_x19,esq_y19,esq_z19,esq_x20,esq_y20,esq_z20,dir_x0,dir_y0,dir_z0,dir_x1,dir_y1,dir_z1,dir_x2,dir_y2,dir_z2,dir_x3,dir_y3,dir_z3,dir_x4,dir_y4,dir_z4,dir_x5,dir_y5,dir_z5,dir_x6,dir_y6,dir_z6,dir_x7,dir_y7,dir_z7,dir_x8,dir_y8,dir_z8,dir_x9,dir_y9,dir_z9,dir_x10,dir_y10,dir_z10,dir_x11,dir_y11,dir_z11,dir_x12,dir_y12,dir_z12,dir_x13,dir_y13,dir_z13,dir_x14,dir_y14,dir_z14,dir_x15,dir_y15,dir_z15,dir_x16,dir_y16,dir_z16,dir_x17,dir_y17,dir_z17,dir_x18,dir_y18,dir_z18,dir_x19,dir_y19,dir_z19,dir_x20,dir_y20,dir_z20
1,0.0,0.0,0.0,-0.2629104483722925,-0.11846493023577273,-0.08657056730755054,-0.4349917722246749,-0.33458373347128456,-0.16229579818568574,-0.4699081494717954,-0.4956052983114721,-0.23073795050578028,-0.464510210019857,-0.6227845707675423,-0.3000473994177514,-0.3870491324445773,-0.9505641092347714,-0.15504972417172924,-0.472183618144528,-1.4964488449187205,-0.23902810793826407,-0.5126119734833625,-1.83676202551571,-0.3014834492220482,-0.5422570472099234,-2.1010147484590824,-0.34608148736228694,-0.1743136965275254,-0.9846901721876328,-0.16821655631799817,-0.12609955196261308,-1.3939370584676085,-0.22652985425267835,-0.07231740450912018,-1.5803365302576358,-0.2624700929502264,-0.015083599156371476,-1.7162228517651807,-0.29411314270734773,0.024204369784706605,-0.9349623635843031,-0.18778276080057976,0.0755588865432081,-1.2745614766519995,-0.23819770193470882,0.12871945710838897,-1.472800745010594,-0.2408581960512915,0.18380575575047892,-1.6135081826177238,-0.24646044782641804,0.20180198132856203,-0.8349716929921845,-0.21578117375385406,0.26043342303390987,-1.1126872740748848,-0.25638558038668813,0.2999176445178577,-1.2717880834532698,-0.23597535736669728,0.33766145071453185,-1.385858879473269,-0.21443680654058322,0.0,0.0,0.0,0.0,0.0,0.0,0.0,0.0,0.0,0.0,0.0,0.0,0.0,0.0,0.0,0.0,0.0,0.0,0.0,0.0,0.0,0.0,0.0,0.0,0.0,0.0,0.0,0.0,0.0,0.0,0.0,0.0,0.0,0.0,0.0,0.0,0.0,0.0,0.0,0.0,0.0,0.0,0.0,0.0,0.0,0.0,0.0,0.0,0.0,0.0,0.0,0.0,0.0,0.0,0.0,0.0,0.0,0.0,0.0,0.0,0.0,0.0,0.0
1,0.0,0.0,0.0,0.0,0.0,0.0,0.0,0.0,0.0,0.0,0.0,0.0,0.0,0.0,0.0,0.0,0.0,0.0,0.0,0.0,0.0,0.0,0.0,0.0,0.0,0.0,0.0,0.0,0.0,0.0,0.0,0.0,0.0,0.0,0.0,0.0,0.0,0.0,0.0,0.0,0.0,0.0,0.0,0.0,0.0,0.0,0.0,0.0,0.0,0.0,0.0,0.0,0.0,0.0,0.0,0.0,0.0,0.0,0.0,0.0,0.0,0.0,0.0,-0.0,0.0,0.0,0.2629104483722925,-0.11846493023577273,-0.08657056730755054,0.4349917722246749,-0.33458373347128456,-0.16229579818568574,0.4699081494717954,-0.4956052983114721,-0.23073795050578028,0.464510210019857,-0.6227845707675423,-0.3000473994177514,0.3870491324445773,-0.9505641092347714,-0.15504972417172924,0.472183618144528,-1.4964488449187205,-0.23902810793826407,0.5126119734833625,-1.83676202551571,-0.3014834492220482,0.5422570472099234,-2.1010147484590824,-0.34608148736228694,0.1743136965275254,-0.9846901721876328,-0.16821655631799817,0.12609955196261308,-1.3939370584676085,-0.22652985425267835,0.07231740450912018,-1.5803365302576358,-0.2624700929502264,0.015083599156371476,-1.7162228517651807,-0.29411314270734773,-0.024204369784706605,-0.9349623635843031,-0.18778276080057976,-0.0755588865432081,-1.2745614766519995,-0.23819770193470882,-0.12871945710838897,-1.472800745010594,-0.2408581960512915,-0.18380575575047892,-1.6135081826177238,-0.24646044782641804,-0.20180198132856203,-0.8349716929921845,-0.21578117375385406,-0.26043342303390987,-1.1126872740748848,-0.25638558038668813,-0.2999176445178577,-1.2717880834532698,-0.23597535736669728,-0.33766145071453185,-1.385858879473269,-0.21443680654058322
1,0.0,0.0,0.0,-0.2732436484576267,-0.10731391684108267,-0.08633328216022003,-0.4505118555824411,-0.33162530858644135,-0.15951774842868646,-0.46904376398359443,-0.5012941024597983,-0.23046280556104207,-0.4460767307357402,-0.6303368966833732,-0.3010406168197608,-0.39222250965964256,-0.9452671474204855,-0.1598216440995862,-0.4794270906814427,-1.5300274424715923,-0.2441707070998226,-0.5194631553869394,-1.8833337867717144,-0.30389500828794364,-0.5553390163848199,-2.154895227818252,-0.3481691457553103,-0.17041168739257426,-0.9853729531502352,-0.17132118515571637,-0.12265930056887706,-1.3051951829798798,-0.26046454348897136,-0.07591832705342934,-1.268712541379682,-0.2885011722362343,-0.04440010087530204,-1.2035784676852657,-0.30112457136797843,0.03684179102944306,-0.9354791462774928,-0.18698917376336244,0.07813521565045849,-1.1678939733626303,-0.26141878684527425,0.10674958729700611,-1.125688524815755,-0.24048944650713236,0.12408275867259258,-1.0467009188688705,-0.21713188879194817,0.21761018898017478,-0.8428030955268548,-0.21040236426419776,0.2558740904606908,-1.0481570575491683,-0.25547942896459375,0.26446874518868685,-1.004986015883891,-0.2162464810057791,0.2673867500730135,-0.9229082424275914,-0.17372576596883235,0.0,0.0,0.0,0.0,0.0,0.0,0.0,0.0,0.0,0.0,0.0,0.0,0.0,0.0,0.0,0.0,0.0,0.0,0.0,0.0,0.0,0.0,0.0,0.0,0.0,0.0,0.0,0.0,0.0,0.0,0.0,0.0,0.0,0.0,0.0,0.0,0.0,0.0,0.0,0.0,0.0,0.0,0.0,0.0,0.0,0.0,0.0,0.0,0.0,0.0,0.0,0.0,0.0,0.0,0.0,0.0,0.0,0.0,0.0,0.0,0.0,0.0,0.0
1,0.0,0.0,0.0,0.0,0.0,0.0,0.0,0.0,0.0,0.0,0.0,0.0,0.0,0.0,0.0,0.0,0.0,0.0,0.0,0.0,0.0,0.0,0.0,0.0,0.0,0.0,0.0,0.0,0.0,0.0,0.0,0.0,0.0,0.0,0.0,0.0,0.0,0.0,0.0,0.0,0.0,0.0,0.0,0.0,0.0,0.0,0.0,0.0,0.0,0.0,0.0,0.0,0.0,0.0,0.0,0.0,0.0,0.0,0.0,0.0,0.0,0.0,0.0,-0.0,0.0,0.0,0.2732436484576267,-0.10731391684108267,-0.08633328216022003,0.4505118555824411,-0.33162530858644135,-0.15951774842868646,0.46904376398359443,-0.5012941024597983,-0.23046280556104207,0.4460767307357402,-0.6303368966833732,-0.3010406168197608,0.39222250965964256,-0.9452671474204855,-0.1598216440995862,0.4794270906814427,-1.5300274424715923,-0.2441707070998226,0.5194631553869394,-1.8833337867717144,-0.30389500828794364,0.5553390163848199,-2.154895227818252,-0.3481691457553103,0.17041168739257426,-0.9853729531502352,-0.17132118515571637,0.12265930056887706,-1.3051951829798798,-0.26046454348897136,0.07591832705342934,-1.268712541379682,-0.2885011722362343,0.04440010087530204,-1.2035784676852657,-0.30112457136797843,-0.03684179102944306,-0.9354791462774928,-0.18698917376336244,-0.07813521565045849,-1.1678939733626303,-0.26141878684527425,-0.10674958729700611,-1.125688524815755,-0.24048944650713236,-0.12408275867259258,-1.0467009188688705,-0.21713188879194817,-0.21761018898017478,-0.8428030955268548,-0.21040236426419776,-0.2558740904606908,-1.0481570575491683,-0.25547942896459375,-0.26446874518868685,-1.004986015883891,-0.2162464810057791,-0.2673867500730135,-0.9229082424275914,-0.17372576596883235
1,0.0,0.0,0.0,-0.3126375124261574,-0.16620564463503554,-0.006610438875351708,-0.5425844941630027,-0.4343913606614624,-0.035997752069395504,-0.5925953935657027,-0.6836041519247017,-0.07914990753489376,-0.5094906186830969,-0.8497368006649073,-0.12025987939910858,-0.4796515190076422,-0.9028742073655056,-0.02307165384490692,-0.5331554071555344,-1.343511973940928,-0.06552346739505249,-0.563604307927716,-1.6350891193274668,-0.10655573561736219,-0.598087208171792,-1.8673872898249433,-0.14445860993713622,-0.2915350901384885,-0.9565601346585291,-0.061540168904122165,-0.2856275293659608,-1.2213901422851845,-0.1299050909547595,-0.26730555976366344,-1.0829565818839397,-0.15301350163775887,-0.25302029318492075,-0.9052527320373694,-0.15496325052615442,-0.10389478675618802,-0.933553811212705,-0.09898008347038897,-0.10975188123105553,-1.1517607700617274,-0.14916250820620766,-0.10494736953595701,-1.0401617622573842,-0.11870423887653636,-0.09499078956008852,-0.8717016559322328,-0.08645994511856822,0.06628658079272953,-0.8630127412904468,-0.13866978014169293,0.04980843342280146,-1.0506434320446216,-0.16233357355692218,0.04369960824889101,-0.9580960523962456,-0.11923547739046604,0.05021276459334057,-0.8140724483452516,-0.07449495481567352,0.0,0.0,0.0,0.0,0.0,0.0,0.0,0.0,0.0,0.0,0.0,0.0,0.0,0.0,0.0,0.0,0.0,0.0,0.0,0.0,0.0,0.0,0.0,0.0,0.0,0.0,0.0,0.0,0.0,0.0,0.0,0.0,0.0,0.0,0.0,0.0,0.0,0.0,0.0,0.0,0.0,0.0,0.0,0.0,0.0,0.0,0.0,0.0,0.0,0.0,0.0,0.0,0.0,0.0,0.0,0.0,0.0,0.0,0.0,0.0,0.0,0.0,0.0
1,0.0,0.0,0.0,0.0,0.0,0.0,0.0,0.0,0.0,0.0,0.0,0.0,0.0,0.0,0.0,0.0,0.0,0.0,0.0,0.0,0.0,0.0,0.0,0.0,0.0,0.0,0.0,0.0,0.0,0.0,0.0,0.0,0.0,0.0,0.0,0.0,0.0,0.0,0.0,0.0,0.0,0.0,0.0,0.0,0.0,0.0,0.0,0.0,0.0,0.0,0.0,0.0,0.0,0.0,0.0,0.0,0.0,0.0,0.0,0.0,0.0,0.0,0.0,-0.0,0.0,0.0,0.3126375124261574,-0.16620564463503554,-0.006610438875351708,0.5425844941630027,-0.4343913606614624,-0.035997752069395504,0.5925953935657027,-0.6836041519247017,-0.07914990753489376,0.5094906186830969,-0.8497368006649073,-0.12025987939910858,0.4796515190076422,-0.9028742073655056,-0.02307165384490692,0.5331554071555344,-1.343511973940928,-0.06552346739505249,0.563604307927716,-1.6350891193274668,-0.10655573561736219,0.598087208171792,-1.8673872898249433,-0.14445860993713622,0.2915350901384885,-0.9565601346585291,-0.061540168904122165,0.2856275293659608,-1.2213901422851845,-0.1299050909547595,0.26730555976366344,-1.0829565818839397,-0.15301350163775887,0.25302029318492075,-0.9052527320373694,-0.15496325052615442,0.10389478675618802,-0.933553811212705,-0.09898008347038897,0.10975188123105553,-1.1517607700617274,-0.14916250820620766,0.10494736953595701,-1.0401617622573842,-0.11870423887653636,0.09499078956008852,-0.8717016559322328,-0.08645994511856822,-0.06628658079272953,-0.8630127412904468,-0.13866978014169293,-0.04980843342280146,-1.0506434320446216,-0.16233357355692218,-0.04369960824889101,-0.9580960523962456,-0.11923547739046604,-0.05021276459334057,-0.8140724483452516,-0.07449495481567352
1,0.0,0.0,0.0,-0.3211132435129771,-0.1420416382404799,-0.017101111069281066,-0.5813497175855118,-0.4027089978582646,-0.050494090464129435,-0.6292469173814129,-0.6655669521511044,-0.0950803775781234,-0.538707949591878,-0.8468634483432136,-0.1364670491697478,-0.4724148677837927,-0.9098965162141543,-0.04761609479536715,-0.5332801012147024,-1.3764467261787343,-0.08810896435786081,-0.5693594387044134,-1.662485823951556,-0.12173278816981802,-0.6062618860634876,-1.8786793725482909,-0.15506210272489498,-0.2769842656417439,-0.9608744541233802,-0.08252514601396216,-0.27448687546992606,-1.2196639384596595,-0.1543190628946704,-0.25834768634957933,-1.0787297571343226,-0.169229959297319,-0.2501792562482741,-0.9097883271517797,-0.1690168938780099,-0.08989295125570143,-0.9364103193129327,-0.11600033652742107,-0.10120790590307224,-1.1566536308237427,-0.16534883257664987,-0.09439667173409198,-1.0423183696404936,-0.12260215899632769,-0.08873342640564019,-0.8794691998274037,-0.0871497899841693,0.07648561390632444,-0.868170457950187,-0.1536242424151025,0.062225547203648875,-1.0585473525647708,-0.17339258803439012,0.05720301808032638,-0.9576449950222955,-0.12306192353841468,0.060225140793863215,-0.8191028208627747,-0.07643716800345292,0.0,0.0,0.0,0.0,0.0,0.0,0.0,0.0,0.0,0.0,0.0,0.0,0.0,0.0,0.0,0.0,0.0,0.0,0.0,0.0,0.0,0.0,0.0,0.0,0.0,0.0,0.0,0.0,0.0,0.0,0.0,0.0,0.0,0.0,0.0,0.0,0.0,0.0,0.0,0.0,0.0,0.0,0.0,0.0,0.0,0.0,0.0,0.0,0.0,0.0,0.0,0.0,0.0,0.0,0.0,0.0,0.0,0.0,0.0,0.0,0.0,0.0,0.0
1,0.0,0.0,0.0,0.0,0.0,0.0,0.0,0.0,0.0,0.0,0.0,0.0,0.0,0.0,0.0,0.0,0.0,0.0,0.0,0.0,0.0,0.0,0.0,0.0,0.0,0.0,0.0,0.0,0.0,0.0,0.0,0.0,0.0,0.0,0.0,0.0,0.0,0.0,0.0,0.0,0.0,0.0,0.0,0.0,0.0,0.0,0.0,0.0,0.0,0.0,0.0,0.0,0.0,0.0,0.0,0.0,0.0,0.0,0.0,0.0,0.0,0.0,0.0,-0.0,0.0,0.0,0.3211132435129771,-0.1420416382404799,-0.017101111069281066,0.5813497175855118,-0.4027089978582646,-0.050494090464129435,0.6292469173814129,-0.6655669521511044,-0.0950803775781234,0.538707949591878,-0.8468634483432136,-0.1364670491697478,0.4724148677837927,-0.9098965162141543,-0.04761609479536715,0.5332801012147024,-1.3764467261787343,-0.08810896435786081,0.5693594387044134,-1.662485823951556,-0.12173278816981802,0.6062618860634876,-1.8786793725482909,-0.15506210272489498,0.2769842656417439,-0.9608744541233802,-0.08252514601396216,0.27448687546992606,-1.2196639384596595,-0.1543190628946704,0.25834768634957933,-1.0787297571343226,-0.169229959297319,0.2501792562482741,-0.9097883271517797,-0.1690168938780099,0.08989295125570143,-0.9364103193129327,-0.11600033652742107,0.10120790590307224,-1.1566536308237427,-0.16534883257664987,0.09439667173409198,-1.0423183696404936,-0.12260215899632769,0.08873342640564019,-0.8794691998274037,-0.0871497899841693,-0.07648561390632444,-0.868170457950187,-0.1536242424151025,-0.062225547203648875,-1.0585473525647708,-0.17339258803439012,-0.05720301808032638,-0.9576449950222955,-0.12306192353841468,-0.060225140793863215,-0.8191028208627747,-0.07643716800345292
1,0.0,0.0,0.0,0.0,0.0,0.0,0.0,0.0,0.0,0.0,0.0,0.0,0.0,0.0,0.0,0.0,0.0,0.0,0.0,0.0,0.0,0.0,0.0,0.0,0.0,0.0,0.0,0.0,0.0,0.0,0.0,0.0,0.0,0.0,0.0,0.0,0.0,0.0,0.0,0.0,0.0,0.0,0.0,0.0,0.0,0.0,0.0,0.0,0.0,0.0,0.0,0.0,0.0,0.0,0.0,0.0,0.0,0.0,0.0,0.0,0.0,0.0,0.0,0.0,0.0,0.0,-0.2822420392331881,-0.15900950112477225,-0.052235229885538706,-0.5079751357430473,-0.3901232729694451,-0.1062946772180305,-0.5474759661237326,-0.6282693619903815,-0.17635950454267804,-0.44778882081670374,-0.7912810936674803,-0.24939493203487537,-0.41538594784001953,-0.9680040356931309,-0.05661859540603892,-0.45567142205412214,-1.4023372176035387,-0.1566789840392781,-0.46150307006468766,-1.704845373260729,-0.23975083274152975,-0.4747380848721994,-1.9404053588647863,-0.3016974111709062,-0.21131534204330008,-0.9774179383544805,-0.09745239153989474,-0.25490592327996187,-1.052586939151846,-0.27582575984722224,-0.2573516295430693,-0.7509974427930372,-0.3223914996005823,-0.2520912946257744,-0.4976942350736653,-0.31234362553829254,-0.02231281519164998,-0.924502190319892,-0.14867535863196873,-0.0708814175883469,-0.9536124157616894,-0.2871895533361796,-0.10691729483633446,-0.6885556567080474,-0.24919455460355872,-0.12362364446535164,-0.4751428662765805,-0.18691312744298674,0.15341579893975507,-0.8162110090502189,-0.20839157480925846,0.1013248082110902,-0.8163389467163183,-0.2888614608382186,0.037070926394625704,-0.5943546365461327,-0.24655920202275491,0.0037475707799006805,-0.43724444756654207,-0.18845639453343258
1,-0.0,0.0,0.0,0.2822420392331881,-0.15900950112477225,-0.052235229885538706,0.5079751357430473,-0.3901232729694451,-0.1062946772180305,0.5474759661237326,-0.6282693619903815,-0.17635950454267804,0.44778882081670374,-0.7912810936674803,-0.24939493203487537,0.41538594784001953,-0.9680040356931309,-0.05661859540603892,0.45567142205412214,-1.4023372176035387,-0.1566789840392781,0.46150307006468766,-1.704845373260729,-0.23975083274152975,0.4747380848721994,-1.9404053588647863,-0.3016974111709062,0.21131534204330008,-0.9774179383544805,-0.09745239153989474,0.25490592327996187,-1.052586939151846,-0.27582575984722224,0.2573516295430693,-0.7509974427930372,-0.3223914996005823,0.2520912946257744,-0.4976942350736653,-0.31234362553829254,0.02231281519164998,-0.924502190319892,-0.14867535863196873,0.0708814175883469,-0.9536124157616894,-0.2871895533361796,0.10691729483633446,-0.6885556567080474,-0.24919455460355872,0.12362364446535164,-0.4751428662765805,-0.18691312744298674,-0.15341579893975507,-0.8162110090502189,-0.20839157480925846,-0.1013248082110902,-0.8163389467163183,-0.2888614608382186,-0.037070926394625704,-0.5943546365461327,-0.24655920202275491,-0.0037475707799006805,-0.43724444756654207,-0.18845639453343258,0.0,0.0,0.0,0.0,0.0,0.0,0.0,0.0,0.0,0.0,0.0,0.0,0.0,0.0,0.0,0.0,0.0,0.0,0.0,0.0,0.0,0.0,0.0,0.0,0.0,0.0,0.0,0.0,0.0,0.0,0.0,0.0,0.0,0.0,0.0,0.0,0.0,0.0,0.0,0.0,0.0,0.0,0.0,0.0,0.0,0.0,0.0,0.0,0.0,0.0,0.0,0.0,0.0,0.0,0.0,0.0,0.0,0.0,0.0,0.0,0.0,0.0,0.0
1,0.0,0.0,0.0,0.0,0.0,0.0,0.0,0.0,0.0,0.0,0.0,0.0,0.0,0.0,0.0,0.0,0.0,0.0,0.0,0.0,0.0,0.0,0.0,0.0,0.0,0.0,0.0,0.0,0.0,0.0,0.0,0.0,0.0,0.0,0.0,0.0,0.0,0.0,0.0,0.0,0.0,0.0,0.0,0.0,0.0,0.0,0.0,0.0,0.0,0.0,0.0,0.0,0.0,0.0,0.0,0.0,0.0,0.0,0.0,0.0,0.0,0.0,0.0,0.0,0.0,0.0,-0.2675743504870978,-0.09786626747666499,-0.07312410765795187,-0.473124566678165,-0.3208460059467401,-0.14370281197466372,-0.47971446303886,-0.5251508551239762,-0.22602424673741728,-0.3779070377460906,-0.6675895745221101,-0.31033210259982186,-0.37844950474273065,-0.9559388628094652,-0.1276852273934894,-0.4144657312767914,-1.414707178542693,-0.23668598476539385,-0.4248618517210746,-1.7219854383143742,-0.3120270653194231,-0.42804258434043396,-1.9619974869397285,-0.3675850051580217,-0.17320027121935724,-0.9848866259877536,-0.16079955336667298,-0.21162132346543983,-0.875593641842075,-0.34414091420459864,-0.22238961208984656,-0.578045788959203,-0.38651132046651104,-0.21050724742869154,-0.36608295717187167,-0.3782194984109852,0.011606729500019498,-0.9131893064195149,-0.20085618382971676,-0.049840179841276346,-0.7565562869117587,-0.34076168935948215,-0.08407661678311495,-0.5026616973293,-0.2971278161426784,-0.09396032296308447,-0.3289620650525992,-0.23647349069843912,0.17592960572791422,-0.7838620780783927,-0.2523017184014669,0.10943171241510471,-0.6494152605384258,-0.3351021375583578,0.042552544033587894,-0.4282131867199033,-0.291973089532048,0.01202625350077867,-0.28927545885632483,-0.23304438666564192
1,-0.0,0.0,0.0,0.2675743504870978,-0.09786626747666499,-0.07312410765795187,0.473124566678165,-0.3208460059467401,-0.14370281197466372,0.47971446303886,-0.5251508551239762,-0.22602424673741728,0.3779070377460906,-0.6675895745221101,-0.31033210259982186,0.37844950474273065,-0.9559388628094652,-0.1276852273934894,0.4144657312767914,-1.414707178542693,-0.23668598476539385,0.4248618517210746,-1.7219854383143742,-0.3120270653194231,0.42804258434043396,-1.9619974869397285,-0.3675850051580217,0.17320027121935724,-0.9848866259877536,-0.16079955336667298,0.21162132346543983,-0.875593641842075,-0.34414091420459864,0.22238961208984656,-0.578045788959203,-0.38651132046651104,0.21050724742869154,-0.36608295717187167,-0.3782194984109852,-0.011606729500019498,-0.9131893064195149,-0.20085618382971676,0.049840179841276346,-0.7565562869117587,-0.34076168935948215,0.08407661678311495,-0.5026616973293,-0.2971278161426784,0.09396032296308447,-0.3289620650525992,-0.23647349069843912,-0.17592960572791422,-0.7838620780783927,-0.2523017184014669,-0.10943171241510471,-0.6494152605384258,-0.3351021375583578,-0.042552544033587894,-0.4282131867199033,-0.291973089532048,-0.01202625350077867,-0.28927545885632483,-0.23304438666564192,0.0,0.0,0.0,0.0,0.0,0.0,0.0,0.0,0.0,0.0,0.0,0.0,0.0,0.0,0.0,0.0,0.0,0.0,0.0,0.0,0.0,0.0,0.0,0.0,0.0,0.0,0.0,0.0,0.0,0.0,0.0,0.0,0.0,0.0,0.0,0.0,0.0,0.0,0.0,0.0,0.0,0.0,0.0,0.0,0.0,0.0,0.0,0.0,0.0,0.0,0.0,0.0,0.0,0.0,0.0,0.0,0.0,0.0,0.0,0.0,0.0,0.0,0.0
1,0.0,0.0,0.0,0.0,0.0,0.0,0.0,0.0,0.0,0.0,0.0,0.0,0.0,0.0,0.0,0.0,0.0,0.0,0.0,0.0,0.0,0.0,0.0,0.0,0.0,0.0,0.0,0.0,0.0,0.0,0.0,0.0,0.0,0.0,0.0,0.0,0.0,0.0,0.0,0.0,0.0,0.0,0.0,0.0,0.0,0.0,0.0,0.0,0.0,0.0,0.0,0.0,0.0,0.0,0.0,0.0,0.0,0.0,0.0,0.0,0.0,0.0,0.0,0.0,0.0,0.0,-0.23687150353393163,-0.11286520065225857,-0.07394575615199409,-0.4284065099665815,-0.3603153188585168,-0.13965641758064612,-0.42241350109189296,-0.5972854057379802,-0.21578561138813682,-0.30428889375782153,-0.7377811793787253,-0.29427073992157765,-0.32354905980467535,-0.9872648381268976,-0.12239303610425382,-0.362176856626395,-1.4484158211141422,-0.23348616966568353,-0.3746196734813439,-1.7581596599913853,-0.31092962305146205,-0.3860569698164775,-2.002527198361761,-0.3708548640437433,-0.11674873316482624,-0.9931614840016744,-0.157450304385757,-0.1834029165875727,-0.952019367799772,-0.34147058807299396,-0.2196809956510785,-0.6675785876090025,-0.38389254849607296,-0.22930752612151326,-0.4732116043494566,-0.3760178707198842,0.065766045174713,-0.8987269282726064,-0.20055885118320635,-0.03857214015817623,-0.7493642784095778,-0.34741286205026356,-0.08773828938497834,-0.49360947549204126,-0.30577201921633007,-0.10113970345563802,-0.3452880197017905,-0.24516132052536865,0.22578724215239127,-0.7492070779396759,-0.25480417053611104,0.11669958951510172,-0.5992582568329452,-0.34380165492799913,0.051020581888696,-0.3835028322381746,-0.30294640738021156,0.03234717917770964,-0.27128774878347656,-0.24634224834917048
1,-0.0,0.0,0.0,0.23687150353393163,-0.11286520065225857,-0.07394575615199409,0.4284065099665815,-0.3603153188585168,-0.13965641758064612,0.42241350109189296,-0.5972854057379802,-0.21578561138813682,0.30428889375782153,-0.7377811793787253,-0.29427073992157765,0.32354905980467535,-0.9872648381268976,-0.12239303610425382,0.362176856626395,-1.4484158211141422,-0.23348616966568353,0.3746196734813439,-1.7581596599913853,-0.31092962305146205,0.3860569698164775,-2.002527198361761,-0.3708548640437433,0.11674873316482624,-0.9931614840016744,-0.157450304385757,0.1834029165875727,-0.952019367799772,-0.34147058807299396,0.2196809956510785,-0.6675785876090025,-0.38389254849607296,0.22930752612151326,-0.4732116043494566,-0.3760178707198842,-0.065766045174713,-0.8987269282726064,-0.20055885118320635,0.03857214015817623,-0.7493642784095778,-0.34741286205026356,0.08773828938497834,-0.49360947549204126,-0.30577201921633007,0.10113970345563802,-0.3452880197017905,-0.24516132052536865,-0.22578724215239127,-0.7492070779396759,-0.25480417053611104,-0.11669958951510172,-0.5992582568329452,-0.34380165492799913,-0.051020581888696,-0.3835028322381746,-0.30294640738021156,-0.03234717917770964,-0.27128774878347656,-0.24634224834917048,0.0,0.0,0.0,0.0,0.0,0.0,0.0,0.0,0.0,0.0,0.0,0.0,0.0,0.0,0.0,0.0,0.0,0.0,0.0,0.0,0.0,0.0,0.0,0.0,0.0,0.0,0.0,0.0,0.0,0.0,0.0,0.0,0.0,0.0,0.0,0.0,0.0,0.0,0.0,0.0,0.0,0.0,0.0,0.0,0.0,0.0,0.0,0.0,0.0,0.0,0.0,0.0,0.0,0.0,0.0,0.0,0.0,0.0,0.0,0.0,0.0,0.0,0.0
1,0.0,0.0,0.0,0.0,0.0,0.0,0.0,0.0,0.0,0.0,0.0,0.0,0.0,0.0,0.0,0.0,0.0,0.0,0.0,0.0,0.0,0.0,0.0,0.0,0.0,0.0,0.0,0.0,0.0,0.0,0.0,0.0,0.0,0.0,0.0,0.0,0.0,0.0,0.0,0.0,0.0,0.0,0.0,0.0,0.0,0.0,0.0,0.0,0.0,0.0,0.0,0.0,0.0,0.0,0.0,0.0,0.0,0.0,0.0,0.0,0.0,0.0,0.0,0.0,0.0,0.0,-0.2149940801325686,-0.11279882570901276,-0.09329831071260532,-0.3886684647504046,-0.36866425985888573,-0.16907820712338162,-0.3918606178102516,-0.6022599176287066,-0.2510320395668627,-0.2812265587563033,-0.7633929466181179,-0.3280831569311337,-0.29877565164248077,-0.9778995976647703,-0.12386018468862654,-0.32414308512284246,-1.4257040179121359,-0.2537561873292835,-0.3250682951998232,-1.710015204572586,-0.33304851501399946,-0.3170863353317229,-1.9617328284114406,-0.3897012085844359,-0.10063504247043793,-0.9949234082214434,-0.1511695427104736,-0.20195281481979824,-0.9762228086933551,-0.33460173234601953,-0.24314043543027158,-0.7283751304136714,-0.3755010991350736,-0.2369851688641735,-0.6300483129055202,-0.3621312237801381,0.07168361999931701,-0.9052178040899618,-0.19070802710401902,-0.0759613108236619,-0.6750388130022852,-0.3426710906904845,-0.11084856076761537,-0.42962718295671537,-0.2955033090528673,-0.08208859890536863,-0.38180344986702586,-0.22553090253272154,0.2205121504315969,-0.7565535786787645,-0.2442518516079744,0.06434255943298534,-0.5749279556658853,-0.32936159537355536,0.022462059885526072,-0.36834579887478414,-0.2799648954334519,0.04446960654912592,-0.3249574784577241,-0.21526782185908858
1,-0.0,0.0,0.0,0.2149940801325686,-0.11279882570901276,-0.09329831071260532,0.3886684647504046,-0.36866425985888573,-0.16907820712338162,0.3918606178102516,-0.6022599176287066,-0.2510320395668627,0.2812265587563033,-0.7633929466181179,-0.3280831569311337,0.29877565164248077,-0.9778995976647703,-0.12386018468862654,0.32414308512284246,-1.4257040179121359,-0.2537561873292835,0.3250682951998232,-1.710015204572586,-0.33304851501399946,0.3170863353317229,-1.9617328284114406,-0.3897012085844359,0.10063504247043793,-0.9949234082214434,-0.1511695427104736,0.20195281481979824,-0.9762228086933551,-0.33460173234601953,0.24314043543027158,-0.7283751304136714,-0.3755010991350736,0.2369851688641735,-0.6300483129055202,-0.3621312237801381,-0.07168361999931701,-0.9052178040899618,-0.19070802710401902,0.0759613108236619,-0.6750388130022852,-0.3426710906904845,0.11084856076761537,-0.42962718295671537,-0.2955033090528673,0.08208859890536863,-0.38180344986702586,-0.22553090253272154,-0.2205121504315969,-0.7565535786787645,-0.2442518516079744,-0.06434255943298534,-0.5749279556658853,-0.32936159537355536,-0.022462059885526072,-0.36834579887478414,-0.2799648954334519,-0.04446960654912592,-0.3249574784577241,-0.21526782185908858,0.0,0.0,0.0,0.0,0.0,0.0,0.0,0.0,0.0,0.0,0.0,0.0,0.0,0.0,0.0,0.0,0.0,0.0,0.0,0.0,0.0,0.0,0.0,0.0,0.0,0.0,0.0,0.0,0.0,0.0,0.0,0.0,0.0,0.0,0.0,0.0,0.0,0.0,0.0,0.0,0.0,0.0,0.0,0.0,0.0,0.0,0.0,0.0,0.0,0.0,0.0,0.0,0.0,0.0,0.0,0.0,0.0,0.0,0.0,0.0,0.0,0.0,0.0
1,0.0,0.0,0.0,0.0,0.0,0.0,0.0,0.0,0.0,0.0,0.0,0.0,0.0,0.0,0.0,0.0,0.0,0.0,0.0,0.0,0.0,0.0,0.0,0.0,0.0,0.0,0.0,0.0,0.0,0.0,0.0,0.0,0.0,0.0,0.0,0.0,0.0,0.0,0.0,0.0,0.0,0.0,0.0,0.0,0.0,0.0,0.0,0.0,0.0,0.0,0.0,0.0,0.0,0.0,0.0,0.0,0.0,0.0,0.0,0.0,0.0,0.0,0.0,0.0,0.0,0.0,-0.229125026807287,-0.11960646497053114,-0.11793874231327124,-0.3916420867941177,-0.3733134804085955,-0.21122657031721243,-0.3966878103207505,-0.6282968520815562,-0.30832430771109787,-0.30114864782732653,-0.8379524030366314,-0.3968380928049101,-0.29920930603854995,-0.9860219936982172,-0.1385096615278429,-0.34371834504957705,-1.4415376408168221,-0.28737524547167986,-0.3470259123708065,-1.7172652089217415,-0.36767027235366606,-0.3293711959068272,-1.962164902903396,-0.4207337877959286,-0.10180235866957549,-0.9948046440227906,-0.1602294495850691,-0.22870493604308897,-1.0447248391817403,-0.37091384466717614,-0.26288467648121205,-0.7629093626108441,-0.40898743256913306,-0.2403047297532706,-0.6538836781924335,-0.3839241524106518,0.06535205627492721,-0.9080489496815147,-0.1988033605439158,-0.1084106780822453,-0.7341749907741847,-0.3733009811292433,-0.13496281334044588,-0.4633647472666721,-0.3196218119039855,-0.09809814497462241,-0.4186268528393282,-0.23962488317297306,0.2050577243301798,-0.7620089344511127,-0.2534557616211267,0.026417738926760206,-0.5633130908244302,-0.3479364678140853,0.006095814132532067,-0.36464832464558566,-0.30254202822501175,0.0498305067349255,-0.35752395603328774,-0.23962002732174834
1,-0.0,0.0,0.0,0.229125026807287,-0.11960646497053114,-0.11793874231327124,0.3916420867941177,-0.3733134804085955,-0.21122657031721243,0.3966878103207505,-0.6282968520815562,-0.30832430771109787,0.30114864782732653,-0.8379524030366314,-0.3968380928049101,0.29920930603854995,-0.9860219936982172,-0.1385096615278429,0.34371834504957705,-1.4415376408168221,-0.28737524547167986,0.3470259123708065,-1.7172652089217415,-0.36767027235366606,0.3293711959068272,-1.962164902903396,-0.4207337877959286,0.10180235866957549,-0.9948046440227906,-0.1602294495850691,0.22870493604308897,-1.0447248391817403,-0.37091384466717614,0.26288467648121205,-0.7629093626108441,-0.40898743256913306,0.2403047297532706,-0.6538836781924335,-0.3839241524106518,-0.06535205627492721,-0.9080489496815147,-0.1988033605439158,0.1084106780822453,-0.7341749907741847,-0.3733009811292433,0.13496281334044588,-0.4633647472666721,-0.3196218119039855,0.09809814497462241,-0.4186268528393282,-0.23962488317297306,-0.2050577243301798,-0.7620089344511127,-0.2534557616211267,-0.026417738926760206,-0.5633130908244302,-0.3479364678140853,-0.006095814132532067,-0.36464832464558566,-0.30254202822501175,-0.0498305067349255,-0.35752395603328774,-0.23962002732174834,0.0,0.0,0.0,0.0,0.0,0.0,0.0,0.0,0.0,0.0,0.0,0.0,0.0,0.0,0.0,0.0,0.0,0.0,0.0,0.0,0.0,0.0,0.0,0.0,0.0,0.0,0.0,0.0,0.0,0.0,0.0,0.0,0.0,0.0,0.0,0.0,0.0,0.0,0.0,0.0,0.0,0.0,0.0,0.0,0.0,0.0,0.0,0.0,0.0,0.0,0.0,0.0,0.0,0.0,0.0,0.0,0.0,0.0,0.0,0.0,0.0,0.0,0.0
1,0.0,0.0,0.0,0.0,0.0,0.0,0.0,0.0,0.0,0.0,0.0,0.0,0.0,0.0,0.0,0.0,0.0,0.0,0.0,0.0,0.0,0.0,0.0,0.0,0.0,0.0,0.0,0.0,0.0,0.0,0.0,0.0,0.0,0.0,0.0,0.0,0.0,0.0,0.0,0.0,0.0,0.0,0.0,0.0,0.0,0.0,0.0,0.0,0.0,0.0,0.0,0.0,0.0,0.0,0.0,0.0,0.0,0.0,0.0,0.0,0.0,0.0,0.0,0.0,0.0,0.0,-0.22830739750536616,-0.12061157732362429,-0.10936051810132481,-0.392601988893157,-0.37441539454810013,-0.1975291203809649,-0.39392599136731754,-0.6225872952889088,-0.2914138949237181,-0.29373934805144475,-0.8201236464342645,-0.3782361387383257,-0.30102373005790656,-0.9841970970633128,-0.13670828961389597,-0.3366757075464665,-1.4373490226775056,-0.2806846264327841,-0.33956001100443534,-1.7077540959068243,-0.3605498178416726,-0.32460269428750316,-1.9538258361248868,-0.4147017626415491,-0.10413564343787324,-0.9945631039636349,-0.16132581353749223,-0.2222949132043281,-1.0207908851639225,-0.36377259929083794,-0.2523061773002133,-0.74521728955004,-0.4027850298545307,-0.22601776509630475,-0.6365960345407085,-0.3829324024462484,0.06280559952762213,-0.9056434063675145,-0.20107523898755422,-0.10621333800838458,-0.7277339065773369,-0.36940255338711114,-0.12990544402152387,-0.4669439902302846,-0.3190622754259217,-0.09143480154989729,-0.4264083748719421,-0.24455626248720228,0.20241471086973375,-0.7636420771236079,-0.25604759705517693,0.031009780936768015,-0.5755200426610237,-0.34579395034101235,0.004400078548493003,-0.3777365660410879,-0.30009698546237346,0.04098845316663656,-0.36177545433786845,-0.23916678543235542
1,-0.0,0.0,0.0,0.22830739750536616,-0.12061157732362429,-0.10936051810132481,0.392601988893157,-0.37441539454810013,-0.1975291203809649,0.39392599136731754,-0.6225872952889088,-0.2914138949237181,0.29373934805144475,-0.8201236464342645,-0.3782361387383257,0.30102373005790656,-0.9841970970633128,-0.13670828961389597,0.3366757075464665,-1.4373490226775056,-0.2806846264327841,0.33956001100443534,-1.7077540959068243,-0.3605498178416726,0.32460269428750316,-1.9538258361248868,-0.4147017626415491,0.10413564343787324,-0.9945631039636349,-0.16132581353749223,0.2222949132043281,-1.0207908851639225,-0.36377259929083794,0.2523061773002133,-0.74521728955004,-0.4027850298545307,0.22601776509630475,-0.6365960345407085,-0.3829324024462484,-0.06280559952762213,-0.9056434063675145,-0.20107523898755422,0.10621333800838458,-0.7277339065773369,-0.36940255338711114,0.12990544402152387,-0.4669439902302846,-0.3190622754259217,0.09143480154989729,-0.4264083748719421,-0.24455626248720228,-0.20241471086973375,-0.7636420771236079,-0.25604759705517693,-0.031009780936768015,-0.5755200426610237,-0.34579395034101235,-0.004400078548493003,-0.3777365660410879,-0.30009698546237346,-0.04098845316663656,-0.36177545433786845,-0.23916678543235542,0.0,0.0,0.0,0.0,0.0,0.0,0.0,0.0,0.0,0.0,0.0,0.0,0.0,0.0,0.0,0.0,0.0,0.0,0.0,0.0,0.0,0.0,0.0,0.0,0.0,0.0,0.0,0.0,0.0,0.0,0.0,0.0,0.0,0.0,0.0,0.0,0.0,0.0,0.0,0.0,0.0,0.0,0.0,0.0,0.0,0.0,0.0,0.0,0.0,0.0,0.0,0.0,0.0,0.0,0.0,0.0,0.0,0.0,0.0,0.0,0.0,0.0,0.0
1,0.0,0.0,0.0,0.0,0.0,0.0,0.0,0.0,0.0,0.0,0.0,0.0,0.0,0.0,0.0,0.0,0.0,0.0,0.0,0.0,0.0,0.0,0.0,0.0,0.0,0.0,0.0,0.0,0.0,0.0,0.0,0.0,0.0,0.0,0.0,0.0,0.0,0.0,0.0,0.0,0.0,0.0,0.0,0.0,0.0,0.0,0.0,0.0,0.0,0.0,0.0,0.0,0.0,0.0,0.0,0.0,0.0,0.0,0.0,0.0,0.0,0.0,0.0,0.0,0.0,0.0,-0.23289125360280793,-0.12911956882783915,-0.11157777825609598,-0.3891729521704762,-0.3841920670420456,-0.1991433942308612,-0.39413436970291704,-0.6259857851613089,-0.29254984282208196,-0.2871896010409074,-0.8030173901276422,-0.3787753162018793,-0.29035060159250636,-0.9882686168986812,-0.12972683900415063,-0.3225270470221553,-1.4285709946579794,-0.2763086652194556,-0.32569677442712897,-1.6941619021150702,-0.35639859007488756,-0.31056629030535715,-1.9366332268340583,-0.41033145018069045,-0.09535953515888893,-0.9954428959283805,-0.15309083237518117,-0.2248225392318432,-1.0203539002753852,-0.3590510835933069,-0.2610158881402251,-0.7259874692784073,-0.39341400857116615,-0.23363692965885538,-0.6136828015329397,-0.36763129226649105,0.06767661366151428,-0.9063613248279679,-0.1934066125584886,-0.1014159714009306,-0.7262323582100296,-0.36137705853622976,-0.127771068592524,-0.46171042316169825,-0.3065521797562498,-0.08781040421192554,-0.4269815745088737,-0.22791586337206712,0.19909282177900905,-0.7615895403058326,-0.2501062376146884,0.03376862626304223,-0.5589678475406604,-0.3366127995852028,0.01228928918153495,-0.36942086076074604,-0.2912580671337024,0.05700461179923524,-0.37096511103021984,-0.23076293215592159
1,-0.0,0.0,0.0,0.23289125360280793,-0.12911956882783915,-0.11157777825609598,0.3891729521704762,-0.3841920670420456,-0.1991433942308612,0.39413436970291704,-0.6259857851613089,-0.29254984282208196,0.2871896010409074,-0.8030173901276422,-0.3787753162018793,0.29035060159250636,-0.9882686168986812,-0.12972683900415063,0.3225270470221553,-1.4285709946579794,-0.2763086652194556,0.32569677442712897,-1.6941619021150702,-0.35639859007488756,0.31056629030535715,-1.9366332268340583,-0.41033145018069045,0.09535953515888893,-0.9954428959283805,-0.15309083237518117,0.2248225392318432,-1.0203539002753852,-0.3590510835933069,0.2610158881402251,-0.7259874692784073,-0.39341400857116615,0.23363692965885538,-0.6136828015329397,-0.36763129226649105,-0.06767661366151428,-0.9063613248279679,-0.1934066125584886,0.1014159714009306,-0.7262323582100296,-0.36137705853622976,0.127771068592524,-0.46171042316169825,-0.3065521797562498,0.08781040421192554,-0.4269815745088737,-0.22791586337206712,-0.19909282177900905,-0.7615895403058326,-0.2501062376146884,-0.03376862626304223,-0.5589678475406604,-0.3366127995852028,-0.01228928918153495,-0.36942086076074604,-0.2912580671337024,-0.05700461179923524,-0.37096511103021984,-0.23076293215592159,0.0,0.0,0.0,0.0,0.0,0.0,0.0,0.0,0.0,0.0,0.0,0.0,0.0,0.0,0.0,0.0,0.0,0.0,0.0,0.0,0.0,0.0,0.0,0.0,0.0,0.0,0.0,0.0,0.0,0.0,0.0,0.0,0.0,0.0,0.0,0.0,0.0,0.0,0.0,0.0,0.0,0.0,0.0,0.0,0.0,0.0,0.0,0.0,0.0,0.0,0.0,0.0,0.0,0.0,0.0,0.0,0.0,0.0,0.0,0.0,0.0,0.0,0.0
1,0.0,0.0,0.0,0.0,0.0,0.0,0.0,0.0,0.0,0.0,0.0,0.0,0.0,0.0,0.0,0.0,0.0,0.0,0.0,0.0,0.0,0.0,0.0,0.0,0.0,0.0,0.0,0.0,0.0,0.0,0.0,0.0,0.0,0.0,0.0,0.0,0.0,0.0,0.0,0.0,0.0,0.0,0.0,0.0,0.0,0.0,0.0,0.0,0.0,0.0,0.0,0.0,0.0,0.0,0.0,0.0,0.0,0.0,0.0,0.0,0.0,0.0,0.0,0.0,0.0,0.0,-0.23312696281926312,-0.1245194341844768,-0.11215688234986623,-0.39640851700517865,-0.3774788269421901,-0.20301721823532082,-0.40495440042041236,-0.6234285351383302,-0.3003070579840861,-0.2943672786834608,-0.808735698618714,-0.38969297281208937,-0.2943470015074621,-0.9843376649414324,-0.13416209618480915,-0.33007876514648354,-1.4301822073937591,-0.2844026887848084,-0.3326470722584774,-1.7014381015986086,-0.36575286015041164,-0.3145691587686071,-1.9487604394286866,-0.42078849534018414,-0.10133532223461683,-0.9948523269649654,-0.15898776381528956,-0.23948561485010503,-1.0012655921898304,-0.3683981191453205,-0.2651957222047082,-0.7022091489660863,-0.40052257317417533,-0.22472842688295316,-0.5979533726629651,-0.3736894144268848,0.06230743604642198,-0.9065957832495023,-0.20112679401460978,-0.10973466925796672,-0.7259583182204431,-0.37250306444978826,-0.13399725660861025,-0.45819983133184733,-0.3129762713433597,-0.08914576547359218,-0.42943652199653504,-0.23175484314770145,0.19792254093738088,-0.763053383992443,-0.25999699526455416,0.03018298201756713,-0.5586905415955321,-0.3502463629395216,0.009082011948639052,-0.36526574865700695,-0.30362095685755164,0.056543040453514944,-0.3679585576296327,-0.24206288074780785
1,-0.0,0.0,0.0,0.23312696281926312,-0.1245194341844768,-0.11215688234986623,0.39640851700517865,-0.3774788269421901,-0.20301721823532082,0.40495440042041236,-0.6234285351383302,-0.3003070579840861,0.2943672786834608,-0.808735698618714,-0.38969297281208937,0.2943470015074621,-0.9843376649414324,-0.13416209618480915,0.33007876514648354,-1.4301822073937591,-0.2844026887848084,0.3326470722584774,-1.7014381015986086,-0.36575286015041164,0.3145691587686071,-1.9487604394286866,-0.42078849534018414,0.10133532223461683,-0.9948523269649654,-0.15898776381528956,0.23948561485010503,-1.0012655921898304,-0.3683981191453205,0.2651957222047082,-0.7022091489660863,-0.40052257317417533,0.22472842688295316,-0.5979533726629651,-0.3736894144268848,-0.06230743604642198,-0.9065957832495023,-0.20112679401460978,0.10973466925796672,-0.7259583182204431,-0.37250306444978826,0.13399725660861025,-0.45819983133184733,-0.3129762713433597,0.08914576547359218,-0.42943652199653504,-0.23175484314770145,-0.19792254093738088,-0.763053383992443,-0.25999699526455416,-0.03018298201756713,-0.5586905415955321,-0.3502463629395216,-0.009082011948639052,-0.36526574865700695,-0.30362095685755164,-0.056543040453514944,-0.3679585576296327,-0.24206288074780785,0.0,0.0,0.0,0.0,0.0,0.0,0.0,0.0,0.0,0.0,0.0,0.0,0.0,0.0,0.0,0.0,0.0,0.0,0.0,0.0,0.0,0.0,0.0,0.0,0.0,0.0,0.0,0.0,0.0,0.0,0.0,0.0,0.0,0.0,0.0,0.0,0.0,0.0,0.0,0.0,0.0,0.0,0.0,0.0,0.0,0.0,0.0,0.0,0.0,0.0,0.0,0.0,0.0,0.0,0.0,0.0,0.0,0.0,0.0,0.0,0.0,0.0,0.0
1,0.0,0.0,0.0,0.0,0.0,0.0,0.0,0.0,0.0,0.0,0.0,0.0,0.0,0.0,0.0,0.0,0.0,0.0,0.0,0.0,0.0,0.0,0.0,0.0,0.0,0.0,0.0,0.0,0.0,0.0,0.0,0.0,0.0,0.0,0.0,0.0,0.0,0.0,0.0,0.0,0.0,0.0,0.0,0.0,0.0,0.0,0.0,0.0,0.0,0.0,0.0,0.0,0.0,0.0,0.0,0.0,0.0,0.0,0.0,0.0,0.0,0.0,0.0,0.0,0.0,0.0,-0.2282168607251338,-0.12411360012580858,-0.11517974186296369,-0.3874228652309103,-0.3737182776932111,-0.20787968172877036,-0.39673943156866803,-0.6118676883780743,-0.30634182382033986,-0.2911672765452254,-0.8014735326793152,-0.39703067182309554,-0.2952123483565126,-0.9863181143323949,-0.1367741262096367,-0.33065230002703305,-1.4371326587332305,-0.28654315682169207,-0.3385498726995115,-1.7087146312127535,-0.36820713479241834,-0.32869386428314895,-1.9551609558732084,-0.4227056602964615,-0.09994729821284223,-0.9949927324256962,-0.16045874718659647,-0.22106387769537228,-1.0271831845457546,-0.3720735983998156,-0.25605255881780953,-0.7367815938990151,-0.41082931350109797,-0.23025400173092514,-0.6251926785443411,-0.38621099726180014,0.06528371580110086,-0.9071151971608684,-0.20069373579936986,-0.10423091999320912,-0.7267124592064227,-0.373880168148645,-0.1291020532207124,-0.45782012410503214,-0.32056658281839334,-0.08869190483047278,-0.4234186221014973,-0.2411870183129041,0.20176242645568912,-0.7641001632605341,-0.2570998665656487,0.03219694327567964,-0.5625514040107099,-0.34556412453999935,0.010213562905164439,-0.36793384664025575,-0.2980871699724903,0.054910849118399094,-0.36836523802424903,-0.23502141781176447
1,-0.0,0.0,0.0,0.2282168607251338,-0.12411360012580858,-0.11517974186296369,0.3874228652309103,-0.3737182776932111,-0.20787968172877036,0.39673943156866803,-0.6118676883780743,-0.30634182382033986,0.2911672765452254,-0.8014735326793152,-0.39703067182309554,0.2952123483565126,-0.9863181143323949,-0.1367741262096367,0.33065230002703305,-1.4371326587332305,-0.28654315682169207,0.3385498726995115,-1.7087146312127535,-0.36820713479241834,0.32869386428314895,-1.9551609558732084,-0.4227056602964615,0.09994729821284223,-0.9949927324256962,-0.16045874718659647,0.22106387769537228,-1.0271831845457546,-0.3720735983998156,0.25605255881780953,-0.7367815938990151,-0.41082931350109797,0.23025400173092514,-0.6251926785443411,-0.38621099726180014,-0.06528371580110086,-0.9071151971608684,-0.20069373579936986,0.10423091999320912,-0.7267124592064227,-0.373880168148645,0.1291020532207124,-0.45782012410503214,-0.32056658281839334,0.08869190483047278,-0.4234186221014973,-0.2411870183129041,-0.20176242645568912,-0.7641001632605341,-0.2570998665656487,-0.03219694327567964,-0.5625514040107099,-0.34556412453999935,-0.010213562905164439,-0.36793384664025575,-0.2980871699724903,-0.054910849118399094,-0.36836523802424903,-0.23502141781176447,0.0,0.0,0.0,0.0,0.0,0.0,0.0,0.0,0.0,0.0,0.0,0.0,0.0,0.0,0.0,0.0,0.0,0.0,0.0,0.0,0.0,0.0,0.0,0.0,0.0,0.0,0.0,0.0,0.0,0.0,0.0,0.0,0.0,0.0,0.0,0.0,0.0,0.0,0.0,0.0,0.0,0.0,0.0,0.0,0.0,0.0,0.0,0.0,0.0,0.0,0.0,0.0,0.0,0.0,0.0,0.0,0.0,0.0,0.0,0.0,0.0,0.0,0.0
1,0.0,0.0,0.0,0.0,0.0,0.0,0.0,0.0,0.0,0.0,0.0,0.0,0.0,0.0,0.0,0.0,0.0,0.0,0.0,0.0,0.0,0.0,0.0,0.0,0.0,0.0,0.0,0.0,0.0,0.0,0.0,0.0,0.0,0.0,0.0,0.0,0.0,0.0,0.0,0.0,0.0,0.0,0.0,0.0,0.0,0.0,0.0,0.0,0.0,0.0,0.0,0.0,0.0,0.0,0.0,0.0,0.0,0.0,0.0,0.0,0.0,0.0,0.0,0.0,0.0,0.0,-0.22817380962244918,-0.12316145001723616,-0.10569355856009578,-0.38582798702024146,-0.3902117745293307,-0.18520235611897284,-0.3819447265923227,-0.6505456613731027,-0.2707387773183951,-0.27209950593425763,-0.8363794056846958,-0.3487944333677665,-0.2901416484177422,-0.9847627870806569,-0.11554249970836236,-0.3223593751521815,-1.4234316712869033,-0.2523251288457411,-0.3243229606713698,-1.6848758500386647,-0.3256731734707867,-0.3083694007822421,-1.9287107964358117,-0.3759317967588126,-0.09386714625635041,-0.9955847321316699,-0.13995964455745635,-0.20988275054962038,-1.025161626262926,-0.3399006826920835,-0.24051646262459647,-0.728339638470121,-0.3735388031839807,-0.2109630054449346,-0.6061374871267536,-0.34770774678027633,0.06927316354619836,-0.9095778545375334,-0.18055192277482918,-0.09275483392149945,-0.7258262274543401,-0.34680367310729016,-0.12456012418593225,-0.457543711946942,-0.2958706313328755,-0.08956686972420565,-0.41565083444811135,-0.21990306960803604,0.20206477615637516,-0.7711444019591358,-0.2364571677079815,0.0376464790163275,-0.5766713123875111,-0.3218795863217402,0.007874815735617118,-0.37386409670707466,-0.27731467746160565,0.045336493041673906,-0.3569663239979778,-0.21819609513715638
1,-0.0,0.0,0.0,0.22817380962244918,-0.12316145001723616,-0.10569355856009578,0.38582798702024146,-0.3902117745293307,-0.18520235611897284,0.3819447265923227,-0.6505456613731027,-0.2707387773183951,0.27209950593425763,-0.8363794056846958,-0.3487944333677665,0.2901416484177422,-0.9847627870806569,-0.11554249970836236,0.3223593751521815,-1.4234316712869033,-0.2523251288457411,0.3243229606713698,-1.6848758500386647,-0.3256731734707867,0.3083694007822421,-1.9287107964358117,-0.3759317967588126,0.09386714625635041,-0.9955847321316699,-0.13995964455745635,0.20988275054962038,-1.025161626262926,-0.3399006826920835,0.24051646262459647,-0.728339638470121,-0.3735388031839807,0.2109630054449346,-0.6061374871267536,-0.34770774678027633,-0.06927316354619836,-0.9095778545375334,-0.18055192277482918,0.09275483392149945,-0.7258262274543401,-0.34680367310729016,0.12456012418593225,-0.457543711946942,-0.2958706313328755,0.08956686972420565,-0.41565083444811135,-0.21990306960803604,-0.20206477615637516,-0.7711444019591358,-0.2364571677079815,-0.0376464790163275,-0.5766713123875111,-0.3218795863217402,-0.007874815735617118,-0.37386409670707466,-0.27731467746160565,-0.045336493041673906,-0.3569663239979778,-0.21819609513715638,0.0,0.0,0.0,0.0,0.0,0.0,0.0,0.0,0.0,0.0,0.0,0.0,0.0,0.0,0.0,0.0,0.0,0.0,0.0,0.0,0.0,0.0,0.0,0.0,0.0,0.0,0.0,0.0,0.0,0.0,0.0,0.0,0.0,0.0,0.0,0.0,0.0,0.0,0.0,0.0,0.0,0.0,0.0,0.0,0.0,0.0,0.0,0.0,0.0,0.0,0.0,0.0,0.0,0.0,0.0,0.0,0.0,0.0,0.0,0.0,0.0,0.0,0.0
1,0.0,0.0,0.0,0.0,0.0,0.0,0.0,0.0,0.0,0.0,0.0,0.0,0.0,0.0,0.0,0.0,0.0,0.0,0.0,0.0,0.0,0.0,0.0,0.0,0.0,0.0,0.0,0.0,0.0,0.0,0.0,0.0,0.0,0.0,0.0,0.0,0.0,0.0,0.0,0.0,0.0,0.0,0.0,0.0,0.0,0.0,0.0,0.0,0.0,0.0,0.0,0.0,0.0,0.0,0.0,0.0,0.0,0.0,0.0,0.0,0.0,0.0,0.0,0.0,0.0,0.0,-0.22653320789077108,-0.11609357770067687,-0.1109437034375603,-0.39419519431715466,-0.37764286414814113,-0.19652139396319615,-0.38760960280142076,-0.6348336627944059,-0.28691599224511305,-0.27294127413605146,-0.8236108853793335,-0.3693513108136701,-0.298782869716462,-0.9859908518322366,-0.1264867441511674,-0.32924117977777584,-1.42543195713879,-0.2674736188202418,-0.3374314270324649,-1.688985001502427,-0.34308330321871205,-0.3289546968802406,-1.9261317315206676,-0.3949873052301228,-0.10359648798072904,-0.9946194084563496,-0.1501875002897234,-0.21709698310720754,-1.0298393644125157,-0.35132046390683425,-0.2511731706286647,-0.7332807592690834,-0.38379331386217763,-0.22274308917934893,-0.6215618930353466,-0.35778806205360925,0.05951327303606991,-0.9058386424243223,-0.19044749010505857,-0.10214771463009767,-0.7363232373842952,-0.3589749921990488,-0.1345479974805557,-0.4606974873570402,-0.30372715748129564,-0.09655460586604209,-0.42504219637016927,-0.22555842640737853,0.19288748830029662,-0.7621540171875453,-0.24625742414176646,0.024375246591893582,-0.5677425858853528,-0.33636636760908695,-0.0041056690100759,-0.3644251732748837,-0.2906682895357775,0.03793741996770871,-0.3596865109064973,-0.23033654946274854
1,-0.0,0.0,0.0,0.22653320789077108,-0.11609357770067687,-0.1109437034375603,0.39419519431715466,-0.37764286414814113,-0.19652139396319615,0.38760960280142076,-0.6348336627944059,-0.28691599224511305,0.27294127413605146,-0.8236108853793335,-0.3693513108136701,0.298782869716462,-0.9859908518322366,-0.1264867441511674,0.32924117977777584,-1.42543195713879,-0.2674736188202418,0.3374314270324649,-1.688985001502427,-0.34308330321871205,0.3289546968802406,-1.9261317315206676,-0.3949873052301228,0.10359648798072904,-0.9946194084563496,-0.1501875002897234,0.21709698310720754,-1.0298393644125157,-0.35132046390683425,0.2511731706286647,-0.7332807592690834,-0.38379331386217763,0.22274308917934893,-0.6215618930353466,-0.35778806205360925,-0.05951327303606991,-0.9058386424243223,-0.19044749010505857,0.10214771463009767,-0.7363232373842952,-0.3589749921990488,0.1345479974805557,-0.4606974873570402,-0.30372715748129564,0.09655460586604209,-0.42504219637016927,-0.22555842640737853,-0.19288748830029662,-0.7621540171875453,-0.24625742414176646,-0.024375246591893582,-0.5677425858853528,-0.33636636760908695,0.0041056690100759,-0.3644251732748837,-0.2906682895357775,-0.03793741996770871,-0.3596865109064973,-0.23033654946274854,0.0,0.0,0.0,0.0,0.0,0.0,0.0,0.0,0.0,0.0,0.0,0.0,0.0,0.0,0.0,0.0,0.0,0.0,0.0,0.0,0.0,0.0,0.0,0.0,0.0,0.0,0.0,0.0,0.0,0.0,0.0,0.0,0.0,0.0,0.0,0.0,0.0,0.0,0.0,0.0,0.0,0.0,0.0,0.0,0.0,0.0,0.0,0.0,0.0,0.0,0.0,0.0,0.0,0.0,0.0,0.0,0.0,0.0,0.0,0.0,0.0,0.0,0.0
1,0.0,0.0,0.0,0.0,0.0,0.0,0.0,0.0,0.0,0.0,0.0,0.0,0.0,0.0,0.0,0.0,0.0,0.0,0.0,0.0,0.0,0.0,0.0,0.0,0.0,0.0,0.0,0.0,0.0,0.0,0.0,0.0,0.0,0.0,0.0,0.0,0.0,0.0,0.0,0.0,0.0,0.0,0.0,0.0,0.0,0.0,0.0,0.0,0.0,0.0,0.0,0.0,0.0,0.0,0.0,0.0,0.0,0.0,0.0,0.0,0.0,0.0,0.0,0.0,0.0,0.0,-0.22527288011192548,-0.11791194874738875,-0.10536151480211002,-0.3900766209473313,-0.3831381010025105,-0.18802120760011037,-0.38383135954609926,-0.6436951434790419,-0.27700298165717013,-0.2693072061484891,-0.8303848137601785,-0.35904089133948897,-0.29217448757148673,-0.9844398101650862,-0.1207771857188495,-0.325907315350809,-1.4197576204657187,-0.26079287050546673,-0.33254398459124235,-1.6880144185329882,-0.3380167132847356,-0.3217843152692985,-1.9265824869086716,-0.39163328183956714,-0.09609129889992579,-0.9953725243725211,-0.14709835134111185,-0.21960164757480113,-1.0134385183179562,-0.344616696469944,-0.24836810062804865,-0.7174678332819074,-0.3754705118841283,-0.21301353340745965,-0.6070786838588778,-0.35032009674299164,0.06705995094792182,-0.9049136139512461,-0.18974567136788695,-0.10264218751123022,-0.7298477584178846,-0.35539575410232377,-0.13131287917032441,-0.45737017574690597,-0.2976564552163878,-0.08888464705147575,-0.4190896258717228,-0.21937508968893926,0.1994396929742359,-0.7592200708831556,-0.2478317849790215,0.02631711936617136,-0.5690276915792565,-0.33743739056890887,2.859354304295942e-05,-0.3673334247111238,-0.2902293835673813,0.04467417399975131,-0.3570910017928109,-0.22936870157645736
1,-0.0,0.0,0.0,0.22527288011192548,-0.11791194874738875,-0.10536151480211002,0.3900766209473313,-0.3831381010025105,-0.18802120760011037,0.38383135954609926,-0.6436951434790419,-0.27700298165717013,0.2693072061484891,-0.8303848137601785,-0.35904089133948897,0.29217448757148673,-0.9844398101650862,-0.1207771857188495,0.325907315350809,-1.4197576204657187,-0.26079287050546673,0.33254398459124235,-1.6880144185329882,-0.3380167132847356,0.3217843152692985,-1.9265824869086716,-0.39163328183956714,0.09609129889992579,-0.9953725243725211,-0.14709835134111185,0.21960164757480113,-1.0134385183179562,-0.344616696469944,0.24836810062804865,-0.7174678332819074,-0.3754705118841283,0.21301353340745965,-0.6070786838588778,-0.35032009674299164,-0.06705995094792182,-0.9049136139512461,-0.18974567136788695,0.10264218751123022,-0.7298477584178846,-0.35539575410232377,0.13131287917032441,-0.45737017574690597,-0.2976564552163878,0.08888464705147575,-0.4190896258717228,-0.21937508968893926,-0.1994396929742359,-0.7592200708831556,-0.2478317849790215,-0.02631711936617136,-0.5690276915792565,-0.33743739056890887,-2.859354304295942e-05,-0.3673334247111238,-0.2902293835673813,-0.04467417399975131,-0.3570910017928109,-0.22936870157645736,0.0,0.0,0.0,0.0,0.0,0.0,0.0,0.0,0.0,0.0,0.0,0.0,0.0,0.0,0.0,0.0,0.0,0.0,0.0,0.0,0.0,0.0,0.0,0.0,0.0,0.0,0.0,0.0,0.0,0.0,0.0,0.0,0.0,0.0,0.0,0.0,0.0,0.0,0.0,0.0,0.0,0.0,0.0,0.0,0.0,0.0,0.0,0.0,0.0,0.0,0.0,0.0,0.0,0.0,0.0,0.0,0.0,0.0,0.0,0.0,0.0,0.0,0.0
1,0.0,0.0,0.0,0.0,0.0,0.0,0.0,0.0,0.0,0.0,0.0,0.0,0.0,0.0,0.0,0.0,0.0,0.0,0.0,0.0,0.0,0.0,0.0,0.0,0.0,0.0,0.0,0.0,0.0,0.0,0.0,0.0,0.0,0.0,0.0,0.0,0.0,0.0,0.0,0.0,0.0,0.0,0.0,0.0,0.0,0.0,0.0,0.0,0.0,0.0,0.0,0.0,0.0,0.0,0.0,0.0,0.0,0.0,0.0,0.0,0.0,0.0,0.0,0.0,0.0,0.0,-0.22919531434424456,-0.11937300068516829,-0.11100834115329271,-0.39500609429403366,-0.37263207208531923,-0.19815948006013986,-0.3965045819406719,-0.6148647718856236,-0.2908893805680228,-0.2806512627016066,-0.794676231388229,-0.37634257280678834,-0.30579355081187787,-0.9791017841027746,-0.13402099361861133,-0.33290355408639866,-1.419646565073446,-0.278857569906358,-0.33852681900601617,-1.687344053586233,-0.3586930622611502,-0.32721025115721003,-1.9305206377248274,-0.41351276926714464,-0.10884531057207426,-0.9940586996583596,-0.15677678914911955,-0.23017774673431413,-1.0067906868168708,-0.35711394946395913,-0.26355140122526755,-0.7161212740950578,-0.39041790527678316,-0.23453639123692718,-0.6082822848465502,-0.3660860085156291,0.056264139153966615,-0.9051375740183535,-0.19561123666539465,-0.11046785779380561,-0.7100423549154978,-0.3601620959386471,-0.13783453137084387,-0.444443020573158,-0.3048248406177404,-0.09746793452891181,-0.40980433846747005,-0.22760491501573077,0.19001990659532858,-0.7595937037567704,-0.2506026623474718,0.024060228008912506,-0.5494658303205378,-0.3369991959942206,-0.0003263011143585521,-0.35627168168677775,-0.29101252394822325,0.04196444073470614,-0.35291067162282336,-0.23069390002942985
1,-0.0,0.0,0.0,0.22919531434424456,-0.11937300068516829,-0.11100834115329271,0.39500609429403366,-0.37263207208531923,-0.19815948006013986,0.3965045819406719,-0.6148647718856236,-0.2908893805680228,0.2806512627016066,-0.794676231388229,-0.37634257280678834,0.30579355081187787,-0.9791017841027746,-0.13402099361861133,0.33290355408639866,-1.419646565073446,-0.278857569906358,0.33852681900601617,-1.687344053586233,-0.3586930622611502,0.32721025115721003,-1.9305206377248274,-0.41351276926714464,0.10884531057207426,-0.9940586996583596,-0.15677678914911955,0.23017774673431413,-1.0067906868168708,-0.35711394946395913,0.26355140122526755,-0.7161212740950578,-0.39041790527678316,0.23453639123692718,-0.6082822848465502,-0.3660860085156291,-0.056264139153966615,-0.9051375740183535,-0.19561123666539465,0.11046785779380561,-0.7100423549154978,-0.3601620959386471,0.13783453137084387,-0.444443020573158,-0.3048248406177404,0.09746793452891181,-0.40980433846747005,-0.22760491501573077,-0.19001990659532858,-0.7595937037567704,-0.2506026623474718,-0.024060228008912506,-0.5494658303205378,-0.3369991959942206,0.0003263011143585521,-0.35627168168677775,-0.29101252394822325,-0.04196444073470614,-0.35291067162282336,-0.23069390002942985,0.0,0.0,0.0,0.0,0.0,0.0,0.0,0.0,0.0,0.0,0.0,0.0,0.0,0.0,0.0,0.0,0.0,0.0,0.0,0.0,0.0,0.0,0.0,0.0,0.0,0.0,0.0,0.0,0.0,0.0,0.0,0.0,0.0,0.0,0.0,0.0,0.0,0.0,0.0,0.0,0.0,0.0,0.0,0.0,0.0,0.0,0.0,0.0,0.0,0.0,0.0,0.0,0.0,0.0,0.0,0.0,0.0,0.0,0.0,0.0,0.0,0.0,0.0
1,0.0,0.0,0.0,0.0,0.0,0.0,0.0,0.0,0.0,0.0,0.0,0.0,0.0,0.0,0.0,0.0,0.0,0.0,0.0,0.0,0.0,0.0,0.0,0.0,0.0,0.0,0.0,0.0,0.0,0.0,0.0,0.0,0.0,0.0,0.0,0.0,0.0,0.0,0.0,0.0,0.0,0.0,0.0,0.0,0.0,0.0,0.0,0.0,0.0,0.0,0.0,0.0,0.0,0.0,0.0,0.0,0.0,0.0,0.0,0.0,0.0,0.0,0.0,0.0,0.0,0.0,-0.22327536074365034,-0.12137188875644306,-0.1045086561273482,-0.3908243944536189,-0.37915499071784053,-0.1867758425743483,-0.3960319658305337,-0.6299430518113601,-0.27575975893053906,-0.2793261211378747,-0.8141259368750048,-0.357866741311167,-0.30176435097669285,-0.9801459207186609,-0.12054918051766433,-0.34336454357503654,-1.4160629295826845,-0.26294120297369483,-0.3540496449398718,-1.6845787647711972,-0.34288813071527996,-0.34883496232718003,-1.9253257609476087,-0.3981962701242838,-0.1095559667288067,-0.9939806286614024,-0.14690820865108592,-0.23409061114063043,-1.0241150940505614,-0.3468713619702132,-0.26484791344444575,-0.7418645107429651,-0.3834858403304582,-0.24003318911351396,-0.6303528200012266,-0.3615406673533662,0.05229468616137494,-0.9060022980681383,-0.18941776729619453,-0.12136249655824703,-0.7231093643395873,-0.3554566361669376,-0.1444278568880396,-0.458168333958741,-0.3040114407888279,-0.10430653298278966,-0.4193069063543575,-0.22880022709550238,0.18493426091932652,-0.7617824112830106,-0.2472297661135631,0.010516846842866466,-0.5645776459433602,-0.33638893082502214,-0.011146392470519875,-0.3710022943351729,-0.2928914471039519,0.0316036735355369,-0.3647325995165479,-0.23422672054929694
1,-0.0,0.0,0.0,0.22327536074365034,-0.12137188875644306,-0.1045086561273482,0.3908243944536189,-0.37915499071784053,-0.1867758425743483,0.3960319658305337,-0.6299430518113601,-0.27575975893053906,0.2793261211378747,-0.8141259368750048,-0.357866741311167,0.30176435097669285,-0.9801459207186609,-0.12054918051766433,0.34336454357503654,-1.4160629295826845,-0.26294120297369483,0.3540496449398718,-1.6845787647711972,-0.34288813071527996,0.34883496232718003,-1.9253257609476087,-0.3981962701242838,0.1095559667288067,-0.9939806286614024,-0.14690820865108592,0.23409061114063043,-1.0241150940505614,-0.3468713619702132,0.26484791344444575,-0.7418645107429651,-0.3834858403304582,0.24003318911351396,-0.6303528200012266,-0.3615406673533662,-0.05229468616137494,-0.9060022980681383,-0.18941776729619453,0.12136249655824703,-0.7231093643395873,-0.3554566361669376,0.1444278568880396,-0.458168333958741,-0.3040114407888279,0.10430653298278966,-0.4193069063543575,-0.22880022709550238,-0.18493426091932652,-0.7617824112830106,-0.2472297661135631,-0.010516846842866466,-0.5645776459433602,-0.33638893082502214,0.011146392470519875,-0.3710022943351729,-0.2928914471039519,-0.0316036735355369,-0.3647325995165479,-0.23422672054929694,0.0,0.0,0.0,0.0,0.0,0.0,0.0,0.0,0.0,0.0,0.0,0.0,0.0,0.0,0.0,0.0,0.0,0.0,0.0,0.0,0.0,0.0,0.0,0.0,0.0,0.0,0.0,0.0,0.0,0.0,0.0,0.0,0.0,0.0,0.0,0.0,0.0,0.0,0.0,0.0,0.0,0.0,0.0,0.0,0.0,0.0,0.0,0.0,0.0,0.0,0.0,0.0,0.0,0.0,0.0,0.0,0.0,0.0,0.0,0.0,0.0,0.0,0.0
1,0.0,0.0,0.0,0.0,0.0,0.0,0.0,0.0,0.0,0.0,0.0,0.0,0.0,0.0,0.0,0.0,0.0,0.0,0.0,0.0,0.0,0.0,0.0,0.0,0.0,0.0,0.0,0.0,0.0,0.0,0.0,0.0,0.0,0.0,0.0,0.0,0.0,0.0,0.0,0.0,0.0,0.0,0.0,0.0,0.0,0.0,0.0,0.0,0.0,0.0,0.0,0.0,0.0,0.0,0.0,0.0,0.0,0.0,0.0,0.0,0.0,0.0,0.0,0.0,0.0,0.0,-0.2236381115860863,-0.11909715869002813,-0.10739227126099365,-0.3870319991980332,-0.38072895572319104,-0.19201657941446748,-0.38533896348781427,-0.6331891673308563,-0.2829755619542944,-0.272269200265458,-0.8137621544389694,-0.36709471722005493,-0.30029516319263283,-0.9817659152874735,-0.12594011815635653,-0.335831424458655,-1.4215843060665267,-0.269235605200591,-0.3448113073901469,-1.6889309898701155,-0.3468328061961613,-0.33774710411805253,-1.9266498850650375,-0.3991082265506148,-0.10585394681991492,-0.9943816882579076,-0.15068451274633896,-0.22234341347920134,-1.0192266005371813,-0.35287234282178687,-0.25220810601203947,-0.7260786444333456,-0.38554910914959,-0.22370160883322363,-0.6152880557046349,-0.3586462537811568,0.0564138063518061,-0.9079288409997677,-0.19155842726980205,-0.10865293776046443,-0.7199560030949678,-0.3588020036495323,-0.1334736349878636,-0.4484242856871514,-0.30299414533886676,-0.09398292122268476,-0.4115711291833594,-0.22366437419769078,0.18755095788992135,-0.765965408824737,-0.2478838991302913,0.020284410842926908,-0.5614679504647098,-0.3346611776355236,-0.001576130820891961,-0.3636258645842973,-0.2868129414040416,0.0414876483764216,-0.3600213195847259,-0.22443930630569656
1,-0.0,0.0,0.0,0.2236381115860863,-0.11909715869002813,-0.10739227126099365,0.3870319991980332,-0.38072895572319104,-0.19201657941446748,0.38533896348781427,-0.6331891673308563,-0.2829755619542944,0.272269200265458,-0.8137621544389694,-0.36709471722005493,0.30029516319263283,-0.9817659152874735,-0.12594011815635653,0.335831424458655,-1.4215843060665267,-0.269235605200591,0.3448113073901469,-1.6889309898701155,-0.3468328061961613,0.33774710411805253,-1.9266498850650375,-0.3991082265506148,0.10585394681991492,-0.9943816882579076,-0.15068451274633896,0.22234341347920134,-1.0192266005371813,-0.35287234282178687,0.25220810601203947,-0.7260786444333456,-0.38554910914959,0.22370160883322363,-0.6152880557046349,-0.3586462537811568,-0.0564138063518061,-0.9079288409997677,-0.19155842726980205,0.10865293776046443,-0.7199560030949678,-0.3588020036495323,0.1334736349878636,-0.4484242856871514,-0.30299414533886676,0.09398292122268476,-0.4115711291833594,-0.22366437419769078,-0.18755095788992135,-0.765965408824737,-0.2478838991302913,-0.020284410842926908,-0.5614679504647098,-0.3346611776355236,0.001576130820891961,-0.3636258645842973,-0.2868129414040416,-0.0414876483764216,-0.3600213195847259,-0.22443930630569656,0.0,0.0,0.0,0.0,0.0,0.0,0.0,0.0,0.0,0.0,0.0,0.0,0.0,0.0,0.0,0.0,0.0,0.0,0.0,0.0,0.0,0.0,0.0,0.0,0.0,0.0,0.0,0.0,0.0,0.0,0.0,0.0,0.0,0.0,0.0,0.0,0.0,0.0,0.0,0.0,0.0,0.0,0.0,0.0,0.0,0.0,0.0,0.0,0.0,0.0,0.0,0.0,0.0,0.0,0.0,0.0,0.0,0.0,0.0,0.0,0.0,0.0,0.0
1,0.0,0.0,0.0,0.0,0.0,0.0,0.0,0.0,0.0,0.0,0.0,0.0,0.0,0.0,0.0,0.0,0.0,0.0,0.0,0.0,0.0,0.0,0.0,0.0,0.0,0.0,0.0,0.0,0.0,0.0,0.0,0.0,0.0,0.0,0.0,0.0,0.0,0.0,0.0,0.0,0.0,0.0,0.0,0.0,0.0,0.0,0.0,0.0,0.0,0.0,0.0,0.0,0.0,0.0,0.0,0.0,0.0,0.0,0.0,0.0,0.0,0.0,0.0,0.0,0.0,0.0,-0.22553922638953644,-0.11954048693658575,-0.11270044292416823,-0.39388964121884873,-0.37263398368609585,-0.2005695440142073,-0.41357780305937275,-0.6240034647548105,-0.29279241435696646,-0.3019631156128548,-0.8105634069511211,-0.37666670230266347,-0.30808778733112496,-0.9804644365420575,-0.1308723680182446,-0.34609594534852434,-1.4250024065202056,-0.27342554726864143,-0.3614827110235293,-1.6877330239807642,-0.3511119444109538,-0.35822617693871794,-1.9275292091217953,-0.4043918414422178,-0.1102214029581295,-0.9939070592011818,-0.1522420899990933,-0.22712684415104603,-1.050339605070316,-0.34943175162600804,-0.2596732783568826,-0.7676004932300787,-0.38062582071924195,-0.23200853918703185,-0.6556385988028837,-0.35459971348318814,0.053910939979128436,-0.9059601116996593,-0.1901666874099995,-0.11805469494848363,-0.7347291348719632,-0.3514955804398759,-0.14726086565370955,-0.470754055207227,-0.29678046668860136,-0.10818407720531104,-0.42892581011770936,-0.2201607080274768,0.18125392808864538,-0.7601372312385793,-0.24416324746915494,0.009011986088895788,-0.5601884152661898,-0.3281458434656116,-0.017028672509339232,-0.36678453866040456,-0.2831077063025433,0.023934728743439104,-0.3566419353633293,-0.22433308324038426
1,-0.0,0.0,0.0,0.22553922638953644,-0.11954048693658575,-0.11270044292416823,0.39388964121884873,-0.37263398368609585,-0.2005695440142073,0.41357780305937275,-0.6240034647548105,-0.29279241435696646,0.3019631156128548,-0.8105634069511211,-0.37666670230266347,0.30808778733112496,-0.9804644365420575,-0.1308723680182446,0.34609594534852434,-1.4250024065202056,-0.27342554726864143,0.3614827110235293,-1.6877330239807642,-0.3511119444109538,0.35822617693871794,-1.9275292091217953,-0.4043918414422178,0.1102214029581295,-0.9939070592011818,-0.1522420899990933,0.22712684415104603,-1.050339605070316,-0.34943175162600804,0.2596732783568826,-0.7676004932300787,-0.38062582071924195,0.23200853918703185,-0.6556385988028837,-0.35459971348318814,-0.053910939979128436,-0.9059601116996593,-0.1901666874099995,0.11805469494848363,-0.7347291348719632,-0.3514955804398759,0.14726086565370955,-0.470754055207227,-0.29678046668860136,0.10818407720531104,-0.42892581011770936,-0.2201607080274768,-0.18125392808864538,-0.7601372312385793,-0.24416324746915494,-0.009011986088895788,-0.5601884152661898,-0.3281458434656116,0.017028672509339232,-0.36678453866040456,-0.2831077063025433,-0.023934728743439104,-0.3566419353633293,-0.22433308324038426,0.0,0.0,0.0,0.0,0.0,0.0,0.0,0.0,0.0,0.0,0.0,0.0,0.0,0.0,0.0,0.0,0.0,0.0,0.0,0.0,0.0,0.0,0.0,0.0,0.0,0.0,0.0,0.0,0.0,0.0,0.0,0.0,0.0,0.0,0.0,0.0,0.0,0.0,0.0,0.0,0.0,0.0,0.0,0.0,0.0,0.0,0.0,0.0,0.0,0.0,0.0,0.0,0.0,0.0,0.0,0.0,0.0,0.0,0.0,0.0,0.0,0.0,0.0
1,0.0,0.0,0.0,0.0,0.0,0.0,0.0,0.0,0.0,0.0,0.0,0.0,0.0,0.0,0.0,0.0,0.0,0.0,0.0,0.0,0.0,0.0,0.0,0.0,0.0,0.0,0.0,0.0,0.0,0.0,0.0,0.0,0.0,0.0,0.0,0.0,0.0,0.0,0.0,0.0,0.0,0.0,0.0,0.0,0.0,0.0,0.0,0.0,0.0,0.0,0.0,0.0,0.0,0.0,0.0,0.0,0.0,0.0,0.0,0.0,0.0,0.0,0.0,0.0,0.0,0.0,-0.22797504233843377,-0.11783050251170324,-0.1111057203635329,-0.3989627381591304,-0.3759936917538558,-0.1980970993601421,-0.4152701620057358,-0.6323702221985711,-0.29020860958892725,-0.3014745169646274,-0.8244131160457417,-0.3744909153255093,-0.31267429653902973,-0.9781012546973943,-0.13060302513453262,-0.35165722087941514,-1.4277104201591593,-0.2755627531770795,-0.3627658388225397,-1.692492926412532,-0.35446224093746515,-0.35398075072093405,-1.934266127755799,-0.4081320819528879,-0.11382321188170433,-0.9935010198469514,-0.15332310851067502,-0.23281343227154852,-1.050175441783072,-0.3542843188165395,-0.2615610070498665,-0.7644219391896002,-0.38661026056152414,-0.23119817917603472,-0.6504996504451599,-0.36090227113268053,0.05212480148172393,-0.9086677525895969,-0.1925311051869658,-0.12218688214291237,-0.7387872338864994,-0.3575305872357296,-0.14895810550781105,-0.4698702474217643,-0.30218759593606614,-0.10891576837759179,-0.42679173667976816,-0.22467011782350338,0.18249330356230467,-0.7670555277530697,-0.2475967563291979,0.007340148951952086,-0.5669139874290344,-0.3337079581759124,-0.016714512388673403,-0.3685369978421564,-0.2876523992364375,0.025038060614558606,-0.35675776873720727,-0.22794709188197118
1,-0.0,0.0,0.0,0.22797504233843377,-0.11783050251170324,-0.1111057203635329,0.3989627381591304,-0.3759936917538558,-0.1980970993601421,0.4152701620057358,-0.6323702221985711,-0.29020860958892725,0.3014745169646274,-0.8244131160457417,-0.3744909153255093,0.31267429653902973,-0.9781012546973943,-0.13060302513453262,0.35165722087941514,-1.4277104201591593,-0.2755627531770795,0.3627658388225397,-1.692492926412532,-0.35446224093746515,0.35398075072093405,-1.934266127755799,-0.4081320819528879,0.11382321188170433,-0.9935010198469514,-0.15332310851067502,0.23281343227154852,-1.050175441783072,-0.3542843188165395,0.2615610070498665,-0.7644219391896002,-0.38661026056152414,0.23119817917603472,-0.6504996504451599,-0.36090227113268053,-0.05212480148172393,-0.9086677525895969,-0.1925311051869658,0.12218688214291237,-0.7387872338864994,-0.3575305872357296,0.14895810550781105,-0.4698702474217643,-0.30218759593606614,0.10891576837759179,-0.42679173667976816,-0.22467011782350338,-0.18249330356230467,-0.7670555277530697,-0.2475967563291979,-0.007340148951952086,-0.5669139874290344,-0.3337079581759124,0.016714512388673403,-0.3685369978421564,-0.2876523992364375,-0.025038060614558606,-0.35675776873720727,-0.22794709188197118,0.0,0.0,0.0,0.0,0.0,0.0,0.0,0.0,0.0,0.0,0.0,0.0,0.0,0.0,0.0,0.0,0.0,0.0,0.0,0.0,0.0,0.0,0.0,0.0,0.0,0.0,0.0,0.0,0.0,0.0,0.0,0.0,0.0,0.0,0.0,0.0,0.0,0.0,0.0,0.0,0.0,0.0,0.0,0.0,0.0,0.0,0.0,0.0,0.0,0.0,0.0,0.0,0.0,0.0,0.0,0.0,0.0,0.0,0.0,0.0,0.0,0.0,0.0
1,0.0,0.0,0.0,0.0,0.0,0.0,0.0,0.0,0.0,0.0,0.0,0.0,0.0,0.0,0.0,0.0,0.0,0.0,0.0,0.0,0.0,0.0,0.0,0.0,0.0,0.0,0.0,0.0,0.0,0.0,0.0,0.0,0.0,0.0,0.0,0.0,0.0,0.0,0.0,0.0,0.0,0.0,0.0,0.0,0.0,0.0,0.0,0.0,0.0,0.0,0.0,0.0,0.0,0.0,0.0,0.0,0.0,0.0,0.0,0.0,0.0,0.0,0.0,0.0,0.0,0.0,-0.23237845849073233,-0.11815465828681193,-0.10326148059465404,-0.4008887266540861,-0.3894106046814254,-0.18198699527644327,-0.4065225382126747,-0.6497383454264203,-0.26678720270684625,-0.293923521786336,-0.8310734916877317,-0.345053743255831,-0.30222997305832533,-0.9788911630276291,-0.12218923107170877,-0.3507440248984629,-1.4307027414513875,-0.2620858342313618,-0.36357449629070104,-1.6999759332344668,-0.33781001789713816,-0.3561991238836987,-1.9443816114900319,-0.38928196745898236,-0.10699944674249176,-0.9942590801178538,-0.14757759455000583,-0.22689512019047053,-1.0412858613666232,-0.34640401224277967,-0.25725388448332653,-0.7589963916837434,-0.3790472620892409,-0.22792537771257773,-0.6447313920926837,-0.3534483912290971,0.05474307176325926,-0.9106889881637273,-0.1884499956593907,-0.11947931407861025,-0.7345116777599144,-0.35523773381706564,-0.14357277024642712,-0.46425024637273765,-0.3028024075263098,-0.10091994512501488,-0.4175094052413328,-0.22613938600500494,0.1809736284602542,-0.7699625225970201,-0.24413741330882666,0.0052189528291489845,-0.5655090632780643,-0.3341241733880952,-0.014688809311483936,-0.36101003907399404,-0.29007377501652043,0.03177509554212994,-0.3468772850670796,-0.23042630501648492
1,-0.0,0.0,0.0,0.23237845849073233,-0.11815465828681193,-0.10326148059465404,0.4008887266540861,-0.3894106046814254,-0.18198699527644327,0.4065225382126747,-0.6497383454264203,-0.26678720270684625,0.293923521786336,-0.8310734916877317,-0.345053743255831,0.30222997305832533,-0.9788911630276291,-0.12218923107170877,0.3507440248984629,-1.4307027414513875,-0.2620858342313618,0.36357449629070104,-1.6999759332344668,-0.33781001789713816,0.3561991238836987,-1.9443816114900319,-0.38928196745898236,0.10699944674249176,-0.9942590801178538,-0.14757759455000583,0.22689512019047053,-1.0412858613666232,-0.34640401224277967,0.25725388448332653,-0.7589963916837434,-0.3790472620892409,0.22792537771257773,-0.6447313920926837,-0.3534483912290971,-0.05474307176325926,-0.9106889881637273,-0.1884499956593907,0.11947931407861025,-0.7345116777599144,-0.35523773381706564,0.14357277024642712,-0.46425024637273765,-0.3028024075263098,0.10091994512501488,-0.4175094052413328,-0.22613938600500494,-0.1809736284602542,-0.7699625225970201,-0.24413741330882666,-0.0052189528291489845,-0.5655090632780643,-0.3341241733880952,0.014688809311483936,-0.36101003907399404,-0.29007377501652043,-0.03177509554212994,-0.3468772850670796,-0.23042630501648492,0.0,0.0,0.0,0.0,0.0,0.0,0.0,0.0,0.0,0.0,0.0,0.0,0.0,0.0,0.0,0.0,0.0,0.0,0.0,0.0,0.0,0.0,0.0,0.0,0.0,0.0,0.0,0.0,0.0,0.0,0.0,0.0,0.0,0.0,0.0,0.0,0.0,0.0,0.0,0.0,0.0,0.0,0.0,0.0,0.0,0.0,0.0,0.0,0.0,0.0,0.0,0.0,0.0,0.0,0.0,0.0,0.0,0.0,0.0,0.0,0.0,0.0,0.0
1,0.0,0.0,0.0,0.0,0.0,0.0,0.0,0.0,0.0,0.0,0.0,0.0,0.0,0.0,0.0,0.0,0.0,0.0,0.0,0.0,0.0,0.0,0.0,0.0,0.0,0.0,0.0,0.0,0.0,0.0,0.0,0.0,0.0,0.0,0.0,0.0,0.0,0.0,0.0,0.0,0.0,0.0,0.0,0.0,0.0,0.0,0.0,0.0,0.0,0.0,0.0,0.0,0.0,0.0,0.0,0.0,0.0,0.0,0.0,0.0,0.0,0.0,0.0,0.0,0.0,0.0,-0.23270473862501628,-0.12140743829740905,-0.10040802832686234,-0.4003813347772418,-0.3908947498755772,-0.1784977853742678,-0.40491071350683244,-0.6455641928319471,-0.2637986642265479,-0.2906997888517037,-0.8244891759808354,-0.34345356458540827,-0.2990470388700544,-0.981400862722098,-0.11824034474449414,-0.3470409439684103,-1.4251407171318806,-0.25794640694007165,-0.36117214411574045,-1.6959381145205974,-0.33509915470107055,-0.356456812468573,-1.938591877164201,-0.387800620786352,-0.1049648569578044,-0.9944759317368257,-0.145077991090518,-0.23579074266445205,-1.0169846501511342,-0.3427540694315891,-0.2630617560175203,-0.7278769983236467,-0.3747935195989795,-0.22812133853688873,-0.6128611825727291,-0.34978784033797555,0.05662632816767659,-0.9083018206982459,-0.18749904334096107,-0.11952999249016609,-0.7343717772331736,-0.3532364525666862,-0.14249667086352868,-0.4652218955477762,-0.29876680497974517,-0.09856454755968885,-0.4188911153392518,-0.22151951984130672,0.18477910675114304,-0.7659976178910121,-0.24466785860595536,0.008335305597367686,-0.5706656152013551,-0.33373671024967866,-0.01288965902537738,-0.36702518186154226,-0.2875500096192621,0.033036639654403274,-0.34979671191407635,-0.22651573201315342
1,-0.0,0.0,0.0,0.23270473862501628,-0.12140743829740905,-0.10040802832686234,0.4003813347772418,-0.3908947498755772,-0.1784977853742678,0.40491071350683244,-0.6455641928319471,-0.2637986642265479,0.2906997888517037,-0.8244891759808354,-0.34345356458540827,0.2990470388700544,-0.981400862722098,-0.11824034474449414,0.3470409439684103,-1.4251407171318806,-0.25794640694007165,0.36117214411574045,-1.6959381145205974,-0.33509915470107055,0.356456812468573,-1.938591877164201,-0.387800620786352,0.1049648569578044,-0.9944759317368257,-0.145077991090518,0.23579074266445205,-1.0169846501511342,-0.3427540694315891,0.2630617560175203,-0.7278769983236467,-0.3747935195989795,0.22812133853688873,-0.6128611825727291,-0.34978784033797555,-0.05662632816767659,-0.9083018206982459,-0.18749904334096107,0.11952999249016609,-0.7343717772331736,-0.3532364525666862,0.14249667086352868,-0.4652218955477762,-0.29876680497974517,0.09856454755968885,-0.4188911153392518,-0.22151951984130672,-0.18477910675114304,-0.7659976178910121,-0.24466785860595536,-0.008335305597367686,-0.5706656152013551,-0.33373671024967866,0.01288965902537738,-0.36702518186154226,-0.2875500096192621,-0.033036639654403274,-0.34979671191407635,-0.22651573201315342,0.0,0.0,0.0,0.0,0.0,0.0,0.0,0.0,0.0,0.0,0.0,0.0,0.0,0.0,0.0,0.0,0.0,0.0,0.0,0.0,0.0,0.0,0.0,0.0,0.0,0.0,0.0,0.0,0.0,0.0,0.0,0.0,0.0,0.0,0.0,0.0,0.0,0.0,0.0,0.0,0.0,0.0,0.0,0.0,0.0,0.0,0.0,0.0,0.0,0.0,0.0,0.0,0.0,0.0,0.0,0.0,0.0,0.0,0.0,0.0,0.0,0.0,0.0
1,0.0,0.0,0.0,0.0,0.0,0.0,0.0,0.0,0.0,0.0,0.0,0.0,0.0,0.0,0.0,0.0,0.0,0.0,0.0,0.0,0.0,0.0,0.0,0.0,0.0,0.0,0.0,0.0,0.0,0.0,0.0,0.0,0.0,0.0,0.0,0.0,0.0,0.0,0.0,0.0,0.0,0.0,0.0,0.0,0.0,0.0,0.0,0.0,0.0,0.0,0.0,0.0,0.0,0.0,0.0,0.0,0.0,0.0,0.0,0.0,0.0,0.0,0.0,0.0,0.0,0.0,-0.23149825130051432,-0.11999263355891587,-0.11328308801951568,-0.4001620459296977,-0.3839067861406676,-0.201848804751818,-0.41008769613905255,-0.6410182376586302,-0.2960878614882911,-0.29820714998785375,-0.8316111177837269,-0.3832316196216829,-0.3053954137943155,-0.9830388399043656,-0.13181859422693346,-0.35216834641117717,-1.4390104111479147,-0.28117329456539064,-0.36965555278535234,-1.7145947899132927,-0.3627991460836916,-0.36851263465528694,-1.9601637635821,-0.41760069341053296,-0.10934684812792127,-0.9940036553275292,-0.15515489681837982,-0.232858082557734,-1.0417220892246013,-0.36430666504989295,-0.2651030164841936,-0.7455739097246692,-0.3983228630365073,-0.23663163474715906,-0.6240911061595963,-0.37086852573711515,0.05394251817164515,-0.9081747711266058,-0.19563515030391196,-0.12145580871958175,-0.7268975667728452,-0.36930197258860215,-0.1435291393999886,-0.4563031442952394,-0.31449152923313306,-0.10042900548357214,-0.41080401390779453,-0.2341185180377121,0.184316442210783,-0.7660605433756473,-0.25205744497665394,0.006013579014782927,-0.5657326130108762,-0.3444648060102249,-0.0146262981025191,-0.3629435162278848,-0.29809638706292113,0.030475544508352857,-0.34824195976823863,-0.23569461481846943
1,-0.0,0.0,0.0,0.23149825130051432,-0.11999263355891587,-0.11328308801951568,0.4001620459296977,-0.3839067861406676,-0.201848804751818,0.41008769613905255,-0.6410182376586302,-0.2960878614882911,0.29820714998785375,-0.8316111177837269,-0.3832316196216829,0.3053954137943155,-0.9830388399043656,-0.13181859422693346,0.35216834641117717,-1.4390104111479147,-0.28117329456539064,0.36965555278535234,-1.7145947899132927,-0.3627991460836916,0.36851263465528694,-1.9601637635821,-0.41760069341053296,0.10934684812792127,-0.9940036553275292,-0.15515489681837982,0.232858082557734,-1.0417220892246013,-0.36430666504989295,0.2651030164841936,-0.7455739097246692,-0.3983228630365073,0.23663163474715906,-0.6240911061595963,-0.37086852573711515,-0.05394251817164515,-0.9081747711266058,-0.19563515030391196,0.12145580871958175,-0.7268975667728452,-0.36930197258860215,0.1435291393999886,-0.4563031442952394,-0.31449152923313306,0.10042900548357214,-0.41080401390779453,-0.2341185180377121,-0.184316442210783,-0.7660605433756473,-0.25205744497665394,-0.006013579014782927,-0.5657326130108762,-0.3444648060102249,0.0146262981025191,-0.3629435162278848,-0.29809638706292113,-0.030475544508352857,-0.34824195976823863,-0.23569461481846943,0.0,0.0,0.0,0.0,0.0,0.0,0.0,0.0,0.0,0.0,0.0,0.0,0.0,0.0,0.0,0.0,0.0,0.0,0.0,0.0,0.0,0.0,0.0,0.0,0.0,0.0,0.0,0.0,0.0,0.0,0.0,0.0,0.0,0.0,0.0,0.0,0.0,0.0,0.0,0.0,0.0,0.0,0.0,0.0,0.0,0.0,0.0,0.0,0.0,0.0,0.0,0.0,0.0,0.0,0.0,0.0,0.0,0.0,0.0,0.0,0.0,0.0,0.0
1,0.0,0.0,0.0,0.0,0.0,0.0,0.0,0.0,0.0,0.0,0.0,0.0,0.0,0.0,0.0,0.0,0.0,0.0,0.0,0.0,0.0,0.0,0.0,0.0,0.0,0.0,0.0,0.0,0.0,0.0,0.0,0.0,0.0,0.0,0.0,0.0,0.0,0.0,0.0,0.0,0.0,0.0,0.0,0.0,0.0,0.0,0.0,0.0,0.0,0.0,0.0,0.0,0.0,0.0,0.0,0.0,0.0,0.0,0.0,0.0,0.0,0.0,0.0,0.0,0.0,0.0,-0.2277132199885562,-0.11455511021385914,-0.10915114891731613,-0.3985087427303284,-0.37545635562966057,-0.19317121192642667,-0.4054271443669477,-0.6360213756418036,-0.28319020952753743,-0.29373988645793514,-0.8283705043518015,-0.3667264785552657,-0.30012628927295126,-0.9774429656703093,-0.126941302974375,-0.3481456952757106,-1.4144532768285099,-0.2696356529789353,-0.36206534642197535,-1.682137842908055,-0.34927283523692226,-0.3577928399846725,-1.9233959516221049,-0.40375256261888054,-0.10815608551867377,-0.9941339251656577,-0.15121062730881119,-0.24364337551540283,-1.0035047312641048,-0.350651977058398,-0.2715621687979346,-0.715676718636949,-0.3857676254243688,-0.24035309305084804,-0.605781230610691,-0.363359021349995,0.05239986979810583,-0.9071404358806037,-0.19144058766794958,-0.12633723252592344,-0.7225473182593102,-0.36320967362426854,-0.1476298072702227,-0.4460704041639697,-0.31019660200421506,-0.10491602202415423,-0.3946434933414664,-0.23223181886865832,0.18070530997851197,-0.7629443171177102,-0.24681670352373877,0.0030837670209339298,-0.5709590745274863,-0.3427684715524517,-0.02021783507541678,-0.36297573309801523,-0.2975233279558369,0.021533196119441374,-0.33855642323007806,-0.23533727135392565
1,-0.0,0.0,0.0,0.2277132199885562,-0.11455511021385914,-0.10915114891731613,0.3985087427303284,-0.37545635562966057,-0.19317121192642667,0.4054271443669477,-0.6360213756418036,-0.28319020952753743,0.29373988645793514,-0.8283705043518015,-0.3667264785552657,0.30012628927295126,-0.9774429656703093,-0.126941302974375,0.3481456952757106,-1.4144532768285099,-0.2696356529789353,0.36206534642197535,-1.682137842908055,-0.34927283523692226,0.3577928399846725,-1.9233959516221049,-0.40375256261888054,0.10815608551867377,-0.9941339251656577,-0.15121062730881119,0.24364337551540283,-1.0035047312641048,-0.350651977058398,0.2715621687979346,-0.715676718636949,-0.3857676254243688,0.24035309305084804,-0.605781230610691,-0.363359021349995,-0.05239986979810583,-0.9071404358806037,-0.19144058766794958,0.12633723252592344,-0.7225473182593102,-0.36320967362426854,0.1476298072702227,-0.4460704041639697,-0.31019660200421506,0.10491602202415423,-0.3946434933414664,-0.23223181886865832,-0.18070530997851197,-0.7629443171177102,-0.24681670352373877,-0.0030837670209339298,-0.5709590745274863,-0.3427684715524517,0.02021783507541678,-0.36297573309801523,-0.2975233279558369,-0.021533196119441374,-0.33855642323007806,-0.23533727135392565,0.0,0.0,0.0,0.0,0.0,0.0,0.0,0.0,0.0,0.0,0.0,0.0,0.0,0.0,0.0,0.0,0.0,0.0,0.0,0.0,0.0,0.0,0.0,0.0,0.0,0.0,0.0,0.0,0.0,0.0,0.0,0.0,0.0,0.0,0.0,0.0,0.0,0.0,0.0,0.0,0.0,0.0,0.0,0.0,0.0,0.0,0.0,0.0,0.0,0.0,0.0,0.0,0.0,0.0,0.0,0.0,0.0,0.0,0.0,0.0,0.0,0.0,0.0
1,0.0,0.0,0.0,0.0,0.0,0.0,0.0,0.0,0.0,0.0,0.0,0.0,0.0,0.0,0.0,0.0,0.0,0.0,0.0,0.0,0.0,0.0,0.0,0.0,0.0,0.0,0.0,0.0,0.0,0.0,0.0,0.0,0.0,0.0,0.0,0.0,0.0,0.0,0.0,0.0,0.0,0.0,0.0,0.0,0.0,0.0,0.0,0.0,0.0,0.0,0.0,0.0,0.0,0.0,0.0,0.0,0.0,0.0,0.0,0.0,0.0,0.0,0.0,0.0,0.0,0.0,-0.23146854951145845,-0.12081949534952617,-0.10600503788377234,-0.40350703388166265,-0.3899956415740766,-0.18881390317970495,-0.4123858082668119,-0.651306996451368,-0.27835384957623655,-0.29636838353069067,-0.833719265238328,-0.3613159397348692,-0.2980221871323818,-0.9795786754079066,-0.12493719956892888,-0.3450413458695717,-1.4239381566294764,-0.26813764591292655,-0.36033472454024257,-1.6915862222166025,-0.3454205598812245,-0.3530330900796609,-1.933777027404469,-0.3979354178577723,-0.10242103277225921,-0.9947411382092648,-0.14935248819701674,-0.232732065302339,-1.0233603311598325,-0.34908070384228834,-0.26347515641663843,-0.7345785085902626,-0.38013451516311114,-0.230155291156455,-0.6257013282921154,-0.35356019939357197,0.059506865473773714,-0.91147973856967,-0.18995299423258022,-0.12096844973110304,-0.7195740194266134,-0.35386825481987444,-0.14478393220351435,-0.45418951381787204,-0.297303238382244,-0.09980189545363317,-0.41700175423094377,-0.21905587895708478,0.1862946485856746,-0.7705814658943729,-0.24633639564900364,0.003964646347071831,-0.5556329138875615,-0.3317326771297792,-0.014809618569035864,-0.35874309914370506,-0.285297207752507,0.033859107452570925,-0.35291611306073445,-0.2251013257723933
1,-0.0,0.0,0.0,0.23146854951145845,-0.12081949534952617,-0.10600503788377234,0.40350703388166265,-0.3899956415740766,-0.18881390317970495,0.4123858082668119,-0.651306996451368,-0.27835384957623655,0.29636838353069067,-0.833719265238328,-0.3613159397348692,0.2980221871323818,-0.9795786754079066,-0.12493719956892888,0.3450413458695717,-1.4239381566294764,-0.26813764591292655,0.36033472454024257,-1.6915862222166025,-0.3454205598812245,0.3530330900796609,-1.933777027404469,-0.3979354178577723,0.10242103277225921,-0.9947411382092648,-0.14935248819701674,0.232732065302339,-1.0233603311598325,-0.34908070384228834,0.26347515641663843,-0.7345785085902626,-0.38013451516311114,0.230155291156455,-0.6257013282921154,-0.35356019939357197,-0.059506865473773714,-0.91147973856967,-0.18995299423258022,0.12096844973110304,-0.7195740194266134,-0.35386825481987444,0.14478393220351435,-0.45418951381787204,-0.297303238382244,0.09980189545363317,-0.41700175423094377,-0.21905587895708478,-0.1862946485856746,-0.7705814658943729,-0.24633639564900364,-0.003964646347071831,-0.5556329138875615,-0.3317326771297792,0.014809618569035864,-0.35874309914370506,-0.285297207752507,-0.033859107452570925,-0.35291611306073445,-0.2251013257723933,0.0,0.0,0.0,0.0,0.0,0.0,0.0,0.0,0.0,0.0,0.0,0.0,0.0,0.0,0.0,0.0,0.0,0.0,0.0,0.0,0.0,0.0,0.0,0.0,0.0,0.0,0.0,0.0,0.0,0.0,0.0,0.0,0.0,0.0,0.0,0.0,0.0,0.0,0.0,0.0,0.0,0.0,0.0,0.0,0.0,0.0,0.0,0.0,0.0,0.0,0.0,0.0,0.0,0.0,0.0,0.0,0.0,0.0,0.0,0.0,0.0,0.0,0.0
1,0.0,0.0,0.0,0.0,0.0,0.0,0.0,0.0,0.0,0.0,0.0,0.0,0.0,0.0,0.0,0.0,0.0,0.0,0.0,0.0,0.0,0.0,0.0,0.0,0.0,0.0,0.0,0.0,0.0,0.0,0.0,0.0,0.0,0.0,0.0,0.0,0.0,0.0,0.0,0.0,0.0,0.0,0.0,0.0,0.0,0.0,0.0,0.0,0.0,0.0,0.0,0.0,0.0,0.0,0.0,0.0,0.0,0.0,0.0,0.0,0.0,0.0,0.0,0.0,0.0,0.0,-0.23122313400088604,-0.11554252121864599,-0.10530987746641997,-0.4025575124479307,-0.3904451629988925,-0.18500788999162274,-0.4042116092205465,-0.6526542972576234,-0.2705695660713218,-0.2846833997795498,-0.8248288236859413,-0.34894214008639796,-0.30174125569038596,-0.9859358298178296,-0.12267540329130126,-0.3495392215452364,-1.4350962429882423,-0.26384887686729913,-0.3646687079138678,-1.7024593855953045,-0.34047519641236584,-0.3591285344222844,-1.9449567678756687,-0.39285467737932334,-0.10686076465529774,-0.9942739949215633,-0.1479018715405665,-0.2301126704193362,-1.0383505841733138,-0.3521355757215677,-0.26427095592464617,-0.7448525215231622,-0.3859610155287583,-0.23702352548829342,-0.6229864437431764,-0.3582921806741552,0.055167033839369814,-0.9047472693042898,-0.18903594721643976,-0.11926280618883218,-0.7158830401653105,-0.3558257043325105,-0.14418096489539184,-0.4460412085733806,-0.3027018661724645,-0.10106392097486017,-0.4023966330472613,-0.22429843647080958,0.18444529910396956,-0.7579974192545287,-0.2456578036513664,0.008908816209415955,-0.548872483235662,-0.33289854760658416,-0.013823620495513611,-0.34687945795079433,-0.28816366959429157,0.030895394726000534,-0.33616644544311686,-0.22797012671956798
1,-0.0,0.0,0.0,0.23122313400088604,-0.11554252121864599,-0.10530987746641997,0.4025575124479307,-0.3904451629988925,-0.18500788999162274,0.4042116092205465,-0.6526542972576234,-0.2705695660713218,0.2846833997795498,-0.8248288236859413,-0.34894214008639796,0.30174125569038596,-0.9859358298178296,-0.12267540329130126,0.3495392215452364,-1.4350962429882423,-0.26384887686729913,0.3646687079138678,-1.7024593855953045,-0.34047519641236584,0.3591285344222844,-1.9449567678756687,-0.39285467737932334,0.10686076465529774,-0.9942739949215633,-0.1479018715405665,0.2301126704193362,-1.0383505841733138,-0.3521355757215677,0.26427095592464617,-0.7448525215231622,-0.3859610155287583,0.23702352548829342,-0.6229864437431764,-0.3582921806741552,-0.055167033839369814,-0.9047472693042898,-0.18903594721643976,0.11926280618883218,-0.7158830401653105,-0.3558257043325105,0.14418096489539184,-0.4460412085733806,-0.3027018661724645,0.10106392097486017,-0.4023966330472613,-0.22429843647080958,-0.18444529910396956,-0.7579974192545287,-0.2456578036513664,-0.008908816209415955,-0.548872483235662,-0.33289854760658416,0.013823620495513611,-0.34687945795079433,-0.28816366959429157,-0.030895394726000534,-0.33616644544311686,-0.22797012671956798,0.0,0.0,0.0,0.0,0.0,0.0,0.0,0.0,0.0,0.0,0.0,0.0,0.0,0.0,0.0,0.0,0.0,0.0,0.0,0.0,0.0,0.0,0.0,0.0,0.0,0.0,0.0,0.0,0.0,0.0,0.0,0.0,0.0,0.0,0.0,0.0,0.0,0.0,0.0,0.0,0.0,0.0,0.0,0.0,0.0,0.0,0.0,0.0,0.0,0.0,0.0,0.0,0.0,0.0,0.0,0.0,0.0,0.0,0.0,0.0,0.0,0.0,0.0
1,0.0,0.0,0.0,0.0,0.0,0.0,0.0,0.0,0.0,0.0,0.0,0.0,0.0,0.0,0.0,0.0,0.0,0.0,0.0,0.0,0.0,0.0,0.0,0.0,0.0,0.0,0.0,0.0,0.0,0.0,0.0,0.0,0.0,0.0,0.0,0.0,0.0,0.0,0.0,0.0,0.0,0.0,0.0,0.0,0.0,0.0,0.0,0.0,0.0,0.0,0.0,0.0,0.0,0.0,0.0,0.0,0.0,0.0,0.0,0.0,0.0,0.0,0.0,0.0,0.0,0.0,-0.23277920456593967,-0.12135281011874226,-0.11233432399901448,-0.40515949971827825,-0.38025679441162397,-0.20721036722609557,-0.43002297288190994,-0.640613871667331,-0.30965788085672874,-0.306096014730904,-0.8181602335413152,-0.4051403733887265,-0.29931035765897096,-0.9781494595771663,-0.13703873269426725,-0.3501340269251569,-1.4200594984002168,-0.29062735249744676,-0.3603764868986822,-1.6993827879061738,-0.3724632789875507,-0.3488973258870872,-1.9435833304993928,-0.4270459890237021,-0.10655750779151432,-0.9943065410291041,-0.1629237537910601,-0.2635801276675127,-0.9540877164442938,-0.37181652959146727,-0.28899189395192443,-0.6541441766024624,-0.3975828888340699,-0.2509528455087146,-0.566754099578722,-0.3674266646681436,0.052907893951434956,-0.9092925375594398,-0.20671126806862655,-0.13324766780954245,-0.7026435806149401,-0.3816664972630629,-0.150428339111493,-0.4355344738384624,-0.3153116495932493,-0.10457430245711456,-0.4121332523609401,-0.22940899365747908,0.17956428833844587,-0.7681836778302213,-0.2674797900631175,0.0007261363893253027,-0.5560383933364008,-0.3611395428770595,-0.01948648241172827,-0.3531991918833348,-0.3099048588163322,0.025831427187127977,-0.3476060826014007,-0.2441915489556587
1,-0.0,0.0,0.0,0.23277920456593967,-0.12135281011874226,-0.11233432399901448,0.40515949971827825,-0.38025679441162397,-0.20721036722609557,0.43002297288190994,-0.640613871667331,-0.30965788085672874,0.306096014730904,-0.8181602335413152,-0.4051403733887265,0.29931035765897096,-0.9781494595771663,-0.13703873269426725,0.3501340269251569,-1.4200594984002168,-0.29062735249744676,0.3603764868986822,-1.6993827879061738,-0.3724632789875507,0.3488973258870872,-1.9435833304993928,-0.4270459890237021,0.10655750779151432,-0.9943065410291041,-0.1629237537910601,0.2635801276675127,-0.9540877164442938,-0.37181652959146727,0.28899189395192443,-0.6541441766024624,-0.3975828888340699,0.2509528455087146,-0.566754099578722,-0.3674266646681436,-0.052907893951434956,-0.9092925375594398,-0.20671126806862655,0.13324766780954245,-0.7026435806149401,-0.3816664972630629,0.150428339111493,-0.4355344738384624,-0.3153116495932493,0.10457430245711456,-0.4121332523609401,-0.22940899365747908,-0.17956428833844587,-0.7681836778302213,-0.2674797900631175,-0.0007261363893253027,-0.5560383933364008,-0.3611395428770595,0.01948648241172827,-0.3531991918833348,-0.3099048588163322,-0.025831427187127977,-0.3476060826014007,-0.2441915489556587,0.0,0.0,0.0,0.0,0.0,0.0,0.0,0.0,0.0,0.0,0.0,0.0,0.0,0.0,0.0,0.0,0.0,0.0,0.0,0.0,0.0,0.0,0.0,0.0,0.0,0.0,0.0,0.0,0.0,0.0,0.0,0.0,0.0,0.0,0.0,0.0,0.0,0.0,0.0,0.0,0.0,0.0,0.0,0.0,0.0,0.0,0.0,0.0,0.0,0.0,0.0,0.0,0.0,0.0,0.0,0.0,0.0,0.0,0.0,0.0,0.0,0.0,0.0
1,0.0,0.0,0.0,0.0,0.0,0.0,0.0,0.0,0.0,0.0,0.0,0.0,0.0,0.0,0.0,0.0,0.0,0.0,0.0,0.0,0.0,0.0,0.0,0.0,0.0,0.0,0.0,0.0,0.0,0.0,0.0,0.0,0.0,0.0,0.0,0.0,0.0,0.0,0.0,0.0,0.0,0.0,0.0,0.0,0.0,0.0,0.0,0.0,0.0,0.0,0.0,0.0,0.0,0.0,0.0,0.0,0.0,0.0,0.0,0.0,0.0,0.0,0.0,0.0,0.0,0.0,-0.23205308322347876,-0.12135822240461006,-0.11124304201356461,-0.40035723345323776,-0.3809259945360832,-0.20169144085823246,-0.4214114961197774,-0.6407517578270465,-0.2989699764898745,-0.30255046433512117,-0.8149449316561304,-0.3888402413754534,-0.2980491328666836,-0.9761975965330101,-0.12795096413079554,-0.3460353520285915,-1.4115537195781183,-0.27573748013091737,-0.35725755795663583,-1.6823576209700526,-0.3550416249398776,-0.3471604118891829,-1.9253600401068558,-0.4089191200048836,-0.10342742731026804,-0.994637002770347,-0.1537689516553653,-0.24447515279804075,-0.9909904547097016,-0.35592387962854144,-0.271042782095166,-0.696227774306449,-0.38362475898179754,-0.2352412533404374,-0.6042303108844074,-0.35452755366652317,0.05933441759799951,-0.9081690133634517,-0.19712537271921912,-0.12115510555523368,-0.7072976425974611,-0.3655022791860195,-0.14107529914608857,-0.4414927635562399,-0.3036581809198687,-0.09487986623886387,-0.41760250918093456,-0.22142701379130408,0.1895328640612872,-0.762442229164037,-0.2572056441243372,0.012319419123801875,-0.5499282224323145,-0.3463624406009928,-0.005371403241236607,-0.3505073352963463,-0.2968507633940626,0.04390518122789898,-0.3495550885616356,-0.2334032295961916
1,-0.0,0.0,0.0,0.23205308322347876,-0.12135822240461006,-0.11124304201356461,0.40035723345323776,-0.3809259945360832,-0.20169144085823246,0.4214114961197774,-0.6407517578270465,-0.2989699764898745,0.30255046433512117,-0.8149449316561304,-0.3888402413754534,0.2980491328666836,-0.9761975965330101,-0.12795096413079554,0.3460353520285915,-1.4115537195781183,-0.27573748013091737,0.35725755795663583,-1.6823576209700526,-0.3550416249398776,0.3471604118891829,-1.9253600401068558,-0.4089191200048836,0.10342742731026804,-0.994637002770347,-0.1537689516553653,0.24447515279804075,-0.9909904547097016,-0.35592387962854144,0.271042782095166,-0.696227774306449,-0.38362475898179754,0.2352412533404374,-0.6042303108844074,-0.35452755366652317,-0.05933441759799951,-0.9081690133634517,-0.19712537271921912,0.12115510555523368,-0.7072976425974611,-0.3655022791860195,0.14107529914608857,-0.4414927635562399,-0.3036581809198687,0.09487986623886387,-0.41760250918093456,-0.22142701379130408,-0.1895328640612872,-0.762442229164037,-0.2572056441243372,-0.012319419123801875,-0.5499282224323145,-0.3463624406009928,0.005371403241236607,-0.3505073352963463,-0.2968507633940626,-0.04390518122789898,-0.3495550885616356,-0.2334032295961916,0.0,0.0,0.0,0.0,0.0,0.0,0.0,0.0,0.0,0.0,0.0,0.0,0.0,0.0,0.0,0.0,0.0,0.0,0.0,0.0,0.0,0.0,0.0,0.0,0.0,0.0,0.0,0.0,0.0,0.0,0.0,0.0,0.0,0.0,0.0,0.0,0.0,0.0,0.0,0.0,0.0,0.0,0.0,0.0,0.0,0.0,0.0,0.0,0.0,0.0,0.0,0.0,0.0,0.0,0.0,0.0,0.0,0.0,0.0,0.0,0.0,0.0,0.0
1,0.0,0.0,0.0,0.0,0.0,0.0,0.0,0.0,0.0,0.0,0.0,0.0,0.0,0.0,0.0,0.0,0.0,0.0,0.0,0.0,0.0,0.0,0.0,0.0,0.0,0.0,0.0,0.0,0.0,0.0,0.0,0.0,0.0,0.0,0.0,0.0,0.0,0.0,0.0,0.0,0.0,0.0,0.0,0.0,0.0,0.0,0.0,0.0,0.0,0.0,0.0,0.0,0.0,0.0,0.0,0.0,0.0,0.0,0.0,0.0,0.0,0.0,0.0,0.0,0.0,0.0,-0.23055807727048722,-0.12424203422274778,-0.11104985393408456,-0.39835364795786854,-0.3816246221571225,-0.19980735482025327,-0.41352270658596235,-0.6380611971433842,-0.2945379085332968,-0.29751943642430306,-0.8136804584873866,-0.38188594895377814,-0.2961132304339955,-0.9833788238062823,-0.12710923308736444,-0.34762677066016545,-1.4249749417233672,-0.2727327019794671,-0.36381940439306926,-1.6953549842114282,-0.35138483530238784,-0.35774188461041484,-1.938293835548964,-0.40587760067131323,-0.09925856835384803,-0.995061674776164,-0.15275331486052968,-0.2414481312221808,-1.0204295436009254,-0.35567092826024366,-0.2700706117399028,-0.7159744963985253,-0.3843851134192976,-0.23084297165976045,-0.6054725505250429,-0.3556261834835552,0.06359633384587357,-0.9024579122042873,-0.19596906745118275,-0.118327953852887,-0.7256486374543732,-0.36512785438340895,-0.141926478575846,-0.45481112818621616,-0.305686991462606,-0.0945413170451447,-0.41736809927562657,-0.22464839053365454,0.1931698462280736,-0.749876110843412,-0.25543453488742296,0.013252087433668142,-0.5488393627044592,-0.34771276472562357,-0.004132468088616135,-0.35309456192453315,-0.3020600746018449,0.04750048241745976,-0.3495602357402859,-0.2412512755949394
1,-0.0,0.0,0.0,0.23055807727048722,-0.12424203422274778,-0.11104985393408456,0.39835364795786854,-0.3816246221571225,-0.19980735482025327,0.41352270658596235,-0.6380611971433842,-0.2945379085332968,0.29751943642430306,-0.8136804584873866,-0.38188594895377814,0.2961132304339955,-0.9833788238062823,-0.12710923308736444,0.34762677066016545,-1.4249749417233672,-0.2727327019794671,0.36381940439306926,-1.6953549842114282,-0.35138483530238784,0.35774188461041484,-1.938293835548964,-0.40587760067131323,0.09925856835384803,-0.995061674776164,-0.15275331486052968,0.2414481312221808,-1.0204295436009254,-0.35567092826024366,0.2700706117399028,-0.7159744963985253,-0.3843851134192976,0.23084297165976045,-0.6054725505250429,-0.3556261834835552,-0.06359633384587357,-0.9024579122042873,-0.19596906745118275,0.118327953852887,-0.7256486374543732,-0.36512785438340895,0.141926478575846,-0.45481112818621616,-0.305686991462606,0.0945413170451447,-0.41736809927562657,-0.22464839053365454,-0.1931698462280736,-0.749876110843412,-0.25543453488742296,-0.013252087433668142,-0.5488393627044592,-0.34771276472562357,0.004132468088616135,-0.35309456192453315,-0.3020600746018449,-0.04750048241745976,-0.3495602357402859,-0.2412512755949394,0.0,0.0,0.0,0.0,0.0,0.0,0.0,0.0,0.0,0.0,0.0,0.0,0.0,0.0,0.0,0.0,0.0,0.0,0.0,0.0,0.0,0.0,0.0,0.0,0.0,0.0,0.0,0.0,0.0,0.0,0.0,0.0,0.0,0.0,0.0,0.0,0.0,0.0,0.0,0.0,0.0,0.0,0.0,0.0,0.0,0.0,0.0,0.0,0.0,0.0,0.0,0.0,0.0,0.0,0.0,0.0,0.0,0.0,0.0,0.0,0.0,0.0,0.0
1,0.0,0.0,0.0,0.0,0.0,0.0,0.0,0.0,0.0,0.0,0.0,0.0,0.0,0.0,0.0,0.0,0.0,0.0,0.0,0.0,0.0,0.0,0.0,0.0,0.0,0.0,0.0,0.0,0.0,0.0,0.0,0.0,0.0,0.0,0.0,0.0,0.0,0.0,0.0,0.0,0.0,0.0,0.0,0.0,0.0,0.0,0.0,0.0,0.0,0.0,0.0,0.0,0.0,0.0,0.0,0.0,0.0,0.0,0.0,0.0,0.0,0.0,0.0,0.0,0.0,0.0,-0.22840017007474375,-0.12430024221381163,-0.11106996089760443,-0.392456244337451,-0.38776665531588345,-0.19749103634802934,-0.41140552687702464,-0.6495344813506356,-0.29102341679070437,-0.29947156820236537,-0.8372223060611659,-0.3774351037922028,-0.29000747424192713,-0.9781902529795444,-0.11908154928208484,-0.3417336290573607,-1.4039957458708796,-0.2666528676312028,-0.36025954125607657,-1.67351228372017,-0.3463911813144382,-0.3566129937946737,-1.9138376313902272,-0.400011686633126,-0.09981489869221218,-0.9950060230968772,-0.14423881351245524,-0.2555977172461545,-0.9914245061797382,-0.3490405377802011,-0.2855515383535718,-0.6875695568284853,-0.37739486278392387,-0.24857361230189443,-0.5836421480147324,-0.3475429542133332,0.05842698808717579,-0.9084205406222275,-0.18784050022026874,-0.1310220357436223,-0.7227956890038999,-0.3639363281043659,-0.1533299309174143,-0.44301386476556626,-0.30372597139319596,-0.1074022433917486,-0.4023783736809372,-0.21953316619836316,0.1840926030092695,-0.7634295677609853,-0.24768610141482686,0.0026361555339986685,-0.5683180495966071,-0.3442809132809528,-0.019719303302333364,-0.36082251229009565,-0.29719594407061767,0.026494841083601704,-0.3460428431392366,-0.23347131793694514
1,-0.0,0.0,0.0,0.22840017007474375,-0.12430024221381163,-0.11106996089760443,0.392456244337451,-0.38776665531588345,-0.19749103634802934,0.41140552687702464,-0.6495344813506356,-0.29102341679070437,0.29947156820236537,-0.8372223060611659,-0.3774351037922028,0.29000747424192713,-0.9781902529795444,-0.11908154928208484,0.3417336290573607,-1.4039957458708796,-0.2666528676312028,0.36025954125607657,-1.67351228372017,-0.3463911813144382,0.3566129937946737,-1.9138376313902272,-0.400011686633126,0.09981489869221218,-0.9950060230968772,-0.14423881351245524,0.2555977172461545,-0.9914245061797382,-0.3490405377802011,0.2855515383535718,-0.6875695568284853,-0.37739486278392387,0.24857361230189443,-0.5836421480147324,-0.3475429542133332,-0.05842698808717579,-0.9084205406222275,-0.18784050022026874,0.1310220357436223,-0.7227956890038999,-0.3639363281043659,0.1533299309174143,-0.44301386476556626,-0.30372597139319596,0.1074022433917486,-0.4023783736809372,-0.21953316619836316,-0.1840926030092695,-0.7634295677609853,-0.24768610141482686,-0.0026361555339986685,-0.5683180495966071,-0.3442809132809528,0.019719303302333364,-0.36082251229009565,-0.29719594407061767,-0.026494841083601704,-0.3460428431392366,-0.23347131793694514,0.0,0.0,0.0,0.0,0.0,0.0,0.0,0.0,0.0,0.0,0.0,0.0,0.0,0.0,0.0,0.0,0.0,0.0,0.0,0.0,0.0,0.0,0.0,0.0,0.0,0.0,0.0,0.0,0.0,0.0,0.0,0.0,0.0,0.0,0.0,0.0,0.0,0.0,0.0,0.0,0.0,0.0,0.0,0.0,0.0,0.0,0.0,0.0,0.0,0.0,0.0,0.0,0.0,0.0,0.0,0.0,0.0,0.0,0.0,0.0,0.0,0.0,0.0
1,0.0,0.0,0.0,0.0,0.0,0.0,0.0,0.0,0.0,0.0,0.0,0.0,0.0,0.0,0.0,0.0,0.0,0.0,0.0,0.0,0.0,0.0,0.0,0.0,0.0,0.0,0.0,0.0,0.0,0.0,0.0,0.0,0.0,0.0,0.0,0.0,0.0,0.0,0.0,0.0,0.0,0.0,0.0,0.0,0.0,0.0,0.0,0.0,0.0,0.0,0.0,0.0,0.0,0.0,0.0,0.0,0.0,0.0,0.0,0.0,0.0,0.0,0.0,0.0,0.0,0.0,-0.2277711905515549,-0.11742127795953418,-0.11364216493310568,-0.39203488976828915,-0.3789736444750186,-0.20084409441147938,-0.4039558364972676,-0.6344505478312628,-0.292827260346854,-0.2907309762325994,-0.8103861506236169,-0.37644566232828164,-0.2956893956714008,-0.9858196110318376,-0.1282709996461492,-0.34078310675186924,-1.429049228327558,-0.2754749893529831,-0.3561133217517975,-1.6996943739922408,-0.3546403929423209,-0.34920960758415626,-1.9406288877853757,-0.40909275904662395,-0.10240838341613824,-0.9947424405372947,-0.14997045611251317,-0.23763070353500776,-1.0039651493663941,-0.35712588958171676,-0.2685609978856263,-0.6989443419911381,-0.38519570293580596,-0.23420953743697018,-0.5928643972977983,-0.35494639018273283,0.05575159530202246,-0.9042308025882179,-0.18968548743288766,-0.11577099526143718,-0.7146132394553243,-0.3578067021760366,-0.14047548118325268,-0.4485072500271816,-0.29469599661446194,-0.09822521557416534,-0.4209110513127315,-0.21158367479232598,0.1780215082049578,-0.7538552476473497,-0.2465862201679052,0.009267596085839496,-0.5370800829712846,-0.3365381532341829,-0.00879438705394211,-0.3465077192146027,-0.2907538949735956,0.03847811361196244,-0.3580945803670616,-0.2301574335001046
1,-0.0,0.0,0.0,0.2277711905515549,-0.11742127795953418,-0.11364216493310568,0.39203488976828915,-0.3789736444750186,-0.20084409441147938,0.4039558364972676,-0.6344505478312628,-0.292827260346854,0.2907309762325994,-0.8103861506236169,-0.37644566232828164,0.2956893956714008,-0.9858196110318376,-0.1282709996461492,0.34078310675186924,-1.429049228327558,-0.2754749893529831,0.3561133217517975,-1.6996943739922408,-0.3546403929423209,0.34920960758415626,-1.9406288877853757,-0.40909275904662395,0.10240838341613824,-0.9947424405372947,-0.14997045611251317,0.23763070353500776,-1.0039651493663941,-0.35712588958171676,0.2685609978856263,-0.6989443419911381,-0.38519570293580596,0.23420953743697018,-0.5928643972977983,-0.35494639018273283,-0.05575159530202246,-0.9042308025882179,-0.18968548743288766,0.11577099526143718,-0.7146132394553243,-0.3578067021760366,0.14047548118325268,-0.4485072500271816,-0.29469599661446194,0.09822521557416534,-0.4209110513127315,-0.21158367479232598,-0.1780215082049578,-0.7538552476473497,-0.2465862201679052,-0.009267596085839496,-0.5370800829712846,-0.3365381532341829,0.00879438705394211,-0.3465077192146027,-0.2907538949735956,-0.03847811361196244,-0.3580945803670616,-0.2301574335001046,0.0,0.0,0.0,0.0,0.0,0.0,0.0,0.0,0.0,0.0,0.0,0.0,0.0,0.0,0.0,0.0,0.0,0.0,0.0,0.0,0.0,0.0,0.0,0.0,0.0,0.0,0.0,0.0,0.0,0.0,0.0,0.0,0.0,0.0,0.0,0.0,0.0,0.0,0.0,0.0,0.0,0.0,0.0,0.0,0.0,0.0,0.0,0.0,0.0,0.0,0.0,0.0,0.0,0.0,0.0,0.0,0.0,0.0,0.0,0.0,0.0,0.0,0.0
1,0.0,0.0,0.0,0.0,0.0,0.0,0.0,0.0,0.0,0.0,0.0,0.0,0.0,0.0,0.0,0.0,0.0,0.0,0.0,0.0,0.0,0.0,0.0,0.0,0.0,0.0,0.0,0.0,0.0,0.0,0.0,0.0,0.0,0.0,0.0,0.0,0.0,0.0,0.0,0.0,0.0,0.0,0.0,0.0,0.0,0.0,0.0,0.0,0.0,0.0,0.0,0.0,0.0,0.0,0.0,0.0,0.0,0.0,0.0,0.0,0.0,0.0,0.0,0.0,0.0,0.0,-0.23532056355198644,-0.11931731601680294,-0.10482129720405094,-0.40542420903267684,-0.388301838355766,-0.18727873119154614,-0.413792659194232,-0.6498750760105737,-0.2763712279269182,-0.29601925909485044,-0.8330423958743229,-0.35887012337422247,-0.29899668527593054,-0.9760242279041436,-0.1252789799565869,-0.34712188583708514,-1.4168807850527383,-0.27268674440792035,-0.36058513645599777,-1.6953015999513816,-0.3542342048924089,-0.3546161782117844,-1.9447281811900714,-0.41138211762044785,-0.10422320841896784,-0.9945539315828259,-0.1508468660436983,-0.25306793331064004,-0.9716961635164675,-0.3544105623264445,-0.276687690274835,-0.6736198870445097,-0.38214625291359205,-0.23711987731465992,-0.573077500040545,-0.3559013777359444,0.053592314924628376,-0.9116232808562339,-0.19348240317511625,-0.12857918391955592,-0.7086043734052379,-0.3620083430473611,-0.1464554054854265,-0.44274484647498863,-0.2978419741053269,-0.100916192878375,-0.41400058532103573,-0.2164287907673066,0.17724095053265812,-0.7727340534905855,-0.2526493219971335,0.0011455603828991543,-0.5563178132925796,-0.3453332237749743,-0.015992815044802877,-0.3545358831908661,-0.2983862712657075,0.030848207715583456,-0.3520681676324399,-0.23783646737691969
1,-0.0,0.0,0.0,0.23532056355198644,-0.11931731601680294,-0.10482129720405094,0.40542420903267684,-0.388301838355766,-0.18727873119154614,0.413792659194232,-0.6498750760105737,-0.2763712279269182,0.29601925909485044,-0.8330423958743229,-0.35887012337422247,0.29899668527593054,-0.9760242279041436,-0.1252789799565869,0.34712188583708514,-1.4168807850527383,-0.27268674440792035,0.36058513645599777,-1.6953015999513816,-0.3542342048924089,0.3546161782117844,-1.9447281811900714,-0.41138211762044785,0.10422320841896784,-0.9945539315828259,-0.1508468660436983,0.25306793331064004,-0.9716961635164675,-0.3544105623264445,0.276687690274835,-0.6736198870445097,-0.38214625291359205,0.23711987731465992,-0.573077500040545,-0.3559013777359444,-0.053592314924628376,-0.9116232808562339,-0.19348240317511625,0.12857918391955592,-0.7086043734052379,-0.3620083430473611,0.1464554054854265,-0.44274484647498863,-0.2978419741053269,0.100916192878375,-0.41400058532103573,-0.2164287907673066,-0.17724095053265812,-0.7727340534905855,-0.2526493219971335,-0.0011455603828991543,-0.5563178132925796,-0.3453332237749743,0.015992815044802877,-0.3545358831908661,-0.2983862712657075,-0.030848207715583456,-0.3520681676324399,-0.23783646737691969,0.0,0.0,0.0,0.0,0.0,0.0,0.0,0.0,0.0,0.0,0.0,0.0,0.0,0.0,0.0,0.0,0.0,0.0,0.0,0.0,0.0,0.0,0.0,0.0,0.0,0.0,0.0,0.0,0.0,0.0,0.0,0.0,0.0,0.0,0.0,0.0,0.0,0.0,0.0,0.0,0.0,0.0,0.0,0.0,0.0,0.0,0.0,0.0,0.0,0.0,0.0,0.0,0.0,0.0,0.0,0.0,0.0,0.0,0.0,0.0,0.0,0.0,0.0
1,0.0,0.0,0.0,0.0,0.0,0.0,0.0,0.0,0.0,0.0,0.0,0.0,0.0,0.0,0.0,0.0,0.0,0.0,0.0,0.0,0.0,0.0,0.0,0.0,0.0,0.0,0.0,0.0,0.0,0.0,0.0,0.0,0.0,0.0,0.0,0.0,0.0,0.0,0.0,0.0,0.0,0.0,0.0,0.0,0.0,0.0,0.0,0.0,0.0,0.0,0.0,0.0,0.0,0.0,0.0,0.0,0.0,0.0,0.0,0.0,0.0,0.0,0.0,0.0,0.0,0.0,-0.2385155491554654,-0.13255731254499523,-0.10100001024514153,-0.40130072096775454,-0.40254659369842105,-0.1820578403092039,-0.41283626135445434,-0.6603250946304968,-0.27159653812886564,-0.29822251659083493,-0.827933778305455,-0.355644803707866,-0.29166678474434593,-0.9814973097582461,-0.11627498444296804,-0.3473236770171679,-1.417084966535177,-0.25851434596679285,-0.3621268544869589,-1.6898641297442694,-0.3371353423930783,-0.3530103666042363,-1.931894581145464,-0.3911688836374448,-0.09683711165354474,-0.9953002430455842,-0.14404160576468605,-0.24534759607062767,-0.9950386575067316,-0.34264002681768646,-0.27668439799506983,-0.699080669741292,-0.3724285233042642,-0.2405875030169088,-0.5927064602979227,-0.3458845126258975,0.06445969572417808,-0.9080637843753494,-0.1882798732937599,-0.12211898574540127,-0.7189859926795268,-0.3521101257045071,-0.14660873845578973,-0.4545884774765472,-0.29312064321362075,-0.1016940377273811,-0.4151959865855427,-0.21365878498253696,0.19004284866814847,-0.761980399149831,-0.24835610185866194,0.007842383553233145,-0.5590958553996797,-0.33578547645418705,-0.013003992679101142,-0.3639696823289694,-0.28833368240643265,0.03492917058626542,-0.35403897877004764,-0.22683513361822047
1,-0.0,0.0,0.0,0.2385155491554654,-0.13255731254499523,-0.10100001024514153,0.40130072096775454,-0.40254659369842105,-0.1820578403092039,0.41283626135445434,-0.6603250946304968,-0.27159653812886564,0.29822251659083493,-0.827933778305455,-0.355644803707866,0.29166678474434593,-0.9814973097582461,-0.11627498444296804,0.3473236770171679,-1.417084966535177,-0.25851434596679285,0.3621268544869589,-1.6898641297442694,-0.3371353423930783,0.3530103666042363,-1.931894581145464,-0.3911688836374448,0.09683711165354474,-0.9953002430455842,-0.14404160576468605,0.24534759607062767,-0.9950386575067316,-0.34264002681768646,0.27668439799506983,-0.699080669741292,-0.3724285233042642,0.2405875030169088,-0.5927064602979227,-0.3458845126258975,-0.06445969572417808,-0.9080637843753494,-0.1882798732937599,0.12211898574540127,-0.7189859926795268,-0.3521101257045071,0.14660873845578973,-0.4545884774765472,-0.29312064321362075,0.1016940377273811,-0.4151959865855427,-0.21365878498253696,-0.19004284866814847,-0.761980399149831,-0.24835610185866194,-0.007842383553233145,-0.5590958553996797,-0.33578547645418705,0.013003992679101142,-0.3639696823289694,-0.28833368240643265,-0.03492917058626542,-0.35403897877004764,-0.22683513361822047,0.0,0.0,0.0,0.0,0.0,0.0,0.0,0.0,0.0,0.0,0.0,0.0,0.0,0.0,0.0,0.0,0.0,0.0,0.0,0.0,0.0,0.0,0.0,0.0,0.0,0.0,0.0,0.0,0.0,0.0,0.0,0.0,0.0,0.0,0.0,0.0,0.0,0.0,0.0,0.0,0.0,0.0,0.0,0.0,0.0,0.0,0.0,0.0,0.0,0.0,0.0,0.0,0.0,0.0,0.0,0.0,0.0,0.0,0.0,0.0,0.0,0.0,0.0
1,0.0,0.0,0.0,0.0,0.0,0.0,0.0,0.0,0.0,0.0,0.0,0.0,0.0,0.0,0.0,0.0,0.0,0.0,0.0,0.0,0.0,0.0,0.0,0.0,0.0,0.0,0.0,0.0,0.0,0.0,0.0,0.0,0.0,0.0,0.0,0.0,0.0,0.0,0.0,0.0,0.0,0.0,0.0,0.0,0.0,0.0,0.0,0.0,0.0,0.0,0.0,0.0,0.0,0.0,0.0,0.0,0.0,0.0,0.0,0.0,0.0,0.0,0.0,0.0,0.0,0.0,-0.22713920701783222,-0.1193410000945269,-0.11192390869822251,-0.3919552686640173,-0.3820053088875477,-0.1990507457038149,-0.40353802151305607,-0.6395547789199736,-0.29153294994594764,-0.2921239378451713,-0.8182230322021414,-0.37644127135571254,-0.2919760193089804,-0.9826623892245656,-0.12957778111460097,-0.3397453081934827,-1.4184328350606772,-0.27618396359850905,-0.3530700320822791,-1.6905739539535056,-0.3560717239960206,-0.348775924467088,-1.93362930383071,-0.4113377193520897,-0.09922462099870022,-0.9950650604797981,-0.15309836918704428,-0.24554179003317572,-0.9853051462218962,-0.3558378582883891,-0.2755074846999868,-0.6859711279331618,-0.38423723517716923,-0.24343652456661946,-0.5911840630201896,-0.35649316314045654,0.06105405309548156,-0.9049634371115551,-0.19400908733623945,-0.11581073188005069,-0.7041407257083511,-0.3619474898418284,-0.13584773344638298,-0.4373986333864917,-0.2983817000824692,-0.0927002215351724,-0.4146240552483474,-0.21575682027895116,0.18911520308545476,-0.7559943000353707,-0.25181274235056667,0.016661153801725722,-0.5473007512110035,-0.34265908881602647,0.00030288081220047734,-0.3519342290365273,-0.29370110110886527,0.04754497286258638,-0.35934017962966186,-0.23064413689106672
1,-0.0,0.0,0.0,0.22713920701783222,-0.1193410000945269,-0.11192390869822251,0.3919552686640173,-0.3820053088875477,-0.1990507457038149,0.40353802151305607,-0.6395547789199736,-0.29153294994594764,0.2921239378451713,-0.8182230322021414,-0.37644127135571254,0.2919760193089804,-0.9826623892245656,-0.12957778111460097,0.3397453081934827,-1.4184328350606772,-0.27618396359850905,0.3530700320822791,-1.6905739539535056,-0.3560717239960206,0.348775924467088,-1.93362930383071,-0.4113377193520897,0.09922462099870022,-0.9950650604797981,-0.15309836918704428,0.24554179003317572,-0.9853051462218962,-0.3558378582883891,0.2755074846999868,-0.6859711279331618,-0.38423723517716923,0.24343652456661946,-0.5911840630201896,-0.35649316314045654,-0.06105405309548156,-0.9049634371115551,-0.19400908733623945,0.11581073188005069,-0.7041407257083511,-0.3619474898418284,0.13584773344638298,-0.4373986333864917,-0.2983817000824692,0.0927002215351724,-0.4146240552483474,-0.21575682027895116,-0.18911520308545476,-0.7559943000353707,-0.25181274235056667,-0.016661153801725722,-0.5473007512110035,-0.34265908881602647,-0.00030288081220047734,-0.3519342290365273,-0.29370110110886527,-0.04754497286258638,-0.35934017962966186,-0.23064413689106672,0.0,0.0,0.0,0.0,0.0,0.0,0.0,0.0,0.0,0.0,0.0,0.0,0.0,0.0,0.0,0.0,0.0,0.0,0.0,0.0,0.0,0.0,0.0,0.0,0.0,0.0,0.0,0.0,0.0,0.0,0.0,0.0,0.0,0.0,0.0,0.0,0.0,0.0,0.0,0.0,0.0,0.0,0.0,0.0,0.0,0.0,0.0,0.0,0.0,0.0,0.0,0.0,0.0,0.0,0.0,0.0,0.0,0.0,0.0,0.0,0.0,0.0,0.0
1,0.0,0.0,0.0,0.0,0.0,0.0,0.0,0.0,0.0,0.0,0.0,0.0,0.0,0.0,0.0,0.0,0.0,0.0,0.0,0.0,0.0,0.0,0.0,0.0,0.0,0.0,0.0,0.0,0.0,0.0,0.0,0.0,0.0,0.0,0.0,0.0,0.0,0.0,0.0,0.0,0.0,0.0,0.0,0.0,0.0,0.0,0.0,0.0,0.0,0.0,0.0,0.0,0.0,0.0,0.0,0.0,0.0,0.0,0.0,0.0,0.0,0.0,0.0,0.0,0.0,0.0,-0.23491800198393223,-0.12716178252806387,-0.10636861438634201,-0.3990811634807927,-0.40331454397791705,-0.19011146535967927,-0.41194491779960657,-0.6714889490060146,-0.2818373123953849,-0.2953198013587381,-0.8442665286934589,-0.3664324121075279,-0.2908998211080035,-0.9797476854538617,-0.11665576246061424,-0.34658186367138344,-1.4064223551083852,-0.26228162441272135,-0.3599779681568377,-1.6777473211938163,-0.3402716337159105,-0.3519973130424652,-1.919322742648041,-0.393156674429024,-0.10210035388049733,-0.9947741038735766,-0.1436459632353082,-0.2525040822412145,-0.9680075861730926,-0.34706197170634706,-0.27625904217908337,-0.6732827405505033,-0.37488477246861746,-0.23987317196277524,-0.5856433267059539,-0.34627071438157236,0.05591015400130788,-0.9089371354751324,-0.188540089228031,-0.1254261343850625,-0.7093651833413755,-0.3606644176584748,-0.14065024036983398,-0.4429699663987884,-0.2988582523119322,-0.0950777127185372,-0.42004442884399606,-0.21603187825346223,0.18295294538214202,-0.7661372118568226,-0.24986150086682507,0.007082948038851587,-0.5602379054691231,-0.3415689752637468,-0.008234457822725057,-0.3631826160992756,-0.29306260594286937,0.0398133561253763,-0.36487256082436376,-0.23001475783369327
1,-0.0,0.0,0.0,0.23491800198393223,-0.12716178252806387,-0.10636861438634201,0.3990811634807927,-0.40331454397791705,-0.19011146535967927,0.41194491779960657,-0.6714889490060146,-0.2818373123953849,0.2953198013587381,-0.8442665286934589,-0.3664324121075279,0.2908998211080035,-0.9797476854538617,-0.11665576246061424,0.34658186367138344,-1.4064223551083852,-0.26228162441272135,0.3599779681568377,-1.6777473211938163,-0.3402716337159105,0.3519973130424652,-1.919322742648041,-0.393156674429024,0.10210035388049733,-0.9947741038735766,-0.1436459632353082,0.2525040822412145,-0.9680075861730926,-0.34706197170634706,0.27625904217908337,-0.6732827405505033,-0.37488477246861746,0.23987317196277524,-0.5856433267059539,-0.34627071438157236,-0.05591015400130788,-0.9089371354751324,-0.188540089228031,0.1254261343850625,-0.7093651833413755,-0.3606644176584748,0.14065024036983398,-0.4429699663987884,-0.2988582523119322,0.0950777127185372,-0.42004442884399606,-0.21603187825346223,-0.18295294538214202,-0.7661372118568226,-0.24986150086682507,-0.007082948038851587,-0.5602379054691231,-0.3415689752637468,0.008234457822725057,-0.3631826160992756,-0.29306260594286937,-0.0398133561253763,-0.36487256082436376,-0.23001475783369327,0.0,0.0,0.0,0.0,0.0,0.0,0.0,0.0,0.0,0.0,0.0,0.0,0.0,0.0,0.0,0.0,0.0,0.0,0.0,0.0,0.0,0.0,0.0,0.0,0.0,0.0,0.0,0.0,0.0,0.0,0.0,0.0,0.0,0.0,0.0,0.0,0.0,0.0,0.0,0.0,0.0,0.0,0.0,0.0,0.0,0.0,0.0,0.0,0.0,0.0,0.0,0.0,0.0,0.0,0.0,0.0,0.0,0.0,0.0,0.0,0.0,0.0,0.0
1,0.0,0.0,0.0,0.0,0.0,0.0,0.0,0.0,0.0,0.0,0.0,0.0,0.0,0.0,0.0,0.0,0.0,0.0,0.0,0.0,0.0,0.0,0.0,0.0,0.0,0.0,0.0,0.0,0.0,0.0,0.0,0.0,0.0,0.0,0.0,0.0,0.0,0.0,0.0,0.0,0.0,0.0,0.0,0.0,0.0,0.0,0.0,0.0,0.0,0.0,0.0,0.0,0.0,0.0,0.0,0.0,0.0,0.0,0.0,0.0,0.0,0.0,0.0,0.0,0.0,0.0,-0.2363566847327165,-0.1141386000163788,-0.10962143558096399,-0.4091944713173689,-0.3832389350801195,-0.19529384507219846,-0.4211372539416796,-0.6460373706349027,-0.28703830748885123,-0.309017840676607,-0.8287251091042062,-0.3723152911968957,-0.30322460484928826,-0.9814181165252276,-0.12913661339806706,-0.35869468047841796,-1.4246612972534765,-0.27389152094156577,-0.37359389964633316,-1.7006775967550853,-0.3518260073721333,-0.3688138846401905,-1.9458548601523442,-0.4047909554346131,-0.11118599624540235,-0.993799614730715,-0.15474506127477955,-0.2502247511789458,-0.9959380280877013,-0.3593226368631531,-0.27879642850432235,-0.6961363629647476,-0.3902469521584773,-0.2454239296928222,-0.5921551579516853,-0.3627720980072265,0.049476988086204765,-0.907799314963268,-0.19675957261177532,-0.12961232442429346,-0.7163599877367273,-0.3713425198154194,-0.14946718171555873,-0.4393783770717932,-0.31276988318624027,-0.10486712302909199,-0.4059730259234811,-0.23102899155001871,0.17807937692300338,-0.7659974047343638,-0.2544228497137621,-0.0019793532929216237,-0.5633592634275669,-0.3516285169182355,-0.017054469347517642,-0.3521135361065586,-0.30334725122843414,0.03354086703766151,-0.34382790299310456,-0.23884868613028165
1,-0.0,0.0,0.0,0.2363566847327165,-0.1141386000163788,-0.10962143558096399,0.4091944713173689,-0.3832389350801195,-0.19529384507219846,0.4211372539416796,-0.6460373706349027,-0.28703830748885123,0.309017840676607,-0.8287251091042062,-0.3723152911968957,0.30322460484928826,-0.9814181165252276,-0.12913661339806706,0.35869468047841796,-1.4246612972534765,-0.27389152094156577,0.37359389964633316,-1.7006775967550853,-0.3518260073721333,0.3688138846401905,-1.9458548601523442,-0.4047909554346131,0.11118599624540235,-0.993799614730715,-0.15474506127477955,0.2502247511789458,-0.9959380280877013,-0.3593226368631531,0.27879642850432235,-0.6961363629647476,-0.3902469521584773,0.2454239296928222,-0.5921551579516853,-0.3627720980072265,-0.049476988086204765,-0.907799314963268,-0.19675957261177532,0.12961232442429346,-0.7163599877367273,-0.3713425198154194,0.14946718171555873,-0.4393783770717932,-0.31276988318624027,0.10486712302909199,-0.4059730259234811,-0.23102899155001871,-0.17807937692300338,-0.7659974047343638,-0.2544228497137621,0.0019793532929216237,-0.5633592634275669,-0.3516285169182355,0.017054469347517642,-0.3521135361065586,-0.30334725122843414,-0.03354086703766151,-0.34382790299310456,-0.23884868613028165,0.0,0.0,0.0,0.0,0.0,0.0,0.0,0.0,0.0,0.0,0.0,0.0,0.0,0.0,0.0,0.0,0.0,0.0,0.0,0.0,0.0,0.0,0.0,0.0,0.0,0.0,0.0,0.0,0.0,0.0,0.0,0.0,0.0,0.0,0.0,0.0,0.0,0.0,0.0,0.0,0.0,0.0,0.0,0.0,0.0,0.0,0.0,0.0,0.0,0.0,0.0,0.0,0.0,0.0,0.0,0.0,0.0,0.0,0.0,0.0,0.0,0.0,0.0
1,0.0,0.0,0.0,0.0,0.0,0.0,0.0,0.0,0.0,0.0,0.0,0.0,0.0,0.0,0.0,0.0,0.0,0.0,0.0,0.0,0.0,0.0,0.0,0.0,0.0,0.0,0.0,0.0,0.0,0.0,0.0,0.0,0.0,0.0,0.0,0.0,0.0,0.0,0.0,0.0,0.0,0.0,0.0,0.0,0.0,0.0,0.0,0.0,0.0,0.0,0.0,0.0,0.0,0.0,0.0,0.0,0.0,0.0,0.0,0.0,0.0,0.0,0.0,0.0,0.0,0.0,-0.234723718969394,-0.128499313124388,-0.0995117373136526,-0.4062702597561662,-0.4053622226118765,-0.17784682620797654,-0.41809585977482305,-0.6685085259947755,-0.264425919962081,-0.2974015789023801,-0.8406854475567358,-0.3450425543611565,-0.29530648584838354,-0.9837261615151252,-0.10978515921004496,-0.35123680554952613,-1.426899514029973,-0.24963419583505794,-0.3654382885028069,-1.6948361390978488,-0.3266939029635449,-0.35651064168687874,-1.9344736128584052,-0.3791384976315384,-0.10372004893782916,-0.9946065309700788,-0.13860501838915362,-0.23474578978970534,-1.0392168359252516,-0.3397317632237456,-0.2692073321113552,-0.7502285992296932,-0.37402130301056197,-0.24122534666628737,-0.6325115630255419,-0.3481962293523071,0.053672147808179034,-0.9107120732156014,-0.18367633271256528,-0.126697680236753,-0.7443741097826688,-0.3517430919201148,-0.15146604525278773,-0.4724708678421755,-0.2989438314312853,-0.10957835309453705,-0.42116710978888505,-0.22083797423202342,0.17823876772820588,-0.7690070526049415,-0.24364043542468014,-0.0029615771106631635,-0.5750113540500331,-0.3322549663041156,-0.021644117785299267,-0.3716407339688135,-0.28664193766072493,0.025969181128528303,-0.3541456579227789,-0.22578973988038867
1,-0.0,0.0,0.0,0.234723718969394,-0.128499313124388,-0.0995117373136526,0.4062702597561662,-0.4053622226118765,-0.17784682620797654,0.41809585977482305,-0.6685085259947755,-0.264425919962081,0.2974015789023801,-0.8406854475567358,-0.3450425543611565,0.29530648584838354,-0.9837261615151252,-0.10978515921004496,0.35123680554952613,-1.426899514029973,-0.24963419583505794,0.3654382885028069,-1.6948361390978488,-0.3266939029635449,0.35651064168687874,-1.9344736128584052,-0.3791384976315384,0.10372004893782916,-0.9946065309700788,-0.13860501838915362,0.23474578978970534,-1.0392168359252516,-0.3397317632237456,0.2692073321113552,-0.7502285992296932,-0.37402130301056197,0.24122534666628737,-0.6325115630255419,-0.3481962293523071,-0.053672147808179034,-0.9107120732156014,-0.18367633271256528,0.126697680236753,-0.7443741097826688,-0.3517430919201148,0.15146604525278773,-0.4724708678421755,-0.2989438314312853,0.10957835309453705,-0.42116710978888505,-0.22083797423202342,-0.17823876772820588,-0.7690070526049415,-0.24364043542468014,0.0029615771106631635,-0.5750113540500331,-0.3322549663041156,0.021644117785299267,-0.3716407339688135,-0.28664193766072493,-0.025969181128528303,-0.3541456579227789,-0.22578973988038867,0.0,0.0,0.0,0.0,0.0,0.0,0.0,0.0,0.0,0.0,0.0,0.0,0.0,0.0,0.0,0.0,0.0,0.0,0.0,0.0,0.0,0.0,0.0,0.0,0.0,0.0,0.0,0.0,0.0,0.0,0.0,0.0,0.0,0.0,0.0,0.0,0.0,0.0,0.0,0.0,0.0,0.0,0.0,0.0,0.0,0.0,0.0,0.0,0.0,0.0,0.0,0.0,0.0,0.0,0.0,0.0,0.0,0.0,0.0,0.0,0.0,0.0,0.0
1,0.0,0.0,0.0,0.0,0.0,0.0,0.0,0.0,0.0,0.0,0.0,0.0,0.0,0.0,0.0,0.0,0.0,0.0,0.0,0.0,0.0,0.0,0.0,0.0,0.0,0.0,0.0,0.0,0.0,0.0,0.0,0.0,0.0,0.0,0.0,0.0,0.0,0.0,0.0,0.0,0.0,0.0,0.0,0.0,0.0,0.0,0.0,0.0,0.0,0.0,0.0,0.0,0.0,0.0,0.0,0.0,0.0,0.0,0.0,0.0,0.0,0.0,0.0,0.0,0.0,0.0,-0.24382418990987653,-0.12558921027731343,-0.1038019696352124,-0.4118770315648315,-0.3918161955736059,-0.1862322645662778,-0.4292690414594214,-0.6517176348525067,-0.2766911553171519,-0.3216676299279687,-0.8345736210852736,-0.36072411010193617,-0.2959561871371705,-0.9809026586381786,-0.11501147990331938,-0.35431918216242986,-1.4115196875688498,-0.2568316901496938,-0.3672252842518947,-1.6805819038279683,-0.33576202948453415,-0.3575114001880328,-1.9176202329607317,-0.3885919276400794,-0.10790923352012789,-0.9941607502416792,-0.14218559209044834,-0.2494036154071096,-0.9941302246736929,-0.3411947026383291,-0.27899423657208555,-0.7170877334883368,-0.3766725037547708,-0.24712662414555361,-0.6190450118720019,-0.3534756383940585,0.047707950971450724,-0.9080816200360134,-0.18582452537000174,-0.13697551727394236,-0.7108780765741848,-0.35491469606094855,-0.1558962368077712,-0.44836818699019626,-0.30290186335735303,-0.11039179962449373,-0.4083089168325664,-0.2259528326114234,0.17111498834440428,-0.7645936214079849,-0.24489703724761333,-0.010880068816043337,-0.5585265875815918,-0.33568196740301276,-0.03067279307075282,-0.3601549684031932,-0.2901239078724321,0.014023121767544583,-0.3463733498018405,-0.22834432852014894
1,-0.0,0.0,0.0,0.24382418990987653,-0.12558921027731343,-0.1038019696352124,0.4118770315648315,-0.3918161955736059,-0.1862322645662778,0.4292690414594214,-0.6517176348525067,-0.2766911553171519,0.3216676299279687,-0.8345736210852736,-0.36072411010193617,0.2959561871371705,-0.9809026586381786,-0.11501147990331938,0.35431918216242986,-1.4115196875688498,-0.2568316901496938,0.3672252842518947,-1.6805819038279683,-0.33576202948453415,0.3575114001880328,-1.9176202329607317,-0.3885919276400794,0.10790923352012789,-0.9941607502416792,-0.14218559209044834,0.2494036154071096,-0.9941302246736929,-0.3411947026383291,0.27899423657208555,-0.7170877334883368,-0.3766725037547708,0.24712662414555361,-0.6190450118720019,-0.3534756383940585,-0.047707950971450724,-0.9080816200360134,-0.18582452537000174,0.13697551727394236,-0.7108780765741848,-0.35491469606094855,0.1558962368077712,-0.44836818699019626,-0.30290186335735303,0.11039179962449373,-0.4083089168325664,-0.2259528326114234,-0.17111498834440428,-0.7645936214079849,-0.24489703724761333,0.010880068816043337,-0.5585265875815918,-0.33568196740301276,0.03067279307075282,-0.3601549684031932,-0.2901239078724321,-0.014023121767544583,-0.3463733498018405,-0.22834432852014894,0.0,0.0,0.0,0.0,0.0,0.0,0.0,0.0,0.0,0.0,0.0,0.0,0.0,0.0,0.0,0.0,0.0,0.0,0.0,0.0,0.0,0.0,0.0,0.0,0.0,0.0,0.0,0.0,0.0,0.0,0.0,0.0,0.0,0.0,0.0,0.0,0.0,0.0,0.0,0.0,0.0,0.0,0.0,0.0,0.0,0.0,0.0,0.0,0.0,0.0,0.0,0.0,0.0,0.0,0.0,0.0,0.0,0.0,0.0,0.0,0.0,0.0,0.0
1,0.0,0.0,0.0,0.0,0.0,0.0,0.0,0.0,0.0,0.0,0.0,0.0,0.0,0.0,0.0,0.0,0.0,0.0,0.0,0.0,0.0,0.0,0.0,0.0,0.0,0.0,0.0,0.0,0.0,0.0,0.0,0.0,0.0,0.0,0.0,0.0,0.0,0.0,0.0,0.0,0.0,0.0,0.0,0.0,0.0,0.0,0.0,0.0,0.0,0.0,0.0,0.0,0.0,0.0,0.0,0.0,0.0,0.0,0.0,0.0,0.0,0.0,0.0,0.0,0.0,0.0,-0.24413238381381686,-0.12485843150151377,-0.10398880095615941,-0.41118079368854676,-0.39122885940116975,-0.18611768961110528,-0.4264418250016687,-0.6495575073526927,-0.2760309881679468,-0.3194800889602519,-0.8309652525962391,-0.35955045659652435,-0.29889265052242325,-0.981145330733036,-0.11592196119522814,-0.3556515886105056,-1.4141231318749001,-0.2570274213525343,-0.36838724876698864,-1.6836380602941243,-0.3345692972786467,-0.35881029865643604,-1.9217672575419211,-0.3864735845172511,-0.10971946678628519,-0.9939625941694854,-0.14261647644449843,-0.25115080720621846,-0.9942386649673818,-0.3405211265565288,-0.28113209585775956,-0.713264362516655,-0.374170198452033,-0.24915416575908003,-0.6141422251625589,-0.35007019892964675,0.04702243529580437,-0.9079681645706495,-0.1857848991204794,-0.135813029025098,-0.711996060792202,-0.35461839766057746,-0.1557683465330375,-0.44729234267043383,-0.30126873093328105,-0.11150905513500138,-0.4074748138844336,-0.22369397010330158,0.1713436113720003,-0.7648977214526181,-0.24427339030839715,-0.009361506625135445,-0.5608946640318374,-0.33490653670431225,-0.029674092224470188,-0.35981958101462763,-0.2881610518437504,0.014219811352820806,-0.3449929552217249,-0.2256546140836555
1,-0.0,0.0,0.0,0.24413238381381686,-0.12485843150151377,-0.10398880095615941,0.41118079368854676,-0.39122885940116975,-0.18611768961110528,0.4264418250016687,-0.6495575073526927,-0.2760309881679468,0.3194800889602519,-0.8309652525962391,-0.35955045659652435,0.29889265052242325,-0.981145330733036,-0.11592196119522814,0.3556515886105056,-1.4141231318749001,-0.2570274213525343,0.36838724876698864,-1.6836380602941243,-0.3345692972786467,0.35881029865643604,-1.9217672575419211,-0.3864735845172511,0.10971946678628519,-0.9939625941694854,-0.14261647644449843,0.25115080720621846,-0.9942386649673818,-0.3405211265565288,0.28113209585775956,-0.713264362516655,-0.374170198452033,0.24915416575908003,-0.6141422251625589,-0.35007019892964675,-0.04702243529580437,-0.9079681645706495,-0.1857848991204794,0.135813029025098,-0.711996060792202,-0.35461839766057746,0.1557683465330375,-0.44729234267043383,-0.30126873093328105,0.11150905513500138,-0.4074748138844336,-0.22369397010330158,-0.1713436113720003,-0.7648977214526181,-0.24427339030839715,0.009361506625135445,-0.5608946640318374,-0.33490653670431225,0.029674092224470188,-0.35981958101462763,-0.2881610518437504,-0.014219811352820806,-0.3449929552217249,-0.2256546140836555,0.0,0.0,0.0,0.0,0.0,0.0,0.0,0.0,0.0,0.0,0.0,0.0,0.0,0.0,0.0,0.0,0.0,0.0,0.0,0.0,0.0,0.0,0.0,0.0,0.0,0.0,0.0,0.0,0.0,0.0,0.0,0.0,0.0,0.0,0.0,0.0,0.0,0.0,0.0,0.0,0.0,0.0,0.0,0.0,0.0,0.0,0.0,0.0,0.0,0.0,0.0,0.0,0.0,0.0,0.0,0.0,0.0,0.0,0.0,0.0,0.0,0.0,0.0
1,0.0,0.0,0.0,0.0,0.0,0.0,0.0,0.0,0.0,0.0,0.0,0.0,0.0,0.0,0.0,0.0,0.0,0.0,0.0,0.0,0.0,0.0,0.0,0.0,0.0,0.0,0.0,0.0,0.0,0.0,0.0,0.0,0.0,0.0,0.0,0.0,0.0,0.0,0.0,0.0,0.0,0.0,0.0,0.0,0.0,0.0,0.0,0.0,0.0,0.0,0.0,0.0,0.0,0.0,0.0,0.0,0.0,0.0,0.0,0.0,0.0,0.0,0.0,0.0,0.0,0.0,-0.24087205167656958,-0.12562883282836174,-0.10175068609195069,-0.41238198060312553,-0.39923697027212796,-0.1800422729122258,-0.42590461256503837,-0.6774575541497858,-0.26517417527289355,-0.3089815957314496,-0.8585651057511063,-0.3432870406645752,-0.29944974091179954,-0.976641234193168,-0.11121513395575844,-0.36030117708841264,-1.4131813514109954,-0.24601337651690072,-0.3776100807753419,-1.679560460152103,-0.31943335214777385,-0.3726378135142953,-1.9198552766044454,-0.37061691362256843,-0.10574139439215338,-0.994393663250125,-0.13762513169538815,-0.24494313626175093,-1.0123610607921874,-0.3306220745281136,-0.2689462292345405,-0.7268375273168665,-0.361389642784817,-0.2315188843145134,-0.6165040690905469,-0.33618917399115056,0.0540280212084929,-0.9099539879471362,-0.18001844225604668,-0.1309440713007901,-0.7222408434267624,-0.34470084572353776,-0.14979444306296294,-0.45920448104064343,-0.2925212545421551,-0.10359089423711065,-0.4161819766119572,-0.21675417159638663,0.17954026556642455,-0.7686501206258445,-0.23741810215463924,-0.006043848470617366,-0.5698773774943924,-0.32688951095337393,-0.02464337837216788,-0.3707236156320707,-0.283547645157988,0.022576310992001702,-0.3527515980340705,-0.2247193858301321
1,-0.0,0.0,0.0,0.24087205167656958,-0.12562883282836174,-0.10175068609195069,0.41238198060312553,-0.39923697027212796,-0.1800422729122258,0.42590461256503837,-0.6774575541497858,-0.26517417527289355,0.3089815957314496,-0.8585651057511063,-0.3432870406645752,0.29944974091179954,-0.976641234193168,-0.11121513395575844,0.36030117708841264,-1.4131813514109954,-0.24601337651690072,0.3776100807753419,-1.679560460152103,-0.31943335214777385,0.3726378135142953,-1.9198552766044454,-0.37061691362256843,0.10574139439215338,-0.994393663250125,-0.13762513169538815,0.24494313626175093,-1.0123610607921874,-0.3306220745281136,0.2689462292345405,-0.7268375273168665,-0.361389642784817,0.2315188843145134,-0.6165040690905469,-0.33618917399115056,-0.0540280212084929,-0.9099539879471362,-0.18001844225604668,0.1309440713007901,-0.7222408434267624,-0.34470084572353776,0.14979444306296294,-0.45920448104064343,-0.2925212545421551,0.10359089423711065,-0.4161819766119572,-0.21675417159638663,-0.17954026556642455,-0.7686501206258445,-0.23741810215463924,0.006043848470617366,-0.5698773774943924,-0.32688951095337393,0.02464337837216788,-0.3707236156320707,-0.283547645157988,-0.022576310992001702,-0.3527515980340705,-0.2247193858301321,0.0,0.0,0.0,0.0,0.0,0.0,0.0,0.0,0.0,0.0,0.0,0.0,0.0,0.0,0.0,0.0,0.0,0.0,0.0,0.0,0.0,0.0,0.0,0.0,0.0,0.0,0.0,0.0,0.0,0.0,0.0,0.0,0.0,0.0,0.0,0.0,0.0,0.0,0.0,0.0,0.0,0.0,0.0,0.0,0.0,0.0,0.0,0.0,0.0,0.0,0.0,0.0,0.0,0.0,0.0,0.0,0.0,0.0,0.0,0.0,0.0,0.0,0.0
1,0.0,0.0,0.0,0.0,0.0,0.0,0.0,0.0,0.0,0.0,0.0,0.0,0.0,0.0,0.0,0.0,0.0,0.0,0.0,0.0,0.0,0.0,0.0,0.0,0.0,0.0,0.0,0.0,0.0,0.0,0.0,0.0,0.0,0.0,0.0,0.0,0.0,0.0,0.0,0.0,0.0,0.0,0.0,0.0,0.0,0.0,0.0,0.0,0.0,0.0,0.0,0.0,0.0,0.0,0.0,0.0,0.0,0.0,0.0,0.0,0.0,0.0,0.0,0.0,0.0,0.0,-0.239680839114848,-0.12680604373453608,-0.103166064534914,-0.41560649341973666,-0.39598422618914414,-0.18705890745286,-0.435196584020651,-0.665344788519205,-0.2782725840012916,-0.3129378511297072,-0.8356676016052266,-0.3631624403280923,-0.3036394897618365,-0.978252790690317,-0.12187743362911256,-0.3615566016517065,-1.4180766479023563,-0.263742662067538,-0.37791369404001346,-1.6880979949763628,-0.34092873152499625,-0.37275625952899033,-1.9314985894038443,-0.39494220208666725,-0.10710490953077474,-0.9942477248424583,-0.14909988069300642,-0.25412034129616,-1.003642753021192,-0.34629500605481406,-0.2762241797450015,-0.7045323634997682,-0.37409681216281615,-0.23468784771975493,-0.6012546929169351,-0.3468359499684367,0.05458772071005634,-0.9089487118618873,-0.1926643673016956,-0.1340711159503985,-0.7209279309218607,-0.3580449869909672,-0.15335080476628904,-0.45567721419359636,-0.29897424023576086,-0.10487472678950134,-0.42162502930968104,-0.21933364162116623,0.17925395011007494,-0.7659549480407973,-0.2517206516887753,-0.00861402606943715,-0.56572156153685,-0.340722972247341,-0.02490936671312761,-0.3670496315641823,-0.2935264972180343,0.026858859706143986,-0.35814752196775357,-0.23229806782970192
1,-0.0,0.0,0.0,0.239680839114848,-0.12680604373453608,-0.103166064534914,0.41560649341973666,-0.39598422618914414,-0.18705890745286,0.435196584020651,-0.665344788519205,-0.2782725840012916,0.3129378511297072,-0.8356676016052266,-0.3631624403280923,0.3036394897618365,-0.978252790690317,-0.12187743362911256,0.3615566016517065,-1.4180766479023563,-0.263742662067538,0.37791369404001346,-1.6880979949763628,-0.34092873152499625,0.37275625952899033,-1.9314985894038443,-0.39494220208666725,0.10710490953077474,-0.9942477248424583,-0.14909988069300642,0.25412034129616,-1.003642753021192,-0.34629500605481406,0.2762241797450015,-0.7045323634997682,-0.37409681216281615,0.23468784771975493,-0.6012546929169351,-0.3468359499684367,-0.05458772071005634,-0.9089487118618873,-0.1926643673016956,0.1340711159503985,-0.7209279309218607,-0.3580449869909672,0.15335080476628904,-0.45567721419359636,-0.29897424023576086,0.10487472678950134,-0.42162502930968104,-0.21933364162116623,-0.17925395011007494,-0.7659549480407973,-0.2517206516887753,0.00861402606943715,-0.56572156153685,-0.340722972247341,0.02490936671312761,-0.3670496315641823,-0.2935264972180343,-0.026858859706143986,-0.35814752196775357,-0.23229806782970192,0.0,0.0,0.0,0.0,0.0,0.0,0.0,0.0,0.0,0.0,0.0,0.0,0.0,0.0,0.0,0.0,0.0,0.0,0.0,0.0,0.0,0.0,0.0,0.0,0.0,0.0,0.0,0.0,0.0,0.0,0.0,0.0,0.0,0.0,0.0,0.0,0.0,0.0,0.0,0.0,0.0,0.0,0.0,0.0,0.0,0.0,0.0,0.0,0.0,0.0,0.0,0.0,0.0,0.0,0.0,0.0,0.0,0.0,0.0,0.0,0.0,0.0,0.0
1,0.0,0.0,0.0,0.0,0.0,0.0,0.0,0.0,0.0,0.0,0.0,0.0,0.0,0.0,0.0,0.0,0.0,0.0,0.0,0.0,0.0,0.0,0.0,0.0,0.0,0.0,0.0,0.0,0.0,0.0,0.0,0.0,0.0,0.0,0.0,0.0,0.0,0.0,0.0,0.0,0.0,0.0,0.0,0.0,0.0,0.0,0.0,0.0,0.0,0.0,0.0,0.0,0.0,0.0,0.0,0.0,0.0,0.0,0.0,0.0,0.0,0.0,0.0,0.0,0.0,0.0,-0.23585518520163903,-0.12510537532875923,-0.10149953491832524,-0.4119431930107242,-0.39417472792969865,-0.1837704252015053,-0.4304249237558559,-0.6633529301220162,-0.2732058680644268,-0.3081408860769891,-0.8303396899364214,-0.3563979116892164,-0.3000854693321334,-0.9783600921817698,-0.12062109033049086,-0.3575023980726565,-1.4145224560198542,-0.2610501480642,-0.37361418878239244,-1.6838933329285684,-0.33800144189914033,-0.3686913429411688,-1.9266659370114336,-0.3926261256412354,-0.1037615567098272,-0.9946022015605804,-0.14848532937201933,-0.25323802735843537,-1.001514971087401,-0.34340997434360193,-0.2741056973879468,-0.7004640769875163,-0.36988568881986233,-0.23142052157300338,-0.5990786138703864,-0.3427030331689445,0.058326424509689105,-0.9076119601574953,-0.19258078086797026,-0.12987780088038994,-0.7209535083615605,-0.35571295238869727,-0.14973409958096556,-0.4557288983626167,-0.2952523374611199,-0.1020801313636137,-0.423516803583441,-0.2159522649906152,0.18339323754602543,-0.7620436821239475,-0.2521975037845018,-0.0032824442103536835,-0.5614877630268026,-0.3409099891305672,-0.020408204417663906,-0.363946540024536,-0.29400412254893404,0.030355087931291925,-0.3577114822751907,-0.23371261079464564
1,-0.0,0.0,0.0,0.23585518520163903,-0.12510537532875923,-0.10149953491832524,0.4119431930107242,-0.39417472792969865,-0.1837704252015053,0.4304249237558559,-0.6633529301220162,-0.2732058680644268,0.3081408860769891,-0.8303396899364214,-0.3563979116892164,0.3000854693321334,-0.9783600921817698,-0.12062109033049086,0.3575023980726565,-1.4145224560198542,-0.2610501480642,0.37361418878239244,-1.6838933329285684,-0.33800144189914033,0.3686913429411688,-1.9266659370114336,-0.3926261256412354,0.1037615567098272,-0.9946022015605804,-0.14848532937201933,0.25323802735843537,-1.001514971087401,-0.34340997434360193,0.2741056973879468,-0.7004640769875163,-0.36988568881986233,0.23142052157300338,-0.5990786138703864,-0.3427030331689445,-0.058326424509689105,-0.9076119601574953,-0.19258078086797026,0.12987780088038994,-0.7209535083615605,-0.35571295238869727,0.14973409958096556,-0.4557288983626167,-0.2952523374611199,0.1020801313636137,-0.423516803583441,-0.2159522649906152,-0.18339323754602543,-0.7620436821239475,-0.2521975037845018,0.0032824442103536835,-0.5614877630268026,-0.3409099891305672,0.020408204417663906,-0.363946540024536,-0.29400412254893404,-0.030355087931291925,-0.3577114822751907,-0.23371261079464564,0.0,0.0,0.0,0.0,0.0,0.0,0.0,0.0,0.0,0.0,0.0,0.0,0.0,0.0,0.0,0.0,0.0,0.0,0.0,0.0,0.0,0.0,0.0,0.0,0.0,0.0,0.0,0.0,0.0,0.0,0.0,0.0,0.0,0.0,0.0,0.0,0.0,0.0,0.0,0.0,0.0,0.0,0.0,0.0,0.0,0.0,0.0,0.0,0.0,0.0,0.0,0.0,0.0,0.0,0.0,0.0,0.0,0.0,0.0,0.0,0.0,0.0,0.0
1,0.0,0.0,0.0,0.0,0.0,0.0,0.0,0.0,0.0,0.0,0.0,0.0,0.0,0.0,0.0,0.0,0.0,0.0,0.0,0.0,0.0,0.0,0.0,0.0,0.0,0.0,0.0,0.0,0.0,0.0,0.0,0.0,0.0,0.0,0.0,0.0,0.0,0.0,0.0,0.0,0.0,0.0,0.0,0.0,0.0,0.0,0.0,0.0,0.0,0.0,0.0,0.0,0.0,0.0,0.0,0.0,0.0,0.0,0.0,0.0,0.0,0.0,0.0,0.0,0.0,0.0,-0.2363719360132213,-0.12449905098134723,-0.10714340761065905,-0.40809049204814174,-0.39449904915487316,-0.18993190601863055,-0.42530121228327844,-0.6622794965306478,-0.2792066640285769,-0.31265117093780775,-0.8444377933065207,-0.3617442497300559,-0.2993130092988213,-0.9811147923879978,-0.11843056874298215,-0.35486925729474067,-1.4213215655899916,-0.2618101576312067,-0.3724308634009873,-1.6937749021560449,-0.3391963904489875,-0.3687202521299647,-1.9354431155058485,-0.3922984139769473,-0.10722821393612522,-0.9942344341934998,-0.1445753064013901,-0.2562249331868676,-1.0223099387384005,-0.35078911980604244,-0.28317934783122134,-0.7165762905393158,-0.3816654406321493,-0.2452637711339511,-0.5966736536224926,-0.35253598344059495,0.052651147452320364,-0.9088434811217264,-0.18791754984305803,-0.1329279457686313,-0.7389239308525549,-0.3634634746270919,-0.15296497399355907,-0.46118972103050804,-0.3059031284827178,-0.10790517556624639,-0.41146671208302116,-0.22324304285275154,0.18100612607555394,-0.7645214232121269,-0.2466881898281142,-0.0015723067744296542,-0.5696619848732958,-0.3448247756734842,-0.017515939141669424,-0.3656271672754642,-0.3003635893602008,0.031195307981661355,-0.35331099140792727,-0.23837961386056145
1,-0.0,0.0,0.0,0.2363719360132213,-0.12449905098134723,-0.10714340761065905,0.40809049204814174,-0.39449904915487316,-0.18993190601863055,0.42530121228327844,-0.6622794965306478,-0.2792066640285769,0.31265117093780775,-0.8444377933065207,-0.3617442497300559,0.2993130092988213,-0.9811147923879978,-0.11843056874298215,0.35486925729474067,-1.4213215655899916,-0.2618101576312067,0.3724308634009873,-1.6937749021560449,-0.3391963904489875,0.3687202521299647,-1.9354431155058485,-0.3922984139769473,0.10722821393612522,-0.9942344341934998,-0.1445753064013901,0.2562249331868676,-1.0223099387384005,-0.35078911980604244,0.28317934783122134,-0.7165762905393158,-0.3816654406321493,0.2452637711339511,-0.5966736536224926,-0.35253598344059495,-0.052651147452320364,-0.9088434811217264,-0.18791754984305803,0.1329279457686313,-0.7389239308525549,-0.3634634746270919,0.15296497399355907,-0.46118972103050804,-0.3059031284827178,0.10790517556624639,-0.41146671208302116,-0.22324304285275154,-0.18100612607555394,-0.7645214232121269,-0.2466881898281142,0.0015723067744296542,-0.5696619848732958,-0.3448247756734842,0.017515939141669424,-0.3656271672754642,-0.3003635893602008,-0.031195307981661355,-0.35331099140792727,-0.23837961386056145,0.0,0.0,0.0,0.0,0.0,0.0,0.0,0.0,0.0,0.0,0.0,0.0,0.0,0.0,0.0,0.0,0.0,0.0,0.0,0.0,0.0,0.0,0.0,0.0,0.0,0.0,0.0,0.0,0.0,0.0,0.0,0.0,0.0,0.0,0.0,0.0,0.0,0.0,0.0,0.0,0.0,0.0,0.0,0.0,0.0,0.0,0.0,0.0,0.0,0.0,0.0,0.0,0.0,0.0,0.0,0.0,0.0,0.0,0.0,0.0,0.0,0.0,0.0
1,0.0,0.0,0.0,0.0,0.0,0.0,0.0,0.0,0.0,0.0,0.0,0.0,0.0,0.0,0.0,0.0,0.0,0.0,0.0,0.0,0.0,0.0,0.0,0.0,0.0,0.0,0.0,0.0,0.0,0.0,0.0,0.0,0.0,0.0,0.0,0.0,0.0,0.0,0.0,0.0,0.0,0.0,0.0,0.0,0.0,0.0,0.0,0.0,0.0,0.0,0.0,0.0,0.0,0.0,0.0,0.0,0.0,0.0,0.0,0.0,0.0,0.0,0.0,0.0,0.0,0.0,-0.24411034690744243,-0.1319138158034372,-0.09924635854473637,-0.4111365141980049,-0.4106618261004804,-0.1762989976525307,-0.42473796362588584,-0.6797877135080971,-0.2608100738549047,-0.3083831702848226,-0.8581844061133052,-0.33866460807359744,-0.3022105758400586,-0.9806803221057527,-0.11278391954489968,-0.3678366863327612,-1.4310392116022805,-0.24945109277887872,-0.38463726417238936,-1.7014286434130936,-0.32365105088599905,-0.3782696545538016,-1.944356667881913,-0.3743774661160595,-0.10766129450345285,-0.9941876310163192,-0.1398379286445366,-0.24327916172683212,-1.0129439952820827,-0.33819259988860967,-0.26888290867095677,-0.7300760661119678,-0.3717376491938607,-0.23453769932638557,-0.6182926538328493,-0.3474545837625287,0.05330991963113573,-0.911193625814683,-0.1823361362617062,-0.1305040443777261,-0.7286671192747295,-0.3472017443220479,-0.14858039801623085,-0.4704285483366814,-0.2943803933610626,-0.10205024480868456,-0.4292650917731221,-0.21830063121979282,0.17896208543474357,-0.7717546156082201,-0.23982259650771426,-0.006348781515124816,-0.5669994027434259,-0.3273962286560234,-0.020281028352021804,-0.36977680557791265,-0.28215085300484877,0.030824216565596904,-0.35631787252441877,-0.22196338450038744
1,-0.0,0.0,0.0,0.24411034690744243,-0.1319138158034372,-0.09924635854473637,0.4111365141980049,-0.4106618261004804,-0.1762989976525307,0.42473796362588584,-0.6797877135080971,-0.2608100738549047,0.3083831702848226,-0.8581844061133052,-0.33866460807359744,0.3022105758400586,-0.9806803221057527,-0.11278391954489968,0.3678366863327612,-1.4310392116022805,-0.24945109277887872,0.38463726417238936,-1.7014286434130936,-0.32365105088599905,0.3782696545538016,-1.944356667881913,-0.3743774661160595,0.10766129450345285,-0.9941876310163192,-0.1398379286445366,0.24327916172683212,-1.0129439952820827,-0.33819259988860967,0.26888290867095677,-0.7300760661119678,-0.3717376491938607,0.23453769932638557,-0.6182926538328493,-0.3474545837625287,-0.05330991963113573,-0.911193625814683,-0.1823361362617062,0.1305040443777261,-0.7286671192747295,-0.3472017443220479,0.14858039801623085,-0.4704285483366814,-0.2943803933610626,0.10205024480868456,-0.4292650917731221,-0.21830063121979282,-0.17896208543474357,-0.7717546156082201,-0.23982259650771426,0.006348781515124816,-0.5669994027434259,-0.3273962286560234,0.020281028352021804,-0.36977680557791265,-0.28215085300484877,-0.030824216565596904,-0.35631787252441877,-0.22196338450038744,0.0,0.0,0.0,0.0,0.0,0.0,0.0,0.0,0.0,0.0,0.0,0.0,0.0,0.0,0.0,0.0,0.0,0.0,0.0,0.0,0.0,0.0,0.0,0.0,0.0,0.0,0.0,0.0,0.0,0.0,0.0,0.0,0.0,0.0,0.0,0.0,0.0,0.0,0.0,0.0,0.0,0.0,0.0,0.0,0.0,0.0,0.0,0.0,0.0,0.0,0.0,0.0,0.0,0.0,0.0,0.0,0.0,0.0,0.0,0.0,0.0,0.0,0.0
1,0.0,0.0,0.0,0.0,0.0,0.0,0.0,0.0,0.0,0.0,0.0,0.0,0.0,0.0,0.0,0.0,0.0,0.0,0.0,0.0,0.0,0.0,0.0,0.0,0.0,0.0,0.0,0.0,0.0,0.0,0.0,0.0,0.0,0.0,0.0,0.0,0.0,0.0,0.0,0.0,0.0,0.0,0.0,0.0,0.0,0.0,0.0,0.0,0.0,0.0,0.0,0.0,0.0,0.0,0.0,0.0,0.0,0.0,0.0,0.0,0.0,0.0,0.0,0.0,0.0,0.0,-0.2354093842660406,-0.11935551907733111,-0.11023043470976684,-0.4119333893756586,-0.3852987882904455,-0.1983024969975791,-0.4318548942094308,-0.6602612634140262,-0.29243385551822,-0.31534118634110464,-0.852954104003184,-0.37883455724476645,-0.3034520324769897,-0.9764691718303292,-0.1313926630902778,-0.36550334710669413,-1.429198772060944,-0.2793443557151821,-0.3869934754543478,-1.7037278861469256,-0.3579757126237491,-0.3851876205640595,-1.9507726418744133,-0.4125030686404451,-0.1064884754116318,-0.9943139366440089,-0.1555029223389538,-0.24889019515558344,-0.9931032290730205,-0.35812387879008933,-0.2652186101133225,-0.6918166225318383,-0.3828022175338677,-0.21946467726711785,-0.5986122766476817,-0.35359562144900786,0.0545723196380382,-0.9117692792232165,-0.19724973104281626,-0.12678306796236957,-0.7216128834085491,-0.36682940827160604,-0.14568792600806302,-0.4525194021971008,-0.30137999554400524,-0.09912768233251248,-0.42799960849238045,-0.21823388072515082,0.1809206473106202,-0.7717969742839345,-0.25548222393520154,0.0004866001720718959,-0.5629555732224065,-0.3483697383510274,-0.015269700977913718,-0.36299903890819374,-0.3003638314941924,0.034466960487550595,-0.3658311953518798,-0.23854986892546134
1,-0.0,0.0,0.0,0.2354093842660406,-0.11935551907733111,-0.11023043470976684,0.4119333893756586,-0.3852987882904455,-0.1983024969975791,0.4318548942094308,-0.6602612634140262,-0.29243385551822,0.31534118634110464,-0.852954104003184,-0.37883455724476645,0.3034520324769897,-0.9764691718303292,-0.1313926630902778,0.36550334710669413,-1.429198772060944,-0.2793443557151821,0.3869934754543478,-1.7037278861469256,-0.3579757126237491,0.3851876205640595,-1.9507726418744133,-0.4125030686404451,0.1064884754116318,-0.9943139366440089,-0.1555029223389538,0.24889019515558344,-0.9931032290730205,-0.35812387879008933,0.2652186101133225,-0.6918166225318383,-0.3828022175338677,0.21946467726711785,-0.5986122766476817,-0.35359562144900786,-0.0545723196380382,-0.9117692792232165,-0.19724973104281626,0.12678306796236957,-0.7216128834085491,-0.36682940827160604,0.14568792600806302,-0.4525194021971008,-0.30137999554400524,0.09912768233251248,-0.42799960849238045,-0.21823388072515082,-0.1809206473106202,-0.7717969742839345,-0.25548222393520154,-0.0004866001720718959,-0.5629555732224065,-0.3483697383510274,0.015269700977913718,-0.36299903890819374,-0.3003638314941924,-0.034466960487550595,-0.3658311953518798,-0.23854986892546134,0.0,0.0,0.0,0.0,0.0,0.0,0.0,0.0,0.0,0.0,0.0,0.0,0.0,0.0,0.0,0.0,0.0,0.0,0.0,0.0,0.0,0.0,0.0,0.0,0.0,0.0,0.0,0.0,0.0,0.0,0.0,0.0,0.0,0.0,0.0,0.0,0.0,0.0,0.0,0.0,0.0,0.0,0.0,0.0,0.0,0.0,0.0,0.0,0.0,0.0,0.0,0.0,0.0,0.0,0.0,0.0,0.0,0.0,0.0,0.0,0.0,0.0,0.0
1,0.0,0.0,0.0,0.0,0.0,0.0,0.0,0.0,0.0,0.0,0.0,0.0,0.0,0.0,0.0,0.0,0.0,0.0,0.0,0.0,0.0,0.0,0.0,0.0,0.0,0.0,0.0,0.0,0.0,0.0,0.0,0.0,0.0,0.0,0.0,0.0,0.0,0.0,0.0,0.0,0.0,0.0,0.0,0.0,0.0,0.0,0.0,0.0,0.0,0.0,0.0,0.0,0.0,0.0,0.0,0.0,0.0,0.0,0.0,0.0,0.0,0.0,0.0,0.0,0.0,0.0,-0.23530696888426092,-0.11961174054389212,-0.11201184314366168,-0.4114437281532017,-0.38341465466948405,-0.20316795619688488,-0.43426917014437455,-0.659156403957412,-0.3005589777036812,-0.31855911387937985,-0.855898851043156,-0.3901459724036922,-0.30324159058336253,-0.976714286477707,-0.1349354595072846,-0.36502996823566397,-1.43180629731635,-0.28569971696137647,-0.3842045534579662,-1.7108629885199413,-0.3650366142839273,-0.37911843673255,-1.9600986446198392,-0.4193388301024402,-0.10569760409541143,-0.9943983188282699,-0.15900729596178328,-0.25051071903898986,-0.9883779042726877,-0.3631450491982985,-0.2646548961872741,-0.6840955873908162,-0.3864008128057756,-0.2159256241896051,-0.5945462861066766,-0.35569651149101394,0.05700242246650849,-0.9110493072975109,-0.20097146592762333,-0.12688767843695659,-0.7163350985746134,-0.37266804127649245,-0.14493755864744806,-0.44577259092190163,-0.30573967441561295,-0.0966766827734755,-0.4227704610438314,-0.22102671900971577,0.1862110175542544,-0.7713874410847147,-0.2595298157840232,0.001903517501507188,-0.5637770952993347,-0.35415710961525004,-0.015209847619061074,-0.35937429291013173,-0.30493248792996186,0.034490029837297244,-0.3587146581323817,-0.24152658464014093
1,-0.0,0.0,0.0,0.23530696888426092,-0.11961174054389212,-0.11201184314366168,0.4114437281532017,-0.38341465466948405,-0.20316795619688488,0.43426917014437455,-0.659156403957412,-0.3005589777036812,0.31855911387937985,-0.855898851043156,-0.3901459724036922,0.30324159058336253,-0.976714286477707,-0.1349354595072846,0.36502996823566397,-1.43180629731635,-0.28569971696137647,0.3842045534579662,-1.7108629885199413,-0.3650366142839273,0.37911843673255,-1.9600986446198392,-0.4193388301024402,0.10569760409541143,-0.9943983188282699,-0.15900729596178328,0.25051071903898986,-0.9883779042726877,-0.3631450491982985,0.2646548961872741,-0.6840955873908162,-0.3864008128057756,0.2159256241896051,-0.5945462861066766,-0.35569651149101394,-0.05700242246650849,-0.9110493072975109,-0.20097146592762333,0.12688767843695659,-0.7163350985746134,-0.37266804127649245,0.14493755864744806,-0.44577259092190163,-0.30573967441561295,0.0966766827734755,-0.4227704610438314,-0.22102671900971577,-0.1862110175542544,-0.7713874410847147,-0.2595298157840232,-0.001903517501507188,-0.5637770952993347,-0.35415710961525004,0.015209847619061074,-0.35937429291013173,-0.30493248792996186,-0.034490029837297244,-0.3587146581323817,-0.24152658464014093,0.0,0.0,0.0,0.0,0.0,0.0,0.0,0.0,0.0,0.0,0.0,0.0,0.0,0.0,0.0,0.0,0.0,0.0,0.0,0.0,0.0,0.0,0.0,0.0,0.0,0.0,0.0,0.0,0.0,0.0,0.0,0.0,0.0,0.0,0.0,0.0,0.0,0.0,0.0,0.0,0.0,0.0,0.0,0.0,0.0,0.0,0.0,0.0,0.0,0.0,0.0,0.0,0.0,0.0,0.0,0.0,0.0,0.0,0.0,0.0,0.0,0.0,0.0
1,0.0,0.0,0.0,0.0,0.0,0.0,0.0,0.0,0.0,0.0,0.0,0.0,0.0,0.0,0.0,0.0,0.0,0.0,0.0,0.0,0.0,0.0,0.0,0.0,0.0,0.0,0.0,0.0,0.0,0.0,0.0,0.0,0.0,0.0,0.0,0.0,0.0,0.0,0.0,0.0,0.0,0.0,0.0,0.0,0.0,0.0,0.0,0.0,0.0,0.0,0.0,0.0,0.0,0.0,0.0,0.0,0.0,0.0,0.0,0.0,0.0,0.0,0.0,0.0,0.0,0.0,-0.2345933631227478,-0.12228325340403007,-0.10913664780623063,-0.4109696141618937,-0.38110960600775606,-0.1988345466040849,-0.4378393573572015,-0.6425720245607445,-0.2957604865836603,-0.3198888863230221,-0.8168335355715058,-0.38584835677163565,-0.30873773863074444,-0.9747064303508476,-0.13084437888732292,-0.3725031890638272,-1.4178115921679566,-0.28481283138061714,-0.3935523764960875,-1.6941282230876171,-0.3675661513691643,-0.3927782281365358,-1.945204701362007,-0.42391230175242284,-0.11355303874801934,-0.9935319357680914,-0.15757992192390863,-0.27070488063099113,-0.994892885282911,-0.36705531386555995,-0.28834302843635673,-0.6881026222162272,-0.3949230041732607,-0.24593378376149724,-0.5954260043156073,-0.3649225543924169,0.05125087727174385,-0.9111233752135655,-0.20213289592473177,-0.138800344149988,-0.7142184373449566,-0.3782491373802525,-0.1501338871380662,-0.4423261991020873,-0.3156161265184383,-0.09991300683084318,-0.4176744982482457,-0.2310558241749167,0.18355679344591896,-0.7715095425421864,-0.2629901833538722,-0.0034305721548009652,-0.5625610130302033,-0.35989671116442806,-0.015800164439990685,-0.358703320545052,-0.3123796760538323,0.03708319199507224,-0.3571533731897875,-0.2488657756940492
1,-0.0,0.0,0.0,0.2345933631227478,-0.12228325340403007,-0.10913664780623063,0.4109696141618937,-0.38110960600775606,-0.1988345466040849,0.4378393573572015,-0.6425720245607445,-0.2957604865836603,0.3198888863230221,-0.8168335355715058,-0.38584835677163565,0.30873773863074444,-0.9747064303508476,-0.13084437888732292,0.3725031890638272,-1.4178115921679566,-0.28481283138061714,0.3935523764960875,-1.6941282230876171,-0.3675661513691643,0.3927782281365358,-1.945204701362007,-0.42391230175242284,0.11355303874801934,-0.9935319357680914,-0.15757992192390863,0.27070488063099113,-0.994892885282911,-0.36705531386555995,0.28834302843635673,-0.6881026222162272,-0.3949230041732607,0.24593378376149724,-0.5954260043156073,-0.3649225543924169,-0.05125087727174385,-0.9111233752135655,-0.20213289592473177,0.138800344149988,-0.7142184373449566,-0.3782491373802525,0.1501338871380662,-0.4423261991020873,-0.3156161265184383,0.09991300683084318,-0.4176744982482457,-0.2310558241749167,-0.18355679344591896,-0.7715095425421864,-0.2629901833538722,0.0034305721548009652,-0.5625610130302033,-0.35989671116442806,0.015800164439990685,-0.358703320545052,-0.3123796760538323,-0.03708319199507224,-0.3571533731897875,-0.2488657756940492,0.0,0.0,0.0,0.0,0.0,0.0,0.0,0.0,0.0,0.0,0.0,0.0,0.0,0.0,0.0,0.0,0.0,0.0,0.0,0.0,0.0,0.0,0.0,0.0,0.0,0.0,0.0,0.0,0.0,0.0,0.0,0.0,0.0,0.0,0.0,0.0,0.0,0.0,0.0,0.0,0.0,0.0,0.0,0.0,0.0,0.0,0.0,0.0,0.0,0.0,0.0,0.0,0.0,0.0,0.0,0.0,0.0,0.0,0.0,0.0,0.0,0.0,0.0
1,0.0,0.0,0.0,0.0,0.0,0.0,0.0,0.0,0.0,0.0,0.0,0.0,0.0,0.0,0.0,0.0,0.0,0.0,0.0,0.0,0.0,0.0,0.0,0.0,0.0,0.0,0.0,0.0,0.0,0.0,0.0,0.0,0.0,0.0,0.0,0.0,0.0,0.0,0.0,0.0,0.0,0.0,0.0,0.0,0.0,0.0,0.0,0.0,0.0,0.0,0.0,0.0,0.0,0.0,0.0,0.0,0.0,0.0,0.0,0.0,0.0,0.0,0.0,0.0,0.0,0.0,-0.23124556857086326,-0.12133998480242618,-0.10826679607262306,-0.40437801105503307,-0.3898874207172358,-0.19356321462066392,-0.42654260821919887,-0.6582260215734623,-0.28553628049225693,-0.3103834231795083,-0.8352513567488967,-0.3708587949029137,-0.30159599288152933,-0.9766902164715142,-0.12485402667118652,-0.360767743684252,-1.4197887283265476,-0.2725891202790078,-0.3783903146395468,-1.6956258982020953,-0.35173716445725406,-0.37419098512602705,-1.9406188660275998,-0.40587557458642015,-0.10664164992854493,-0.9942975201118213,-0.15058713720136835,-0.25119804084554653,-1.0047120099785003,-0.3543196921293313,-0.27529913333754014,-0.6998114612939862,-0.38136499089600373,-0.23672026414711406,-0.5991545988406595,-0.3514089512638444,0.055528315133133714,-0.9106367234380399,-0.19381761307241377,-0.12590491198377887,-0.7205919127761329,-0.36592833821138426,-0.14517417191275803,-0.4479307533639851,-0.30441145285311344,-0.09853306988627356,-0.4176864750037748,-0.2214106608431017,0.18304583726249912,-0.7688527133444483,-0.2530076471664109,0.0020872600633323104,-0.5615473851969571,-0.34775812048855825,-0.015198339439731756,-0.3584781916973313,-0.30057574443539686,0.03393515175851133,-0.35680723859804137,-0.23801466674479632
1,-0.0,0.0,0.0,0.23124556857086326,-0.12133998480242618,-0.10826679607262306,0.40437801105503307,-0.3898874207172358,-0.19356321462066392,0.42654260821919887,-0.6582260215734623,-0.28553628049225693,0.3103834231795083,-0.8352513567488967,-0.3708587949029137,0.30159599288152933,-0.9766902164715142,-0.12485402667118652,0.360767743684252,-1.4197887283265476,-0.2725891202790078,0.3783903146395468,-1.6956258982020953,-0.35173716445725406,0.37419098512602705,-1.9406188660275998,-0.40587557458642015,0.10664164992854493,-0.9942975201118213,-0.15058713720136835,0.25119804084554653,-1.0047120099785003,-0.3543196921293313,0.27529913333754014,-0.6998114612939862,-0.38136499089600373,0.23672026414711406,-0.5991545988406595,-0.3514089512638444,-0.055528315133133714,-0.9106367234380399,-0.19381761307241377,0.12590491198377887,-0.7205919127761329,-0.36592833821138426,0.14517417191275803,-0.4479307533639851,-0.30441145285311344,0.09853306988627356,-0.4176864750037748,-0.2214106608431017,-0.18304583726249912,-0.7688527133444483,-0.2530076471664109,-0.0020872600633323104,-0.5615473851969571,-0.34775812048855825,0.015198339439731756,-0.3584781916973313,-0.30057574443539686,-0.03393515175851133,-0.35680723859804137,-0.23801466674479632,0.0,0.0,0.0,0.0,0.0,0.0,0.0,0.0,0.0,0.0,0.0,0.0,0.0,0.0,0.0,0.0,0.0,0.0,0.0,0.0,0.0,0.0,0.0,0.0,0.0,0.0,0.0,0.0,0.0,0.0,0.0,0.0,0.0,0.0,0.0,0.0,0.0,0.0,0.0,0.0,0.0,0.0,0.0,0.0,0.0,0.0,0.0,0.0,0.0,0.0,0.0,0.0,0.0,0.0,0.0,0.0,0.0,0.0,0.0,0.0,0.0,0.0,0.0
1,0.0,0.0,0.0,0.0,0.0,0.0,0.0,0.0,0.0,0.0,0.0,0.0,0.0,0.0,0.0,0.0,0.0,0.0,0.0,0.0,0.0,0.0,0.0,0.0,0.0,0.0,0.0,0.0,0.0,0.0,0.0,0.0,0.0,0.0,0.0,0.0,0.0,0.0,0.0,0.0,0.0,0.0,0.0,0.0,0.0,0.0,0.0,0.0,0.0,0.0,0.0,0.0,0.0,0.0,0.0,0.0,0.0,0.0,0.0,0.0,0.0,0.0,0.0,0.0,0.0,0.0,-0.2346041000212143,-0.12273855296822901,-0.10803996257690918,-0.4052806251599509,-0.39036702104689947,-0.1929372759350665,-0.42754446386319156,-0.6578294911091731,-0.28447107146726847,-0.3122539511903937,-0.8320749736004397,-0.36932276763321525,-0.3043243536379032,-0.977539225546663,-0.12449093313907524,-0.363443555536424,-1.4191137819855537,-0.27132520359552215,-0.38153842605372684,-1.693959088539764,-0.35036150157697754,-0.3776551320318499,-1.93798473064218,-0.40448011511248944,-0.10922261955133636,-0.9940173134198136,-0.14929567406966857,-0.2552514277628173,-0.9946788603427695,-0.35049034700950804,-0.2800742440707075,-0.6924437452418399,-0.37686019147593697,-0.2424502910417345,-0.5953618022186887,-0.3475133518958921,0.05326145520207211,-0.9099992241093255,-0.19149316450907491,-0.12939205774982665,-0.7130090248640456,-0.3610751996577456,-0.1484397188456948,-0.44327365888495496,-0.299287294379007,-0.10196842473004447,-0.4152642783637794,-0.21700408470571939,0.1800241695759779,-0.7680866776759576,-0.2498103596246117,-0.002031641843886776,-0.5567709311203933,-0.3431171212865241,-0.018136166259516143,-0.35528031102141117,-0.295781978655513,0.03243862055606274,-0.3537711146530251,-0.23340068480465892
1,-0.0,0.0,0.0,0.2346041000212143,-0.12273855296822901,-0.10803996257690918,0.4052806251599509,-0.39036702104689947,-0.1929372759350665,0.42754446386319156,-0.6578294911091731,-0.28447107146726847,0.3122539511903937,-0.8320749736004397,-0.36932276763321525,0.3043243536379032,-0.977539225546663,-0.12449093313907524,0.363443555536424,-1.4191137819855537,-0.27132520359552215,0.38153842605372684,-1.693959088539764,-0.35036150157697754,0.3776551320318499,-1.93798473064218,-0.40448011511248944,0.10922261955133636,-0.9940173134198136,-0.14929567406966857,0.2552514277628173,-0.9946788603427695,-0.35049034700950804,0.2800742440707075,-0.6924437452418399,-0.37686019147593697,0.2424502910417345,-0.5953618022186887,-0.3475133518958921,-0.05326145520207211,-0.9099992241093255,-0.19149316450907491,0.12939205774982665,-0.7130090248640456,-0.3610751996577456,0.1484397188456948,-0.44327365888495496,-0.299287294379007,0.10196842473004447,-0.4152642783637794,-0.21700408470571939,-0.1800241695759779,-0.7680866776759576,-0.2498103596246117,0.002031641843886776,-0.5567709311203933,-0.3431171212865241,0.018136166259516143,-0.35528031102141117,-0.295781978655513,-0.03243862055606274,-0.3537711146530251,-0.23340068480465892,0.0,0.0,0.0,0.0,0.0,0.0,0.0,0.0,0.0,0.0,0.0,0.0,0.0,0.0,0.0,0.0,0.0,0.0,0.0,0.0,0.0,0.0,0.0,0.0,0.0,0.0,0.0,0.0,0.0,0.0,0.0,0.0,0.0,0.0,0.0,0.0,0.0,0.0,0.0,0.0,0.0,0.0,0.0,0.0,0.0,0.0,0.0,0.0,0.0,0.0,0.0,0.0,0.0,0.0,0.0,0.0,0.0,0.0,0.0,0.0,0.0,0.0,0.0
1,0.0,0.0,0.0,0.0,0.0,0.0,0.0,0.0,0.0,0.0,0.0,0.0,0.0,0.0,0.0,0.0,0.0,0.0,0.0,0.0,0.0,0.0,0.0,0.0,0.0,0.0,0.0,0.0,0.0,0.0,0.0,0.0,0.0,0.0,0.0,0.0,0.0,0.0,0.0,0.0,0.0,0.0,0.0,0.0,0.0,0.0,0.0,0.0,0.0,0.0,0.0,0.0,0.0,0.0,0.0,0.0,0.0,0.0,0.0,0.0,0.0,0.0,0.0,0.0,0.0,0.0,-0.23447089693630524,-0.12437562937321663,-0.10272496503940813,-0.40797437757819127,-0.3910444204531922,-0.18215961257820665,-0.4288748810315933,-0.6513285924727703,-0.2689696599225323,-0.31632073070928096,-0.8282836599409616,-0.3481825686857759,-0.30871139421792526,-0.9767830104189703,-0.11176735353297211,-0.3665749063069504,-1.4098697640701892,-0.2531746483328262,-0.382795326344166,-1.675667459018425,-0.3300052529187713,-0.3776826642012636,-1.9149260104302592,-0.38313287151251574,-0.12059404099096108,-0.9927019075621193,-0.13744757354104037,-0.26431734441013277,-1.0001581881170956,-0.3374156436868261,-0.28550708849110185,-0.7101943914961458,-0.36790248988564134,-0.24919962895864872,-0.6126308149215526,-0.3418688425976741,0.03724145166626742,-0.9122619700073262,-0.18045043734156788,-0.13987396011622613,-0.7250470259431774,-0.34555760538888475,-0.15417591712019954,-0.46493183631543966,-0.28807042329510635,-0.10916613434788956,-0.43702652682839205,-0.20975870896502433,0.1635935811561858,-0.7738613419912036,-0.23945535665279444,-0.009386620944833482,-0.5667086352092737,-0.32645992945418073,-0.02479776109269212,-0.3760878591357796,-0.2815843743086162,0.02109148594897246,-0.37733012266173716,-0.22273009834570662
1,-0.0,0.0,0.0,0.23447089693630524,-0.12437562937321663,-0.10272496503940813,0.40797437757819127,-0.3910444204531922,-0.18215961257820665,0.4288748810315933,-0.6513285924727703,-0.2689696599225323,0.31632073070928096,-0.8282836599409616,-0.3481825686857759,0.30871139421792526,-0.9767830104189703,-0.11176735353297211,0.3665749063069504,-1.4098697640701892,-0.2531746483328262,0.382795326344166,-1.675667459018425,-0.3300052529187713,0.3776826642012636,-1.9149260104302592,-0.38313287151251574,0.12059404099096108,-0.9927019075621193,-0.13744757354104037,0.26431734441013277,-1.0001581881170956,-0.3374156436868261,0.28550708849110185,-0.7101943914961458,-0.36790248988564134,0.24919962895864872,-0.6126308149215526,-0.3418688425976741,-0.03724145166626742,-0.9122619700073262,-0.18045043734156788,0.13987396011622613,-0.7250470259431774,-0.34555760538888475,0.15417591712019954,-0.46493183631543966,-0.28807042329510635,0.10916613434788956,-0.43702652682839205,-0.20975870896502433,-0.1635935811561858,-0.7738613419912036,-0.23945535665279444,0.009386620944833482,-0.5667086352092737,-0.32645992945418073,0.02479776109269212,-0.3760878591357796,-0.2815843743086162,-0.02109148594897246,-0.37733012266173716,-0.22273009834570662,0.0,0.0,0.0,0.0,0.0,0.0,0.0,0.0,0.0,0.0,0.0,0.0,0.0,0.0,0.0,0.0,0.0,0.0,0.0,0.0,0.0,0.0,0.0,0.0,0.0,0.0,0.0,0.0,0.0,0.0,0.0,0.0,0.0,0.0,0.0,0.0,0.0,0.0,0.0,0.0,0.0,0.0,0.0,0.0,0.0,0.0,0.0,0.0,0.0,0.0,0.0,0.0,0.0,0.0,0.0,0.0,0.0,0.0,0.0,0.0,0.0,0.0,0.0
1,0.0,0.0,0.0,0.0,0.0,0.0,0.0,0.0,0.0,0.0,0.0,0.0,0.0,0.0,0.0,0.0,0.0,0.0,0.0,0.0,0.0,0.0,0.0,0.0,0.0,0.0,0.0,0.0,0.0,0.0,0.0,0.0,0.0,0.0,0.0,0.0,0.0,0.0,0.0,0.0,0.0,0.0,0.0,0.0,0.0,0.0,0.0,0.0,0.0,0.0,0.0,0.0,0.0,0.0,0.0,0.0,0.0,0.0,0.0,0.0,0.0,0.0,0.0,0.0,0.0,0.0,-0.23454963371455126,-0.12728452374203256,-0.10177128758492457,-0.40703050449058675,-0.3951592085322796,-0.18221943276160904,-0.429577563050894,-0.6596455079595113,-0.2708948882944583,-0.31942937945192307,-0.8459453378246263,-0.3522804210227504,-0.3068950145733111,-0.9771162274373889,-0.10989406853346705,-0.3640506323118042,-1.4130191475861373,-0.25118106118669525,-0.37994826630645034,-1.677535858036741,-0.3270894701771758,-0.37231048348120305,-1.9155078179886065,-0.37839965478040205,-0.11730101921223443,-0.9930964056383302,-0.13710382258234477,-0.25786728588494245,-1.0143387769905847,-0.3386498677269044,-0.28140949087969563,-0.72432133733468,-0.37088531491498017,-0.24528798328875862,-0.6218313010855356,-0.34441482704920845,0.04186403199532947,-0.913369563437029,-0.18127631768746338,-0.13718928544345704,-0.7335231156476241,-0.34866218805898236,-0.1546718225043682,-0.46947940522125103,-0.293017651985154,-0.11013759404618967,-0.43601207400049397,-0.21416193626361033,0.1694043341660791,-0.7763062665189697,-0.2409593596010669,-0.0075514372410306636,-0.5743276534166882,-0.32740525607165355,-0.025380714273780167,-0.37907802228942455,-0.2811670090488577,0.02012829609426497,-0.3735062883645046,-0.220669640708636
1,-0.0,0.0,0.0,0.23454963371455126,-0.12728452374203256,-0.10177128758492457,0.40703050449058675,-0.3951592085322796,-0.18221943276160904,0.429577563050894,-0.6596455079595113,-0.2708948882944583,0.31942937945192307,-0.8459453378246263,-0.3522804210227504,0.3068950145733111,-0.9771162274373889,-0.10989406853346705,0.3640506323118042,-1.4130191475861373,-0.25118106118669525,0.37994826630645034,-1.677535858036741,-0.3270894701771758,0.37231048348120305,-1.9155078179886065,-0.37839965478040205,0.11730101921223443,-0.9930964056383302,-0.13710382258234477,0.25786728588494245,-1.0143387769905847,-0.3386498677269044,0.28140949087969563,-0.72432133733468,-0.37088531491498017,0.24528798328875862,-0.6218313010855356,-0.34441482704920845,-0.04186403199532947,-0.913369563437029,-0.18127631768746338,0.13718928544345704,-0.7335231156476241,-0.34866218805898236,0.1546718225043682,-0.46947940522125103,-0.293017651985154,0.11013759404618967,-0.43601207400049397,-0.21416193626361033,-0.1694043341660791,-0.7763062665189697,-0.2409593596010669,0.0075514372410306636,-0.5743276534166882,-0.32740525607165355,0.025380714273780167,-0.37907802228942455,-0.2811670090488577,-0.02012829609426497,-0.3735062883645046,-0.220669640708636,0.0,0.0,0.0,0.0,0.0,0.0,0.0,0.0,0.0,0.0,0.0,0.0,0.0,0.0,0.0,0.0,0.0,0.0,0.0,0.0,0.0,0.0,0.0,0.0,0.0,0.0,0.0,0.0,0.0,0.0,0.0,0.0,0.0,0.0,0.0,0.0,0.0,0.0,0.0,0.0,0.0,0.0,0.0,0.0,0.0,0.0,0.0,0.0,0.0,0.0,0.0,0.0,0.0,0.0,0.0,0.0,0.0,0.0,0.0,0.0,0.0,0.0,0.0
1,0.0,0.0,0.0,0.0,0.0,0.0,0.0,0.0,0.0,0.0,0.0,0.0,0.0,0.0,0.0,0.0,0.0,0.0,0.0,0.0,0.0,0.0,0.0,0.0,0.0,0.0,0.0,0.0,0.0,0.0,0.0,0.0,0.0,0.0,0.0,0.0,0.0,0.0,0.0,0.0,0.0,0.0,0.0,0.0,0.0,0.0,0.0,0.0,0.0,0.0,0.0,0.0,0.0,0.0,0.0,0.0,0.0,0.0,0.0,0.0,0.0,0.0,0.0,0.0,0.0,0.0,-0.23635438997801067,-0.1238424990361188,-0.1045422041231736,-0.40887685260131024,-0.4006103301696963,-0.18428311741358205,-0.4260317941797097,-0.6705132310727391,-0.2716073196690479,-0.3192411342322719,-0.8599264522371225,-0.351901545666008,-0.3090452004877577,-0.9785047077066903,-0.10946129706391491,-0.3667767148798593,-1.4209187217547214,-0.2499596597530281,-0.383338612031324,-1.689031139898649,-0.32402490234181147,-0.3734616943458457,-1.92920456095802,-0.37403405392807426,-0.11728332101647317,-0.9930984959264347,-0.1355389455202628,-0.2477014069565429,-1.034544055904806,-0.3383499608958807,-0.27772228123733683,-0.7332252520736122,-0.3689927660770218,-0.24241063569369833,-0.6152987027923706,-0.33975910802077547,0.042036006331957664,-0.9135378325208614,-0.179026018548739,-0.13356366906139916,-0.7441924033804764,-0.3498480763507244,-0.1582573990524717,-0.4679707146128609,-0.2942478709188297,-0.11502381764763092,-0.4212341098902399,-0.2142176912184827,0.16899756079311226,-0.7750479429096008,-0.23787834520183293,-0.007871615282665965,-0.5727934023692809,-0.3297042223109357,-0.028243518629122916,-0.3669105840276502,-0.2854821765525778,0.017497340297570385,-0.3537785539181045,-0.22569054382853132
1,-0.0,0.0,0.0,0.23635438997801067,-0.1238424990361188,-0.1045422041231736,0.40887685260131024,-0.4006103301696963,-0.18428311741358205,0.4260317941797097,-0.6705132310727391,-0.2716073196690479,0.3192411342322719,-0.8599264522371225,-0.351901545666008,0.3090452004877577,-0.9785047077066903,-0.10946129706391491,0.3667767148798593,-1.4209187217547214,-0.2499596597530281,0.383338612031324,-1.689031139898649,-0.32402490234181147,0.3734616943458457,-1.92920456095802,-0.37403405392807426,0.11728332101647317,-0.9930984959264347,-0.1355389455202628,0.2477014069565429,-1.034544055904806,-0.3383499608958807,0.27772228123733683,-0.7332252520736122,-0.3689927660770218,0.24241063569369833,-0.6152987027923706,-0.33975910802077547,-0.042036006331957664,-0.9135378325208614,-0.179026018548739,0.13356366906139916,-0.7441924033804764,-0.3498480763507244,0.1582573990524717,-0.4679707146128609,-0.2942478709188297,0.11502381764763092,-0.4212341098902399,-0.2142176912184827,-0.16899756079311226,-0.7750479429096008,-0.23787834520183293,0.007871615282665965,-0.5727934023692809,-0.3297042223109357,0.028243518629122916,-0.3669105840276502,-0.2854821765525778,-0.017497340297570385,-0.3537785539181045,-0.22569054382853132,0.0,0.0,0.0,0.0,0.0,0.0,0.0,0.0,0.0,0.0,0.0,0.0,0.0,0.0,0.0,0.0,0.0,0.0,0.0,0.0,0.0,0.0,0.0,0.0,0.0,0.0,0.0,0.0,0.0,0.0,0.0,0.0,0.0,0.0,0.0,0.0,0.0,0.0,0.0,0.0,0.0,0.0,0.0,0.0,0.0,0.0,0.0,0.0,0.0,0.0,0.0,0.0,0.0,0.0,0.0,0.0,0.0,0.0,0.0,0.0,0.0,0.0,0.0
1,0.0,0.0,0.0,0.0,0.0,0.0,0.0,0.0,0.0,0.0,0.0,0.0,0.0,0.0,0.0,0.0,0.0,0.0,0.0,0.0,0.0,0.0,0.0,0.0,0.0,0.0,0.0,0.0,0.0,0.0,0.0,0.0,0.0,0.0,0.0,0.0,0.0,0.0,0.0,0.0,0.0,0.0,0.0,0.0,0.0,0.0,0.0,0.0,0.0,0.0,0.0,0.0,0.0,0.0,0.0,0.0,0.0,0.0,0.0,0.0,0.0,0.0,0.0,0.0,0.0,0.0,-0.2379705116786041,-0.12429603715831378,-0.10285770662334331,-0.41099746378725144,-0.39850121231096935,-0.18148228850591439,-0.42631558958534654,-0.6661811509251576,-0.2676220755897271,-0.31809197884595214,-0.8432977779311981,-0.3468409305084251,-0.30672276678926763,-0.9805948792360918,-0.10798688636900876,-0.36402233046915855,-1.409832111175698,-0.24645039983487632,-0.38003801806146204,-1.6728761618822006,-0.32174306029710353,-0.37007967529627417,-1.9092437338394959,-0.3736638375093355,-0.11601814098045792,-0.9932470946161578,-0.13517690749135297,-0.2511219744373621,-1.0328008437084195,-0.33404425508954105,-0.28481479277454935,-0.7315581245462737,-0.3642275123098368,-0.25120803284902354,-0.6195002993680774,-0.336006631205297,0.04323905804590174,-0.9110670125099182,-0.1796450126798232,-0.13054463798232363,-0.7450926422540988,-0.3438976378124305,-0.1591572952550934,-0.47827030150249233,-0.2876903983490102,-0.1170283092763323,-0.44143811574431846,-0.20946421838580356,0.16979487507383614,-0.7700403513961768,-0.23990296999939542,-0.0013728624219932135,-0.5733594168355857,-0.32641183093385084,-0.024406111251653526,-0.37761616604117304,-0.28143353442435387,0.021441575430382834,-0.37214779195254155,-0.22260511048398093
1,-0.0,0.0,0.0,0.2379705116786041,-0.12429603715831378,-0.10285770662334331,0.41099746378725144,-0.39850121231096935,-0.18148228850591439,0.42631558958534654,-0.6661811509251576,-0.2676220755897271,0.31809197884595214,-0.8432977779311981,-0.3468409305084251,0.30672276678926763,-0.9805948792360918,-0.10798688636900876,0.36402233046915855,-1.409832111175698,-0.24645039983487632,0.38003801806146204,-1.6728761618822006,-0.32174306029710353,0.37007967529627417,-1.9092437338394959,-0.3736638375093355,0.11601814098045792,-0.9932470946161578,-0.13517690749135297,0.2511219744373621,-1.0328008437084195,-0.33404425508954105,0.28481479277454935,-0.7315581245462737,-0.3642275123098368,0.25120803284902354,-0.6195002993680774,-0.336006631205297,-0.04323905804590174,-0.9110670125099182,-0.1796450126798232,0.13054463798232363,-0.7450926422540988,-0.3438976378124305,0.1591572952550934,-0.47827030150249233,-0.2876903983490102,0.1170283092763323,-0.44143811574431846,-0.20946421838580356,-0.16979487507383614,-0.7700403513961768,-0.23990296999939542,0.0013728624219932135,-0.5733594168355857,-0.32641183093385084,0.024406111251653526,-0.37761616604117304,-0.28143353442435387,-0.021441575430382834,-0.37214779195254155,-0.22260511048398093,0.0,0.0,0.0,0.0,0.0,0.0,0.0,0.0,0.0,0.0,0.0,0.0,0.0,0.0,0.0,0.0,0.0,0.0,0.0,0.0,0.0,0.0,0.0,0.0,0.0,0.0,0.0,0.0,0.0,0.0,0.0,0.0,0.0,0.0,0.0,0.0,0.0,0.0,0.0,0.0,0.0,0.0,0.0,0.0,0.0,0.0,0.0,0.0,0.0,0.0,0.0,0.0,0.0,0.0,0.0,0.0,0.0,0.0,0.0,0.0,0.0,0.0,0.0
1,0.0,0.0,0.0,0.0,0.0,0.0,0.0,0.0,0.0,0.0,0.0,0.0,0.0,0.0,0.0,0.0,0.0,0.0,0.0,0.0,0.0,0.0,0.0,0.0,0.0,0.0,0.0,0.0,0.0,0.0,0.0,0.0,0.0,0.0,0.0,0.0,0.0,0.0,0.0,0.0,0.0,0.0,0.0,0.0,0.0,0.0,0.0,0.0,0.0,0.0,0.0,0.0,0.0,0.0,0.0,0.0,0.0,0.0,0.0,0.0,0.0,0.0,0.0,0.0,0.0,0.0,-0.23523700132905181,-0.13260941037752394,-0.10494827250319023,-0.40061988876151483,-0.4042449375057365,-0.18569162227761624,-0.4192629965889405,-0.6701709926010759,-0.2738983389868519,-0.3081650722761286,-0.8509898503178244,-0.35531744300160106,-0.29515336515829715,-0.9746750871156954,-0.1084101042313787,-0.3571152516860481,-1.395732373425116,-0.25230564118663557,-0.37759519675442577,-1.6606332358843183,-0.33247681967236387,-0.37284297639642777,-1.897831475299893,-0.38676894158117375,-0.1110968437408634,-0.9938095850367002,-0.134310966412539,-0.24675914001587962,-1.022174868827744,-0.33599046820227013,-0.2856816117437432,-0.73302597184426,-0.36853341198557193,-0.26202437993230243,-0.6228902968515849,-0.3416367605440295,0.04379044835584434,-0.9140879582494202,-0.17820459250552817,-0.12749290220138873,-0.7387594866029872,-0.34395218985454573,-0.15644574698942812,-0.47813958006074425,-0.2901178590052914,-0.11978383177782115,-0.4424839474761755,-0.212692971010606,0.16681410497824783,-0.7742840998388006,-0.2384216423633796,-0.0014201416833127106,-0.5654692437944073,-0.3251468949312253,-0.02327335862673705,-0.3762559628957568,-0.2827128176297956,0.01999301233408606,-0.375650302318624,-0.2252682283648647
1,-0.0,0.0,0.0,0.23523700132905181,-0.13260941037752394,-0.10494827250319023,0.40061988876151483,-0.4042449375057365,-0.18569162227761624,0.4192629965889405,-0.6701709926010759,-0.2738983389868519,0.3081650722761286,-0.8509898503178244,-0.35531744300160106,0.29515336515829715,-0.9746750871156954,-0.1084101042313787,0.3571152516860481,-1.395732373425116,-0.25230564118663557,0.37759519675442577,-1.6606332358843183,-0.33247681967236387,0.37284297639642777,-1.897831475299893,-0.38676894158117375,0.1110968437408634,-0.9938095850367002,-0.134310966412539,0.24675914001587962,-1.022174868827744,-0.33599046820227013,0.2856816117437432,-0.73302597184426,-0.36853341198557193,0.26202437993230243,-0.6228902968515849,-0.3416367605440295,-0.04379044835584434,-0.9140879582494202,-0.17820459250552817,0.12749290220138873,-0.7387594866029872,-0.34395218985454573,0.15644574698942812,-0.47813958006074425,-0.2901178590052914,0.11978383177782115,-0.4424839474761755,-0.212692971010606,-0.16681410497824783,-0.7742840998388006,-0.2384216423633796,0.0014201416833127106,-0.5654692437944073,-0.3251468949312253,0.02327335862673705,-0.3762559628957568,-0.2827128176297956,-0.01999301233408606,-0.375650302318624,-0.2252682283648647,0.0,0.0,0.0,0.0,0.0,0.0,0.0,0.0,0.0,0.0,0.0,0.0,0.0,0.0,0.0,0.0,0.0,0.0,0.0,0.0,0.0,0.0,0.0,0.0,0.0,0.0,0.0,0.0,0.0,0.0,0.0,0.0,0.0,0.0,0.0,0.0,0.0,0.0,0.0,0.0,0.0,0.0,0.0,0.0,0.0,0.0,0.0,0.0,0.0,0.0,0.0,0.0,0.0,0.0,0.0,0.0,0.0,0.0,0.0,0.0,0.0,0.0,0.0
1,0.0,0.0,0.0,0.0,0.0,0.0,0.0,0.0,0.0,0.0,0.0,0.0,0.0,0.0,0.0,0.0,0.0,0.0,0.0,0.0,0.0,0.0,0.0,0.0,0.0,0.0,0.0,0.0,0.0,0.0,0.0,0.0,0.0,0.0,0.0,0.0,0.0,0.0,0.0,0.0,0.0,0.0,0.0,0.0,0.0,0.0,0.0,0.0,0.0,0.0,0.0,0.0,0.0,0.0,0.0,0.0,0.0,0.0,0.0,0.0,0.0,0.0,0.0,0.0,0.0,0.0,-0.2332617933799553,-0.13051813613696084,-0.11001097373784874,-0.39698010740269346,-0.3984964782042153,-0.19644287958870613,-0.4126923559176179,-0.6621293552121268,-0.2895077452486024,-0.3071826798354418,-0.8527276362623571,-0.37526453858580117,-0.2907633936149993,-0.977225574109177,-0.11755813121108612,-0.35105325081759137,-1.397343443253161,-0.267443495460069,-0.3733485244351318,-1.6662714207899312,-0.3507735867334112,-0.3702529769665198,-1.9053023237742899,-0.40750982471717595,-0.10680555247153103,-0.9942799273651515,-0.1426959851635365,-0.2525922527683715,-1.005438346296766,-0.34974086152972605,-0.2914814829964328,-0.7081603940592124,-0.38083192141061356,-0.26439517309300686,-0.6061720245214645,-0.3527272736986729,0.04753972738608081,-0.911764341237365,-0.18659544886549553,-0.12790347134720675,-0.7309368199086818,-0.35590823579669245,-0.1559507379491351,-0.4688428213837297,-0.2956706718898955,-0.11730087084821826,-0.44172308689948625,-0.21433306637698782,0.17059420853711366,-0.76721650685534,-0.24759552786925812,-0.002034317027657142,-0.5551205597249799,-0.33884593072512026,-0.02164969401223515,-0.3670663205598731,-0.29448096571642346,0.024906703770441227,-0.37732011938484694,-0.23495086069181814
1,-0.0,0.0,0.0,0.2332617933799553,-0.13051813613696084,-0.11001097373784874,0.39698010740269346,-0.3984964782042153,-0.19644287958870613,0.4126923559176179,-0.6621293552121268,-0.2895077452486024,0.3071826798354418,-0.8527276362623571,-0.37526453858580117,0.2907633936149993,-0.977225574109177,-0.11755813121108612,0.35105325081759137,-1.397343443253161,-0.267443495460069,0.3733485244351318,-1.6662714207899312,-0.3507735867334112,0.3702529769665198,-1.9053023237742899,-0.40750982471717595,0.10680555247153103,-0.9942799273651515,-0.1426959851635365,0.2525922527683715,-1.005438346296766,-0.34974086152972605,0.2914814829964328,-0.7081603940592124,-0.38083192141061356,0.26439517309300686,-0.6061720245214645,-0.3527272736986729,-0.04753972738608081,-0.911764341237365,-0.18659544886549553,0.12790347134720675,-0.7309368199086818,-0.35590823579669245,0.1559507379491351,-0.4688428213837297,-0.2956706718898955,0.11730087084821826,-0.44172308689948625,-0.21433306637698782,-0.17059420853711366,-0.76721650685534,-0.24759552786925812,0.002034317027657142,-0.5551205597249799,-0.33884593072512026,0.02164969401223515,-0.3670663205598731,-0.29448096571642346,-0.024906703770441227,-0.37732011938484694,-0.23495086069181814,0.0,0.0,0.0,0.0,0.0,0.0,0.0,0.0,0.0,0.0,0.0,0.0,0.0,0.0,0.0,0.0,0.0,0.0,0.0,0.0,0.0,0.0,0.0,0.0,0.0,0.0,0.0,0.0,0.0,0.0,0.0,0.0,0.0,0.0,0.0,0.0,0.0,0.0,0.0,0.0,0.0,0.0,0.0,0.0,0.0,0.0,0.0,0.0,0.0,0.0,0.0,0.0,0.0,0.0,0.0,0.0,0.0,0.0,0.0,0.0,0.0,0.0,0.0
1,0.0,0.0,0.0,0.0,0.0,0.0,0.0,0.0,0.0,0.0,0.0,0.0,0.0,0.0,0.0,0.0,0.0,0.0,0.0,0.0,0.0,0.0,0.0,0.0,0.0,0.0,0.0,0.0,0.0,0.0,0.0,0.0,0.0,0.0,0.0,0.0,0.0,0.0,0.0,0.0,0.0,0.0,0.0,0.0,0.0,0.0,0.0,0.0,0.0,0.0,0.0,0.0,0.0,0.0,0.0,0.0,0.0,0.0,0.0,0.0,0.0,0.0,0.0,0.0,0.0,0.0,-0.2305424363479817,-0.12539167709548116,-0.11212389348229033,-0.398557608929357,-0.40664146190002703,-0.19634757649070206,-0.41008380779304293,-0.6811786586403432,-0.28600660856642873,-0.30629169069767076,-0.8802850200620016,-0.367057960541099,-0.2920516007319088,-0.9785307282553865,-0.11833519382804362,-0.35457194234566664,-1.4091879886851129,-0.26909170033685076,-0.3743106647859125,-1.6771609485977368,-0.34830405007204035,-0.36766770543562954,-1.9171879559045568,-0.40174724371348935,-0.10291368232604803,-0.994690290487493,-0.14195547954596746,-0.2535457003629779,-1.0229193727176495,-0.3503400113125463,-0.2863097428083166,-0.7138675075037589,-0.3744651730708276,-0.2501780051379361,-0.6166346052820515,-0.3403325124245495,0.05318520771935492,-0.9132529266951531,-0.1853704332899655,-0.12756360434806535,-0.7357320095109323,-0.3603045182022144,-0.14986922393872196,-0.4601157712971725,-0.2936686852630452,-0.10426472368789175,-0.4361507352216956,-0.20671540058016105,0.1772801348478826,-0.7724126331836532,-0.24590426973075025,0.0009824027905389586,-0.5642890139846742,-0.3424781083506119,-0.014451554948859503,-0.3644318025716838,-0.2962289656497037,0.036343474110452446,-0.37578331887231037,-0.23484058265334648
1,-0.0,0.0,0.0,0.2305424363479817,-0.12539167709548116,-0.11212389348229033,0.398557608929357,-0.40664146190002703,-0.19634757649070206,0.41008380779304293,-0.6811786586403432,-0.28600660856642873,0.30629169069767076,-0.8802850200620016,-0.367057960541099,0.2920516007319088,-0.9785307282553865,-0.11833519382804362,0.35457194234566664,-1.4091879886851129,-0.26909170033685076,0.3743106647859125,-1.6771609485977368,-0.34830405007204035,0.36766770543562954,-1.9171879559045568,-0.40174724371348935,0.10291368232604803,-0.994690290487493,-0.14195547954596746,0.2535457003629779,-1.0229193727176495,-0.3503400113125463,0.2863097428083166,-0.7138675075037589,-0.3744651730708276,0.2501780051379361,-0.6166346052820515,-0.3403325124245495,-0.05318520771935492,-0.9132529266951531,-0.1853704332899655,0.12756360434806535,-0.7357320095109323,-0.3603045182022144,0.14986922393872196,-0.4601157712971725,-0.2936686852630452,0.10426472368789175,-0.4361507352216956,-0.20671540058016105,-0.1772801348478826,-0.7724126331836532,-0.24590426973075025,-0.0009824027905389586,-0.5642890139846742,-0.3424781083506119,0.014451554948859503,-0.3644318025716838,-0.2962289656497037,-0.036343474110452446,-0.37578331887231037,-0.23484058265334648,0.0,0.0,0.0,0.0,0.0,0.0,0.0,0.0,0.0,0.0,0.0,0.0,0.0,0.0,0.0,0.0,0.0,0.0,0.0,0.0,0.0,0.0,0.0,0.0,0.0,0.0,0.0,0.0,0.0,0.0,0.0,0.0,0.0,0.0,0.0,0.0,0.0,0.0,0.0,0.0,0.0,0.0,0.0,0.0,0.0,0.0,0.0,0.0,0.0,0.0,0.0,0.0,0.0,0.0,0.0,0.0,0.0,0.0,0.0,0.0,0.0,0.0,0.0
1,0.0,0.0,0.0,0.0,0.0,0.0,0.0,0.0,0.0,0.0,0.0,0.0,0.0,0.0,0.0,0.0,0.0,0.0,0.0,0.0,0.0,0.0,0.0,0.0,0.0,0.0,0.0,0.0,0.0,0.0,0.0,0.0,0.0,0.0,0.0,0.0,0.0,0.0,0.0,0.0,0.0,0.0,0.0,0.0,0.0,0.0,0.0,0.0,0.0,0.0,0.0,0.0,0.0,0.0,0.0,0.0,0.0,0.0,0.0,0.0,0.0,0.0,0.0,0.0,0.0,0.0,-0.2321548755065722,-0.12401775283190597,-0.10372632016800193,-0.4047556897945543,-0.4011053918226041,-0.18428102313307967,-0.4232329628783238,-0.6730698437229343,-0.2720698063314319,-0.31313090124324494,-0.8537820086364915,-0.3531369706483775,-0.29872669231262056,-0.9799497285582405,-0.1148992359522664,-0.35906243624541245,-1.4125351705426654,-0.2586365875293715,-0.3795569506609828,-1.679801103438237,-0.3351004299500006,-0.3772798276760245,-1.9166252901317797,-0.3876203656181396,-0.10831889039652963,-0.9941161994371004,-0.14160617679558732,-0.25654190900626195,-1.0018520597912026,-0.3415137195595581,-0.2849365268071251,-0.6959152478446676,-0.366610197368292,-0.24888239652935482,-0.6008183969350739,-0.336542786710056,0.05013854756619257,-0.9107780084180953,-0.18596933688897485,-0.12887684690934229,-0.7364372232918275,-0.3556363447491568,-0.1520273708392259,-0.46211930052934375,-0.2915745323310595,-0.10953094690958283,-0.4322009855921429,-0.20824126588598385,0.17475947579800397,-0.7683740022136668,-0.2460157196501905,-0.0024991024001486933,-0.5688481988356722,-0.3403320595545519,-0.019590973968549853,-0.36659750983351025,-0.2925996588102681,0.029834359442349145,-0.3660587274830542,-0.2302629925648001
1,-0.0,0.0,0.0,0.2321548755065722,-0.12401775283190597,-0.10372632016800193,0.4047556897945543,-0.4011053918226041,-0.18428102313307967,0.4232329628783238,-0.6730698437229343,-0.2720698063314319,0.31313090124324494,-0.8537820086364915,-0.3531369706483775,0.29872669231262056,-0.9799497285582405,-0.1148992359522664,0.35906243624541245,-1.4125351705426654,-0.2586365875293715,0.3795569506609828,-1.679801103438237,-0.3351004299500006,0.3772798276760245,-1.9166252901317797,-0.3876203656181396,0.10831889039652963,-0.9941161994371004,-0.14160617679558732,0.25654190900626195,-1.0018520597912026,-0.3415137195595581,0.2849365268071251,-0.6959152478446676,-0.366610197368292,0.24888239652935482,-0.6008183969350739,-0.336542786710056,-0.05013854756619257,-0.9107780084180953,-0.18596933688897485,0.12887684690934229,-0.7364372232918275,-0.3556363447491568,0.1520273708392259,-0.46211930052934375,-0.2915745323310595,0.10953094690958283,-0.4322009855921429,-0.20824126588598385,-0.17475947579800397,-0.7683740022136668,-0.2460157196501905,0.0024991024001486933,-0.5688481988356722,-0.3403320595545519,0.019590973968549853,-0.36659750983351025,-0.2925996588102681,-0.029834359442349145,-0.3660587274830542,-0.2302629925648001,0.0,0.0,0.0,0.0,0.0,0.0,0.0,0.0,0.0,0.0,0.0,0.0,0.0,0.0,0.0,0.0,0.0,0.0,0.0,0.0,0.0,0.0,0.0,0.0,0.0,0.0,0.0,0.0,0.0,0.0,0.0,0.0,0.0,0.0,0.0,0.0,0.0,0.0,0.0,0.0,0.0,0.0,0.0,0.0,0.0,0.0,0.0,0.0,0.0,0.0,0.0,0.0,0.0,0.0,0.0,0.0,0.0,0.0,0.0,0.0,0.0,0.0,0.0
1,0.0,0.0,0.0,0.0,0.0,0.0,0.0,0.0,0.0,0.0,0.0,0.0,0.0,0.0,0.0,0.0,0.0,0.0,0.0,0.0,0.0,0.0,0.0,0.0,0.0,0.0,0.0,0.0,0.0,0.0,0.0,0.0,0.0,0.0,0.0,0.0,0.0,0.0,0.0,0.0,0.0,0.0,0.0,0.0,0.0,0.0,0.0,0.0,0.0,0.0,0.0,0.0,0.0,0.0,0.0,0.0,0.0,0.0,0.0,0.0,0.0,0.0,0.0,0.0,0.0,0.0,-0.23666666113289556,-0.1282126106282607,-0.10020371458779721,-0.4104327713666302,-0.407748487089952,-0.1786969634646839,-0.42840851029353916,-0.6798884539787957,-0.2651035445380062,-0.3149839151692861,-0.8539743418029807,-0.3452369016358801,-0.2991153937373079,-0.9769077694575437,-0.11270450185789968,-0.36148615168712445,-1.410800995220257,-0.2552449297973264,-0.38404527884759226,-1.6759627739001592,-0.3319862365953931,-0.3845411107104402,-1.9163949044594335,-0.3850912215109548,-0.10740180020062934,-0.9942156975795867,-0.14082895112634103,-0.2531358862628227,-1.0134053415822242,-0.3404786817290376,-0.2820965423835225,-0.7087537473686135,-0.36739270693311626,-0.24787871007317455,-0.6081881780353705,-0.33774522179911254,0.051679807920738834,-0.9132155177099778,-0.18575850916043085,-0.13085858679937093,-0.7343517125487823,-0.35275924833375394,-0.15497258834399152,-0.4616963522112687,-0.2907392065241861,-0.11224546620109686,-0.42834248994139007,-0.20847007065763792,0.17644387398180553,-0.7721767556224356,-0.24612413664132488,-0.005077318275563,-0.5711738540185601,-0.3366625763226927,-0.023084844779432633,-0.36764750784365363,-0.2883814920552576,0.027041447200613283,-0.36233001676438786,-0.2260026513668549
1,-0.0,0.0,0.0,0.23666666113289556,-0.1282126106282607,-0.10020371458779721,0.4104327713666302,-0.407748487089952,-0.1786969634646839,0.42840851029353916,-0.6798884539787957,-0.2651035445380062,0.3149839151692861,-0.8539743418029807,-0.3452369016358801,0.2991153937373079,-0.9769077694575437,-0.11270450185789968,0.36148615168712445,-1.410800995220257,-0.2552449297973264,0.38404527884759226,-1.6759627739001592,-0.3319862365953931,0.3845411107104402,-1.9163949044594335,-0.3850912215109548,0.10740180020062934,-0.9942156975795867,-0.14082895112634103,0.2531358862628227,-1.0134053415822242,-0.3404786817290376,0.2820965423835225,-0.7087537473686135,-0.36739270693311626,0.24787871007317455,-0.6081881780353705,-0.33774522179911254,-0.051679807920738834,-0.9132155177099778,-0.18575850916043085,0.13085858679937093,-0.7343517125487823,-0.35275924833375394,0.15497258834399152,-0.4616963522112687,-0.2907392065241861,0.11224546620109686,-0.42834248994139007,-0.20847007065763792,-0.17644387398180553,-0.7721767556224356,-0.24612413664132488,0.005077318275563,-0.5711738540185601,-0.3366625763226927,0.023084844779432633,-0.36764750784365363,-0.2883814920552576,-0.027041447200613283,-0.36233001676438786,-0.2260026513668549,0.0,0.0,0.0,0.0,0.0,0.0,0.0,0.0,0.0,0.0,0.0,0.0,0.0,0.0,0.0,0.0,0.0,0.0,0.0,0.0,0.0,0.0,0.0,0.0,0.0,0.0,0.0,0.0,0.0,0.0,0.0,0.0,0.0,0.0,0.0,0.0,0.0,0.0,0.0,0.0,0.0,0.0,0.0,0.0,0.0,0.0,0.0,0.0,0.0,0.0,0.0,0.0,0.0,0.0,0.0,0.0,0.0,0.0,0.0,0.0,0.0,0.0,0.0
1,0.0,0.0,0.0,0.0,0.0,0.0,0.0,0.0,0.0,0.0,0.0,0.0,0.0,0.0,0.0,0.0,0.0,0.0,0.0,0.0,0.0,0.0,0.0,0.0,0.0,0.0,0.0,0.0,0.0,0.0,0.0,0.0,0.0,0.0,0.0,0.0,0.0,0.0,0.0,0.0,0.0,0.0,0.0,0.0,0.0,0.0,0.0,0.0,0.0,0.0,0.0,0.0,0.0,0.0,0.0,0.0,0.0,0.0,0.0,0.0,0.0,0.0,0.0,0.0,0.0,0.0,-0.2328217293625667,-0.1234578032979209,-0.10755976230629873,-0.40485376066049056,-0.3996765617244714,-0.18994515851920327,-0.41966988341866335,-0.6733841863571624,-0.27834965962085,-0.30818039134740405,-0.8530820690879214,-0.35828133568366227,-0.29398114996292507,-0.981906943481229,-0.11491658054822346,-0.3532213991150694,-1.4102367308646513,-0.25940833735600644,-0.37483743708140166,-1.6744802711600268,-0.3346656811459602,-0.3686733633769727,-1.9123111314487875,-0.38666800222872233,-0.10440693549605283,-0.9945346609446666,-0.1414616428913446,-0.25144436908460605,-1.0344468181079063,-0.3458182666351682,-0.2887955543978897,-0.7211127925575288,-0.36856168747643225,-0.25492599067734384,-0.61412429992748,-0.33391834730613895,0.05296674841150355,-0.9103644139547767,-0.18681617841646042,-0.12418397627832622,-0.7412476380794946,-0.35538608996968424,-0.15274876647360605,-0.4654018524966659,-0.288654828869543,-0.10949122979489218,-0.4377845270852196,-0.20287552705835168,0.17818892723883895,-0.7657834006419773,-0.24908800000328407,0.0030043680338141835,-0.5643442076571434,-0.33686475151384093,-0.021362107653340876,-0.36561739670355864,-0.2884401053968775,0.024551201525512552,-0.37363996944008426,-0.2276569079482472
1,-0.0,0.0,0.0,0.2328217293625667,-0.1234578032979209,-0.10755976230629873,0.40485376066049056,-0.3996765617244714,-0.18994515851920327,0.41966988341866335,-0.6733841863571624,-0.27834965962085,0.30818039134740405,-0.8530820690879214,-0.35828133568366227,0.29398114996292507,-0.981906943481229,-0.11491658054822346,0.3532213991150694,-1.4102367308646513,-0.25940833735600644,0.37483743708140166,-1.6744802711600268,-0.3346656811459602,0.3686733633769727,-1.9123111314487875,-0.38666800222872233,0.10440693549605283,-0.9945346609446666,-0.1414616428913446,0.25144436908460605,-1.0344468181079063,-0.3458182666351682,0.2887955543978897,-0.7211127925575288,-0.36856168747643225,0.25492599067734384,-0.61412429992748,-0.33391834730613895,-0.05296674841150355,-0.9103644139547767,-0.18681617841646042,0.12418397627832622,-0.7412476380794946,-0.35538608996968424,0.15274876647360605,-0.4654018524966659,-0.288654828869543,0.10949122979489218,-0.4377845270852196,-0.20287552705835168,-0.17818892723883895,-0.7657834006419773,-0.24908800000328407,-0.0030043680338141835,-0.5643442076571434,-0.33686475151384093,0.021362107653340876,-0.36561739670355864,-0.2884401053968775,-0.024551201525512552,-0.37363996944008426,-0.2276569079482472,0.0,0.0,0.0,0.0,0.0,0.0,0.0,0.0,0.0,0.0,0.0,0.0,0.0,0.0,0.0,0.0,0.0,0.0,0.0,0.0,0.0,0.0,0.0,0.0,0.0,0.0,0.0,0.0,0.0,0.0,0.0,0.0,0.0,0.0,0.0,0.0,0.0,0.0,0.0,0.0,0.0,0.0,0.0,0.0,0.0,0.0,0.0,0.0,0.0,0.0,0.0,0.0,0.0,0.0,0.0,0.0,0.0,0.0,0.0,0.0,0.0,0.0,0.0
1,0.0,0.0,0.0,0.0,0.0,0.0,0.0,0.0,0.0,0.0,0.0,0.0,0.0,0.0,0.0,0.0,0.0,0.0,0.0,0.0,0.0,0.0,0.0,0.0,0.0,0.0,0.0,0.0,0.0,0.0,0.0,0.0,0.0,0.0,0.0,0.0,0.0,0.0,0.0,0.0,0.0,0.0,0.0,0.0,0.0,0.0,0.0,0.0,0.0,0.0,0.0,0.0,0.0,0.0,0.0,0.0,0.0,0.0,0.0,0.0,0.0,0.0,0.0,0.0,0.0,0.0,-0.2327357744171906,-0.12989986821599872,-0.10782909921733665,-0.4052792769101925,-0.3999432456412894,-0.19217440318834172,-0.43078836888637856,-0.6687117278716984,-0.2833868679099454,-0.32767344292132394,-0.8614146470737504,-0.3669163801716079,-0.30212833078980306,-0.9784539554353864,-0.11687196603614837,-0.36545080878858266,-1.4134308953392816,-0.2648174715899636,-0.3888577699570265,-1.6825740417611659,-0.34346408681903523,-0.3869268713271071,-1.9239681610169697,-0.3972387336244036,-0.11459866995773575,-0.9934118706981098,-0.142885033197062,-0.2643764791992399,-1.0237577600478573,-0.3476499290369052,-0.2883440722550734,-0.7144889792228507,-0.3727110885511053,-0.24651866855209698,-0.6139373512058102,-0.3417105942761391,0.04281650373461397,-0.9134997916879348,-0.18774252557233703,-0.13469682511472011,-0.7592734932625774,-0.36099590823839867,-0.15598009795821377,-0.48131223078277285,-0.2960617329483583,-0.11159808186635738,-0.4472450773549855,-0.21127698990426727,0.1690475008257871,-0.7753742298172881,-0.24896428832819106,-0.004626952680739516,-0.5853146988328773,-0.3433994824874025,-0.02347286167990873,-0.38648398714446736,-0.2965169990593945,0.023676975893472847,-0.3861295160703767,-0.23535187595120474
1,-0.0,0.0,0.0,0.2327357744171906,-0.12989986821599872,-0.10782909921733665,0.4052792769101925,-0.3999432456412894,-0.19217440318834172,0.43078836888637856,-0.6687117278716984,-0.2833868679099454,0.32767344292132394,-0.8614146470737504,-0.3669163801716079,0.30212833078980306,-0.9784539554353864,-0.11687196603614837,0.36545080878858266,-1.4134308953392816,-0.2648174715899636,0.3888577699570265,-1.6825740417611659,-0.34346408681903523,0.3869268713271071,-1.9239681610169697,-0.3972387336244036,0.11459866995773575,-0.9934118706981098,-0.142885033197062,0.2643764791992399,-1.0237577600478573,-0.3476499290369052,0.2883440722550734,-0.7144889792228507,-0.3727110885511053,0.24651866855209698,-0.6139373512058102,-0.3417105942761391,-0.04281650373461397,-0.9134997916879348,-0.18774252557233703,0.13469682511472011,-0.7592734932625774,-0.36099590823839867,0.15598009795821377,-0.48131223078277285,-0.2960617329483583,0.11159808186635738,-0.4472450773549855,-0.21127698990426727,-0.1690475008257871,-0.7753742298172881,-0.24896428832819106,0.004626952680739516,-0.5853146988328773,-0.3433994824874025,0.02347286167990873,-0.38648398714446736,-0.2965169990593945,-0.023676975893472847,-0.3861295160703767,-0.23535187595120474,0.0,0.0,0.0,0.0,0.0,0.0,0.0,0.0,0.0,0.0,0.0,0.0,0.0,0.0,0.0,0.0,0.0,0.0,0.0,0.0,0.0,0.0,0.0,0.0,0.0,0.0,0.0,0.0,0.0,0.0,0.0,0.0,0.0,0.0,0.0,0.0,0.0,0.0,0.0,0.0,0.0,0.0,0.0,0.0,0.0,0.0,0.0,0.0,0.0,0.0,0.0,0.0,0.0,0.0,0.0,0.0,0.0,0.0,0.0,0.0,0.0,0.0,0.0
1,0.0,0.0,0.0,0.0,0.0,0.0,0.0,0.0,0.0,0.0,0.0,0.0,0.0,0.0,0.0,0.0,0.0,0.0,0.0,0.0,0.0,0.0,0.0,0.0,0.0,0.0,0.0,0.0,0.0,0.0,0.0,0.0,0.0,0.0,0.0,0.0,0.0,0.0,0.0,0.0,0.0,0.0,0.0,0.0,0.0,0.0,0.0,0.0,0.0,0.0,0.0,0.0,0.0,0.0,0.0,0.0,0.0,0.0,0.0,0.0,0.0,0.0,0.0,0.0,0.0,0.0,-0.23327306649134905,-0.12392986679682864,-0.11163997970742164,-0.4021534938905412,-0.39384300859350135,-0.19706271983357745,-0.41938786133901007,-0.6649341774825029,-0.28784055037760015,-0.306464129484237,-0.8549346363922224,-0.37119001969293974,-0.3049964995243907,-0.9751160122632062,-0.11949414637519286,-0.3609884759449561,-1.4087162092464163,-0.2644166878711896,-0.3771591045446742,-1.678908465001482,-0.34314148477233486,-0.3682096131086294,-1.9179569700521002,-0.39651460534683236,-0.11289907610735032,-0.9936064606342426,-0.14163562906269994,-0.25112927640934624,-1.0208522875127197,-0.34571276592344496,-0.28599577253542363,-0.7182347270656223,-0.3750816774173551,-0.25715127244284247,-0.5991207679725628,-0.34516788752736316,0.04669934781458813,-0.9131660630206841,-0.18185419323429095,-0.1299872799260702,-0.7304506282665786,-0.35246149351771533,-0.15495251827774684,-0.4598305067509897,-0.2941928108289215,-0.1148955105505941,-0.41591167339160706,-0.2123594656506796,0.17263654662258218,-0.7726661717598095,-0.238313062330499,-0.0032482925582417465,-0.5692241076971477,-0.3297175881672652,-0.02114564079514312,-0.36988170868660547,-0.28408104269168455,0.02547333745602294,-0.3598161700757861,-0.22293121331890886
1,-0.0,0.0,0.0,0.23327306649134905,-0.12392986679682864,-0.11163997970742164,0.4021534938905412,-0.39384300859350135,-0.19706271983357745,0.41938786133901007,-0.6649341774825029,-0.28784055037760015,0.306464129484237,-0.8549346363922224,-0.37119001969293974,0.3049964995243907,-0.9751160122632062,-0.11949414637519286,0.3609884759449561,-1.4087162092464163,-0.2644166878711896,0.3771591045446742,-1.678908465001482,-0.34314148477233486,0.3682096131086294,-1.9179569700521002,-0.39651460534683236,0.11289907610735032,-0.9936064606342426,-0.14163562906269994,0.25112927640934624,-1.0208522875127197,-0.34571276592344496,0.28599577253542363,-0.7182347270656223,-0.3750816774173551,0.25715127244284247,-0.5991207679725628,-0.34516788752736316,-0.04669934781458813,-0.9131660630206841,-0.18185419323429095,0.1299872799260702,-0.7304506282665786,-0.35246149351771533,0.15495251827774684,-0.4598305067509897,-0.2941928108289215,0.1148955105505941,-0.41591167339160706,-0.2123594656506796,-0.17263654662258218,-0.7726661717598095,-0.238313062330499,0.0032482925582417465,-0.5692241076971477,-0.3297175881672652,0.02114564079514312,-0.36988170868660547,-0.28408104269168455,-0.02547333745602294,-0.3598161700757861,-0.22293121331890886,0.0,0.0,0.0,0.0,0.0,0.0,0.0,0.0,0.0,0.0,0.0,0.0,0.0,0.0,0.0,0.0,0.0,0.0,0.0,0.0,0.0,0.0,0.0,0.0,0.0,0.0,0.0,0.0,0.0,0.0,0.0,0.0,0.0,0.0,0.0,0.0,0.0,0.0,0.0,0.0,0.0,0.0,0.0,0.0,0.0,0.0,0.0,0.0,0.0,0.0,0.0,0.0,0.0,0.0,0.0,0.0,0.0,0.0,0.0,0.0,0.0,0.0,0.0
1,0.0,0.0,0.0,0.0,0.0,0.0,0.0,0.0,0.0,0.0,0.0,0.0,0.0,0.0,0.0,0.0,0.0,0.0,0.0,0.0,0.0,0.0,0.0,0.0,0.0,0.0,0.0,0.0,0.0,0.0,0.0,0.0,0.0,0.0,0.0,0.0,0.0,0.0,0.0,0.0,0.0,0.0,0.0,0.0,0.0,0.0,0.0,0.0,0.0,0.0,0.0,0.0,0.0,0.0,0.0,0.0,0.0,0.0,0.0,0.0,0.0,0.0,0.0,0.0,0.0,0.0,-0.23634503317291963,-0.1279749936271956,-0.11199648744417103,-0.4073090512497676,-0.3973830441054791,-0.1982612622587763,-0.43176019686317596,-0.6671993883111541,-0.2907657554567507,-0.3246000942362666,-0.8659314929506324,-0.37626000096769635,-0.308327299574044,-0.973641517048518,-0.11849622229966843,-0.36973231799639045,-1.4114866340624965,-0.2669205037502512,-0.39018498198936696,-1.6863221942070823,-0.3477488143370801,-0.3863103046791549,-1.9285115311803773,-0.40156252400678294,-0.11722143076143801,-0.9931058031097398,-0.1421639594650194,-0.25804355515810795,-1.0273139074571367,-0.349382674763314,-0.2903955545755429,-0.7236865101581031,-0.3794237974933131,-0.25939786188717895,-0.6027117385366684,-0.3493727690474631,0.042349300295183245,-0.9152237060581415,-0.18437005532828174,-0.1352653262868049,-0.7473494487067789,-0.36036249240530666,-0.1589452656488442,-0.4699910501210477,-0.3020073033625413,-0.11794177167605017,-0.4178325547217834,-0.21860403792989108,0.16844570404571044,-0.7779736719144797,-0.2426857928868104,-0.009384723183327484,-0.5801560465099583,-0.33849649869815435,-0.028319790376943148,-0.3739257605571684,-0.2926068132958525,0.01746723890434314,-0.35532412867081137,-0.23003967274227624
1,-0.0,0.0,0.0,0.23634503317291963,-0.1279749936271956,-0.11199648744417103,0.4073090512497676,-0.3973830441054791,-0.1982612622587763,0.43176019686317596,-0.6671993883111541,-0.2907657554567507,0.3246000942362666,-0.8659314929506324,-0.37626000096769635,0.308327299574044,-0.973641517048518,-0.11849622229966843,0.36973231799639045,-1.4114866340624965,-0.2669205037502512,0.39018498198936696,-1.6863221942070823,-0.3477488143370801,0.3863103046791549,-1.9285115311803773,-0.40156252400678294,0.11722143076143801,-0.9931058031097398,-0.1421639594650194,0.25804355515810795,-1.0273139074571367,-0.349382674763314,0.2903955545755429,-0.7236865101581031,-0.3794237974933131,0.25939786188717895,-0.6027117385366684,-0.3493727690474631,-0.042349300295183245,-0.9152237060581415,-0.18437005532828174,0.1352653262868049,-0.7473494487067789,-0.36036249240530666,0.1589452656488442,-0.4699910501210477,-0.3020073033625413,0.11794177167605017,-0.4178325547217834,-0.21860403792989108,-0.16844570404571044,-0.7779736719144797,-0.2426857928868104,0.009384723183327484,-0.5801560465099583,-0.33849649869815435,0.028319790376943148,-0.3739257605571684,-0.2926068132958525,-0.01746723890434314,-0.35532412867081137,-0.23003967274227624,0.0,0.0,0.0,0.0,0.0,0.0,0.0,0.0,0.0,0.0,0.0,0.0,0.0,0.0,0.0,0.0,0.0,0.0,0.0,0.0,0.0,0.0,0.0,0.0,0.0,0.0,0.0,0.0,0.0,0.0,0.0,0.0,0.0,0.0,0.0,0.0,0.0,0.0,0.0,0.0,0.0,0.0,0.0,0.0,0.0,0.0,0.0,0.0,0.0,0.0,0.0,0.0,0.0,0.0,0.0,0.0,0.0,0.0,0.0,0.0,0.0,0.0,0.0
1,0.0,0.0,0.0,0.0,0.0,0.0,0.0,0.0,0.0,0.0,0.0,0.0,0.0,0.0,0.0,0.0,0.0,0.0,0.0,0.0,0.0,0.0,0.0,0.0,0.0,0.0,0.0,0.0,0.0,0.0,0.0,0.0,0.0,0.0,0.0,0.0,0.0,0.0,0.0,0.0,0.0,0.0,0.0,0.0,0.0,0.0,0.0,0.0,0.0,0.0,0.0,0.0,0.0,0.0,0.0,0.0,0.0,0.0,0.0,0.0,0.0,0.0,0.0,0.0,0.0,0.0,-0.23489818533562443,-0.12013486169014612,-0.10394180523260237,-0.4119732873158634,-0.4067625762140232,-0.18127797791017602,-0.4226289248383182,-0.6913059517333159,-0.2653605441484404,-0.3064046541549408,-0.8767286404534463,-0.34197033559568607,-0.3052893690959433,-0.9735742875982591,-0.11066925490721577,-0.36597364424590706,-1.4119628887374702,-0.25283062138610574,-0.38759784296074573,-1.6797794437449731,-0.3265374626436304,-0.3835721222340904,-1.9217851159585337,-0.3767860607845486,-0.11424878655612672,-0.9934521703486549,-0.13603019909281822,-0.260850661315873,-1.02368299767313,-0.3345401717599394,-0.2903844354784748,-0.7225151088575869,-0.35808801894615566,-0.25216273257228794,-0.6268019343839821,-0.325275128013498,0.04255652783339127,-0.9144360790895231,-0.17959364306714715,-0.13855698096822996,-0.7274992435794131,-0.3483798144444038,-0.16144787942106412,-0.45558849021565384,-0.2865508238597724,-0.11435982398739189,-0.42993502412402107,-0.20356746339646326,0.1670592255789557,-0.7772895735995262,-0.23902625763979973,-0.012688822919269609,-0.570289338254843,-0.33134709535815204,-0.03020681923122878,-0.36436973992549454,-0.285310894509843,0.018894096565771165,-0.363618395734575,-0.22465814703346784
1,-0.0,0.0,0.0,0.23489818533562443,-0.12013486169014612,-0.10394180523260237,0.4119732873158634,-0.4067625762140232,-0.18127797791017602,0.4226289248383182,-0.6913059517333159,-0.2653605441484404,0.3064046541549408,-0.8767286404534463,-0.34197033559568607,0.3052893690959433,-0.9735742875982591,-0.11066925490721577,0.36597364424590706,-1.4119628887374702,-0.25283062138610574,0.38759784296074573,-1.6797794437449731,-0.3265374626436304,0.3835721222340904,-1.9217851159585337,-0.3767860607845486,0.11424878655612672,-0.9934521703486549,-0.13603019909281822,0.260850661315873,-1.02368299767313,-0.3345401717599394,0.2903844354784748,-0.7225151088575869,-0.35808801894615566,0.25216273257228794,-0.6268019343839821,-0.325275128013498,-0.04255652783339127,-0.9144360790895231,-0.17959364306714715,0.13855698096822996,-0.7274992435794131,-0.3483798144444038,0.16144787942106412,-0.45558849021565384,-0.2865508238597724,0.11435982398739189,-0.42993502412402107,-0.20356746339646326,-0.1670592255789557,-0.7772895735995262,-0.23902625763979973,0.012688822919269609,-0.570289338254843,-0.33134709535815204,0.03020681923122878,-0.36436973992549454,-0.285310894509843,-0.018894096565771165,-0.363618395734575,-0.22465814703346784,0.0,0.0,0.0,0.0,0.0,0.0,0.0,0.0,0.0,0.0,0.0,0.0,0.0,0.0,0.0,0.0,0.0,0.0,0.0,0.0,0.0,0.0,0.0,0.0,0.0,0.0,0.0,0.0,0.0,0.0,0.0,0.0,0.0,0.0,0.0,0.0,0.0,0.0,0.0,0.0,0.0,0.0,0.0,0.0,0.0,0.0,0.0,0.0,0.0,0.0,0.0,0.0,0.0,0.0,0.0,0.0,0.0,0.0,0.0,0.0,0.0,0.0,0.0
1,0.0,0.0,0.0,0.0,0.0,0.0,0.0,0.0,0.0,0.0,0.0,0.0,0.0,0.0,0.0,0.0,0.0,0.0,0.0,0.0,0.0,0.0,0.0,0.0,0.0,0.0,0.0,0.0,0.0,0.0,0.0,0.0,0.0,0.0,0.0,0.0,0.0,0.0,0.0,0.0,0.0,0.0,0.0,0.0,0.0,0.0,0.0,0.0,0.0,0.0,0.0,0.0,0.0,0.0,0.0,0.0,0.0,0.0,0.0,0.0,0.0,0.0,0.0,0.0,0.0,0.0,-0.23889004900287628,-0.12343126615419572,-0.1020367409637487,-0.41352669131963044,-0.4099016497539296,-0.1785608304870176,-0.42459824148716674,-0.6926787998196655,-0.26226236239458245,-0.31110996200924446,-0.8786032504982375,-0.33851113703389407,-0.30557744709925944,-0.9726804552713566,-0.107906964031473,-0.3677446142453219,-1.4095927806591582,-0.24962915502477948,-0.39012652231000944,-1.6783244228642644,-0.3238906499824071,-0.3865172382509272,-1.9202837896433906,-0.3747459310248575,-0.11593993016284199,-0.9932562270601858,-0.13413858548171334,-0.26321230383082805,-1.020494979018303,-0.3323923342052414,-0.291445680473951,-0.7195964246601437,-0.35615968028718825,-0.25135749691189285,-0.6221634143395812,-0.3237345352023958,0.03988605278750359,-0.9147243459285139,-0.17848717093560482,-0.14196073553180863,-0.7276419901946308,-0.345130885940412,-0.16479526439005515,-0.45936554975399524,-0.283094770988403,-0.11696009287581556,-0.4349033791345171,-0.2008012605935744,0.1627459734862044,-0.7770681265150418,-0.2388645705950117,-0.017149600823899797,-0.5659955103167897,-0.3295779891869476,-0.03295709677374115,-0.3649215754302731,-0.28391804976900425,0.018264851938881554,-0.367277866032036,-0.22405711597307612
1,-0.0,0.0,0.0,0.23889004900287628,-0.12343126615419572,-0.1020367409637487,0.41352669131963044,-0.4099016497539296,-0.1785608304870176,0.42459824148716674,-0.6926787998196655,-0.26226236239458245,0.31110996200924446,-0.8786032504982375,-0.33851113703389407,0.30557744709925944,-0.9726804552713566,-0.107906964031473,0.3677446142453219,-1.4095927806591582,-0.24962915502477948,0.39012652231000944,-1.6783244228642644,-0.3238906499824071,0.3865172382509272,-1.9202837896433906,-0.3747459310248575,0.11593993016284199,-0.9932562270601858,-0.13413858548171334,0.26321230383082805,-1.020494979018303,-0.3323923342052414,0.291445680473951,-0.7195964246601437,-0.35615968028718825,0.25135749691189285,-0.6221634143395812,-0.3237345352023958,-0.03988605278750359,-0.9147243459285139,-0.17848717093560482,0.14196073553180863,-0.7276419901946308,-0.345130885940412,0.16479526439005515,-0.45936554975399524,-0.283094770988403,0.11696009287581556,-0.4349033791345171,-0.2008012605935744,-0.1627459734862044,-0.7770681265150418,-0.2388645705950117,0.017149600823899797,-0.5659955103167897,-0.3295779891869476,0.03295709677374115,-0.3649215754302731,-0.28391804976900425,-0.018264851938881554,-0.367277866032036,-0.22405711597307612,0.0,0.0,0.0,0.0,0.0,0.0,0.0,0.0,0.0,0.0,0.0,0.0,0.0,0.0,0.0,0.0,0.0,0.0,0.0,0.0,0.0,0.0,0.0,0.0,0.0,0.0,0.0,0.0,0.0,0.0,0.0,0.0,0.0,0.0,0.0,0.0,0.0,0.0,0.0,0.0,0.0,0.0,0.0,0.0,0.0,0.0,0.0,0.0,0.0,0.0,0.0,0.0,0.0,0.0,0.0,0.0,0.0,0.0,0.0,0.0,0.0,0.0,0.0
1,0.0,0.0,0.0,0.0,0.0,0.0,0.0,0.0,0.0,0.0,0.0,0.0,0.0,0.0,0.0,0.0,0.0,0.0,0.0,0.0,0.0,0.0,0.0,0.0,0.0,0.0,0.0,0.0,0.0,0.0,0.0,0.0,0.0,0.0,0.0,0.0,0.0,0.0,0.0,0.0,0.0,0.0,0.0,0.0,0.0,0.0,0.0,0.0,0.0,0.0,0.0,0.0,0.0,0.0,0.0,0.0,0.0,0.0,0.0,0.0,0.0,0.0,0.0,0.0,0.0,0.0,-0.23807706200156956,-0.12770882508276546,-0.10489534264864356,-0.4105588712119717,-0.4125968417359296,-0.1825347888059586,-0.43168698524479343,-0.6980600546668698,-0.2656405741158849,-0.31428239840523886,-0.8692171694193632,-0.34100784858962074,-0.3086162248450432,-0.9759130831328956,-0.11437431074704021,-0.36683237936527957,-1.4125812899309684,-0.25192568680264893,-0.3806508435413904,-1.673868148138268,-0.3277792874142974,-0.3708956562906023,-1.915481223810532,-0.38095512114248664,-0.11993768370489369,-0.9927814220801601,-0.13770356503389689,-0.24693786261589135,-1.0268187707562537,-0.3345422352690666,-0.27734755294919217,-0.7496776566226651,-0.3671443848046248,-0.254333710210252,-0.6465788984190132,-0.3423299217103261,0.036370815393890206,-0.913652171264462,-0.17738736766531513,-0.13482796840713526,-0.7267752036931995,-0.3412062191335721,-0.15758362645321003,-0.46568920119369345,-0.2892175447684635,-0.12128661702109887,-0.425272402891355,-0.213571012774214,0.15945682721009663,-0.7763183406642308,-0.23280121058508849,-0.00962010327646192,-0.5721846677195159,-0.3201000970985867,-0.02811489685008966,-0.3753784833418313,-0.2785232719753899,0.01308435358579566,-0.3650018008704536,-0.22186509390249534
1,-0.0,0.0,0.0,0.23807706200156956,-0.12770882508276546,-0.10489534264864356,0.4105588712119717,-0.4125968417359296,-0.1825347888059586,0.43168698524479343,-0.6980600546668698,-0.2656405741158849,0.31428239840523886,-0.8692171694193632,-0.34100784858962074,0.3086162248450432,-0.9759130831328956,-0.11437431074704021,0.36683237936527957,-1.4125812899309684,-0.25192568680264893,0.3806508435413904,-1.673868148138268,-0.3277792874142974,0.3708956562906023,-1.915481223810532,-0.38095512114248664,0.11993768370489369,-0.9927814220801601,-0.13770356503389689,0.24693786261589135,-1.0268187707562537,-0.3345422352690666,0.27734755294919217,-0.7496776566226651,-0.3671443848046248,0.254333710210252,-0.6465788984190132,-0.3423299217103261,-0.036370815393890206,-0.913652171264462,-0.17738736766531513,0.13482796840713526,-0.7267752036931995,-0.3412062191335721,0.15758362645321003,-0.46568920119369345,-0.2892175447684635,0.12128661702109887,-0.425272402891355,-0.213571012774214,-0.15945682721009663,-0.7763183406642308,-0.23280121058508849,0.00962010327646192,-0.5721846677195159,-0.3201000970985867,0.02811489685008966,-0.3753784833418313,-0.2785232719753899,-0.01308435358579566,-0.3650018008704536,-0.22186509390249534,0.0,0.0,0.0,0.0,0.0,0.0,0.0,0.0,0.0,0.0,0.0,0.0,0.0,0.0,0.0,0.0,0.0,0.0,0.0,0.0,0.0,0.0,0.0,0.0,0.0,0.0,0.0,0.0,0.0,0.0,0.0,0.0,0.0,0.0,0.0,0.0,0.0,0.0,0.0,0.0,0.0,0.0,0.0,0.0,0.0,0.0,0.0,0.0,0.0,0.0,0.0,0.0,0.0,0.0,0.0,0.0,0.0,0.0,0.0,0.0,0.0,0.0,0.0
1,0.0,0.0,0.0,0.0,0.0,0.0,0.0,0.0,0.0,0.0,0.0,0.0,0.0,0.0,0.0,0.0,0.0,0.0,0.0,0.0,0.0,0.0,0.0,0.0,0.0,0.0,0.0,0.0,0.0,0.0,0.0,0.0,0.0,0.0,0.0,0.0,0.0,0.0,0.0,0.0,0.0,0.0,0.0,0.0,0.0,0.0,0.0,0.0,0.0,0.0,0.0,0.0,0.0,0.0,0.0,0.0,0.0,0.0,0.0,0.0,0.0,0.0,0.0,0.0,0.0,0.0,-0.2377241489219893,-0.1284465856302458,-0.10375852697016512,-0.41012398889699664,-0.40663218705159343,-0.18464388331907516,-0.4312612248208041,-0.6870181770201149,-0.2736018398134211,-0.31787409621579427,-0.8705207743457029,-0.35588106779181583,-0.30025057835797936,-0.9781222946678734,-0.1111314860173797,-0.36340079822249466,-1.4153385675519483,-0.2550259765607609,-0.38270076997901853,-1.683907057425918,-0.3314320169841955,-0.37371238000979856,-1.9254347664311946,-0.3830542020864122,-0.10890306987242242,-0.9940523735560225,-0.13827970773310302,-0.24943179396083676,-1.0249189046813498,-0.3399582486517369,-0.2771070494155927,-0.7241891829507351,-0.3661881978468125,-0.23813781758561384,-0.6198937245044727,-0.335198079783818,0.05053222981293642,-0.913096046320907,-0.18338457385959986,-0.12837398814954348,-0.7520608625325234,-0.3543509731537303,-0.15457181638381776,-0.47840013880461085,-0.29398931840645637,-0.11073663567748153,-0.4385452177100636,-0.21111153789730888,0.17584534380441544,-0.7730105777939129,-0.24416910893196483,-0.0022433991300805415,-0.5817649797340966,-0.3362434492618368,-0.023876900473858802,-0.3801176694298026,-0.29001532546399217,0.02427796731064448,-0.37033974761385013,-0.2287628790820439
1,-0.0,0.0,0.0,0.2377241489219893,-0.1284465856302458,-0.10375852697016512,0.41012398889699664,-0.40663218705159343,-0.18464388331907516,0.4312612248208041,-0.6870181770201149,-0.2736018398134211,0.31787409621579427,-0.8705207743457029,-0.35588106779181583,0.30025057835797936,-0.9781222946678734,-0.1111314860173797,0.36340079822249466,-1.4153385675519483,-0.2550259765607609,0.38270076997901853,-1.683907057425918,-0.3314320169841955,0.37371238000979856,-1.9254347664311946,-0.3830542020864122,0.10890306987242242,-0.9940523735560225,-0.13827970773310302,0.24943179396083676,-1.0249189046813498,-0.3399582486517369,0.2771070494155927,-0.7241891829507351,-0.3661881978468125,0.23813781758561384,-0.6198937245044727,-0.335198079783818,-0.05053222981293642,-0.913096046320907,-0.18338457385959986,0.12837398814954348,-0.7520608625325234,-0.3543509731537303,0.15457181638381776,-0.47840013880461085,-0.29398931840645637,0.11073663567748153,-0.4385452177100636,-0.21111153789730888,-0.17584534380441544,-0.7730105777939129,-0.24416910893196483,0.0022433991300805415,-0.5817649797340966,-0.3362434492618368,0.023876900473858802,-0.3801176694298026,-0.29001532546399217,-0.02427796731064448,-0.37033974761385013,-0.2287628790820439,0.0,0.0,0.0,0.0,0.0,0.0,0.0,0.0,0.0,0.0,0.0,0.0,0.0,0.0,0.0,0.0,0.0,0.0,0.0,0.0,0.0,0.0,0.0,0.0,0.0,0.0,0.0,0.0,0.0,0.0,0.0,0.0,0.0,0.0,0.0,0.0,0.0,0.0,0.0,0.0,0.0,0.0,0.0,0.0,0.0,0.0,0.0,0.0,0.0,0.0,0.0,0.0,0.0,0.0,0.0,0.0,0.0,0.0,0.0,0.0,0.0,0.0,0.0
1,0.0,0.0,0.0,0.0,0.0,0.0,0.0,0.0,0.0,0.0,0.0,0.0,0.0,0.0,0.0,0.0,0.0,0.0,0.0,0.0,0.0,0.0,0.0,0.0,0.0,0.0,0.0,0.0,0.0,0.0,0.0,0.0,0.0,0.0,0.0,0.0,0.0,0.0,0.0,0.0,0.0,0.0,0.0,0.0,0.0,0.0,0.0,0.0,0.0,0.0,0.0,0.0,0.0,0.0,0.0,0.0,0.0,0.0,0.0,0.0,0.0,0.0,0.0,0.0,0.0,0.0,-0.23551834381143258,-0.12978940766807853,-0.10755969947544376,-0.41154263110375644,-0.4099643131497936,-0.19082441516029436,-0.4385986551420878,-0.6958470672170235,-0.281447123368143,-0.318032768350564,-0.8614731765157756,-0.3637053484419648,-0.3033967637948003,-0.9770486072371924,-0.1076468566118335,-0.3661146650029103,-1.408932370478945,-0.2521513054778945,-0.39000017601657566,-1.6739149622838072,-0.3262299906095409,-0.3887270185807353,-1.9153950242870037,-0.3766733439730691,-0.11504565138233135,-0.9933602056142652,-0.1345560144979967,-0.2573631023632893,-1.0439099161935947,-0.33922693081306193,-0.28742501872770077,-0.7333261664289606,-0.3624445035459773,-0.25363151846179005,-0.6289003187575535,-0.3258404109645816,0.041259389072191614,-0.9133254313663954,-0.18054852925799647,-0.13568554968073618,-0.7454871463990428,-0.35245284344279787,-0.16032505070395783,-0.4692340229482675,-0.2898345989799062,-0.1169612376931491,-0.4400305831194569,-0.20351444319982984,0.1644427449712313,-0.7724169158850702,-0.24298463656367172,-0.011216791831085284,-0.5732898141732666,-0.33183893072574006,-0.029714988445903975,-0.3726155499950839,-0.2848713189300823,0.01986196345996338,-0.376176526990776,-0.223443853528656
1,-0.0,0.0,0.0,0.23551834381143258,-0.12978940766807853,-0.10755969947544376,0.41154263110375644,-0.4099643131497936,-0.19082441516029436,0.4385986551420878,-0.6958470672170235,-0.281447123368143,0.318032768350564,-0.8614731765157756,-0.3637053484419648,0.3033967637948003,-0.9770486072371924,-0.1076468566118335,0.3661146650029103,-1.408932370478945,-0.2521513054778945,0.39000017601657566,-1.6739149622838072,-0.3262299906095409,0.3887270185807353,-1.9153950242870037,-0.3766733439730691,0.11504565138233135,-0.9933602056142652,-0.1345560144979967,0.2573631023632893,-1.0439099161935947,-0.33922693081306193,0.28742501872770077,-0.7333261664289606,-0.3624445035459773,0.25363151846179005,-0.6289003187575535,-0.3258404109645816,-0.041259389072191614,-0.9133254313663954,-0.18054852925799647,0.13568554968073618,-0.7454871463990428,-0.35245284344279787,0.16032505070395783,-0.4692340229482675,-0.2898345989799062,0.1169612376931491,-0.4400305831194569,-0.20351444319982984,-0.1644427449712313,-0.7724169158850702,-0.24298463656367172,0.011216791831085284,-0.5732898141732666,-0.33183893072574006,0.029714988445903975,-0.3726155499950839,-0.2848713189300823,-0.01986196345996338,-0.376176526990776,-0.223443853528656,0.0,0.0,0.0,0.0,0.0,0.0,0.0,0.0,0.0,0.0,0.0,0.0,0.0,0.0,0.0,0.0,0.0,0.0,0.0,0.0,0.0,0.0,0.0,0.0,0.0,0.0,0.0,0.0,0.0,0.0,0.0,0.0,0.0,0.0,0.0,0.0,0.0,0.0,0.0,0.0,0.0,0.0,0.0,0.0,0.0,0.0,0.0,0.0,0.0,0.0,0.0,0.0,0.0,0.0,0.0,0.0,0.0,0.0,0.0,0.0,0.0,0.0,0.0
1,0.0,0.0,0.0,0.0,0.0,0.0,0.0,0.0,0.0,0.0,0.0,0.0,0.0,0.0,0.0,0.0,0.0,0.0,0.0,0.0,0.0,0.0,0.0,0.0,0.0,0.0,0.0,0.0,0.0,0.0,0.0,0.0,0.0,0.0,0.0,0.0,0.0,0.0,0.0,0.0,0.0,0.0,0.0,0.0,0.0,0.0,0.0,0.0,0.0,0.0,0.0,0.0,0.0,0.0,0.0,0.0,0.0,0.0,0.0,0.0,0.0,0.0,0.0,0.0,0.0,0.0,-0.23949051593339504,-0.13027547789925017,-0.1032670717836021,-0.41225088082770106,-0.4067223751498653,-0.1833977275863312,-0.4196780790406935,-0.6837963333933593,-0.27058591450985575,-0.30513384332754023,-0.8642886722188371,-0.35047489055491277,-0.30175559326642853,-0.9800903129595956,-0.11011753187953492,-0.35836180080159713,-1.4068936871567188,-0.24783469099409453,-0.37902663412407467,-1.672183029895082,-0.321834488435847,-0.3754076276608105,-1.9085796892674078,-0.37336114626583006,-0.11087379492761106,-0.993834494067473,-0.13778619635967157,-0.23768675802499614,-1.0419865952584229,-0.33414958878617523,-0.2773004881309738,-0.7516308176339124,-0.3628051065770807,-0.25042331887250147,-0.6410762985259739,-0.3345799750533753,0.047260208155703295,-0.9103549474893209,-0.1825442051026777,-0.12414001985985174,-0.7406824202460301,-0.3453720517716213,-0.15586104377753882,-0.4769162721315123,-0.2885586706165323,-0.11642952249409923,-0.4396904077959738,-0.21073925917529032,0.17274381289165802,-0.7684109916902961,-0.24317802101771807,-0.001550963686138842,-0.5701267547457531,-0.3285596628671086,-0.02419273537447266,-0.37763845459620937,-0.28347905251464156,0.02279990487065667,-0.3745633387323532,-0.22550277347929795
1,-0.0,0.0,0.0,0.23949051593339504,-0.13027547789925017,-0.1032670717836021,0.41225088082770106,-0.4067223751498653,-0.1833977275863312,0.4196780790406935,-0.6837963333933593,-0.27058591450985575,0.30513384332754023,-0.8642886722188371,-0.35047489055491277,0.30175559326642853,-0.9800903129595956,-0.11011753187953492,0.35836180080159713,-1.4068936871567188,-0.24783469099409453,0.37902663412407467,-1.672183029895082,-0.321834488435847,0.3754076276608105,-1.9085796892674078,-0.37336114626583006,0.11087379492761106,-0.993834494067473,-0.13778619635967157,0.23768675802499614,-1.0419865952584229,-0.33414958878617523,0.2773004881309738,-0.7516308176339124,-0.3628051065770807,0.25042331887250147,-0.6410762985259739,-0.3345799750533753,-0.047260208155703295,-0.9103549474893209,-0.1825442051026777,0.12414001985985174,-0.7406824202460301,-0.3453720517716213,0.15586104377753882,-0.4769162721315123,-0.2885586706165323,0.11642952249409923,-0.4396904077959738,-0.21073925917529032,-0.17274381289165802,-0.7684109916902961,-0.24317802101771807,0.001550963686138842,-0.5701267547457531,-0.3285596628671086,0.02419273537447266,-0.37763845459620937,-0.28347905251464156,-0.02279990487065667,-0.3745633387323532,-0.22550277347929795,0.0,0.0,0.0,0.0,0.0,0.0,0.0,0.0,0.0,0.0,0.0,0.0,0.0,0.0,0.0,0.0,0.0,0.0,0.0,0.0,0.0,0.0,0.0,0.0,0.0,0.0,0.0,0.0,0.0,0.0,0.0,0.0,0.0,0.0,0.0,0.0,0.0,0.0,0.0,0.0,0.0,0.0,0.0,0.0,0.0,0.0,0.0,0.0,0.0,0.0,0.0,0.0,0.0,0.0,0.0,0.0,0.0,0.0,0.0,0.0,0.0,0.0,0.0
1,0.0,0.0,0.0,0.0,0.0,0.0,0.0,0.0,0.0,0.0,0.0,0.0,0.0,0.0,0.0,0.0,0.0,0.0,0.0,0.0,0.0,0.0,0.0,0.0,0.0,0.0,0.0,0.0,0.0,0.0,0.0,0.0,0.0,0.0,0.0,0.0,0.0,0.0,0.0,0.0,0.0,0.0,0.0,0.0,0.0,0.0,0.0,0.0,0.0,0.0,0.0,0.0,0.0,0.0,0.0,0.0,0.0,0.0,0.0,0.0,0.0,0.0,0.0,0.0,0.0,0.0,-0.23806482079505098,-0.13224132280157713,-0.10598426170630264,-0.4085324882586281,-0.406828108057342,-0.18915716163116927,-0.41404552632534536,-0.6822851860491543,-0.2784503747287405,-0.2995536667582442,-0.8653945044662228,-0.3604819888811467,-0.2988322938153351,-0.9794140560288472,-0.11515380157228512,-0.3538403963037381,-1.4038846509921996,-0.2559176145698414,-0.3709132991569099,-1.6730731620585282,-0.332225926837512,-0.36426232259748625,-1.9116429439136156,-0.38531986348943253,-0.10711404511823126,-0.9942467406727615,-0.14171045310039096,-0.24000132460050425,-1.0360104086046211,-0.3370067645359934,-0.27994899079805563,-0.7399308083600686,-0.3620744743020839,-0.2521182040627619,-0.6329386315496167,-0.3320758798991503,0.05226538244505078,-0.9089979466498274,-0.18593513162058964,-0.12056327854625584,-0.739226103504098,-0.34748289626820733,-0.1518626668487041,-0.47611433973979783,-0.28580738822485324,-0.11193522095334028,-0.44207400750162196,-0.2056075729178393,0.1793961604923747,-0.7630732174611071,-0.24648906185493305,0.0035145071180668836,-0.5677158608648885,-0.3325049806700673,-0.01751105494179103,-0.3754735237948681,-0.2850360280990868,0.03102395499697386,-0.37521284584504416,-0.22526162125439975
1,-0.0,0.0,0.0,0.23806482079505098,-0.13224132280157713,-0.10598426170630264,0.4085324882586281,-0.406828108057342,-0.18915716163116927,0.41404552632534536,-0.6822851860491543,-0.2784503747287405,0.2995536667582442,-0.8653945044662228,-0.3604819888811467,0.2988322938153351,-0.9794140560288472,-0.11515380157228512,0.3538403963037381,-1.4038846509921996,-0.2559176145698414,0.3709132991569099,-1.6730731620585282,-0.332225926837512,0.36426232259748625,-1.9116429439136156,-0.38531986348943253,0.10711404511823126,-0.9942467406727615,-0.14171045310039096,0.24000132460050425,-1.0360104086046211,-0.3370067645359934,0.27994899079805563,-0.7399308083600686,-0.3620744743020839,0.2521182040627619,-0.6329386315496167,-0.3320758798991503,-0.05226538244505078,-0.9089979466498274,-0.18593513162058964,0.12056327854625584,-0.739226103504098,-0.34748289626820733,0.1518626668487041,-0.47611433973979783,-0.28580738822485324,0.11193522095334028,-0.44207400750162196,-0.2056075729178393,-0.1793961604923747,-0.7630732174611071,-0.24648906185493305,-0.0035145071180668836,-0.5677158608648885,-0.3325049806700673,0.01751105494179103,-0.3754735237948681,-0.2850360280990868,-0.03102395499697386,-0.37521284584504416,-0.22526162125439975,0.0,0.0,0.0,0.0,0.0,0.0,0.0,0.0,0.0,0.0,0.0,0.0,0.0,0.0,0.0,0.0,0.0,0.0,0.0,0.0,0.0,0.0,0.0,0.0,0.0,0.0,0.0,0.0,0.0,0.0,0.0,0.0,0.0,0.0,0.0,0.0,0.0,0.0,0.0,0.0,0.0,0.0,0.0,0.0,0.0,0.0,0.0,0.0,0.0,0.0,0.0,0.0,0.0,0.0,0.0,0.0,0.0,0.0,0.0,0.0,0.0,0.0,0.0
1,0.0,0.0,0.0,0.0,0.0,0.0,0.0,0.0,0.0,0.0,0.0,0.0,0.0,0.0,0.0,0.0,0.0,0.0,0.0,0.0,0.0,0.0,0.0,0.0,0.0,0.0,0.0,0.0,0.0,0.0,0.0,0.0,0.0,0.0,0.0,0.0,0.0,0.0,0.0,0.0,0.0,0.0,0.0,0.0,0.0,0.0,0.0,0.0,0.0,0.0,0.0,0.0,0.0,0.0,0.0,0.0,0.0,0.0,0.0,0.0,0.0,0.0,0.0,0.0,0.0,0.0,-0.23987805438991996,-0.12790842661959015,-0.10627778581854466,-0.4103359318953184,-0.41179424805518583,-0.1881945544867138,-0.42453359965606113,-0.6928158103059819,-0.27681820269548085,-0.31425534849606046,-0.8841952391535701,-0.3577402091319741,-0.3014184174753584,-0.9804052393257338,-0.11350129877047069,-0.3576231985272513,-1.417919382651451,-0.2588841252292278,-0.379142492727899,-1.691753421252584,-0.3363777242320436,-0.37584174481062615,-1.9360812625754478,-0.3902438036170099,-0.10972337157776593,-0.9939621631277559,-0.1408099520400674,-0.25058422576299416,-1.0120311703284868,-0.34751342422360626,-0.28136364151634674,-0.7034177867053429,-0.37458471865551546,-0.2450960725179399,-0.6053692138488742,-0.3434496824247508,0.04898486875299362,-0.9099253334030099,-0.18632960572688717,-0.12618286964751382,-0.7330295571977186,-0.3585594352215924,-0.15043631713985883,-0.45851494349050614,-0.29364613887829605,-0.10505086099730813,-0.4349960981276473,-0.2088419221307146,0.1769804001654234,-0.767269734577975,-0.2481746288512054,-0.003246858717905282,-0.5654454487358316,-0.3413551015874401,-0.02364261135015315,-0.3649517161691215,-0.2930865388227151,0.02582657107695199,-0.3730833344880115,-0.23099978956146397
1,-0.0,0.0,0.0,0.23987805438991996,-0.12790842661959015,-0.10627778581854466,0.4103359318953184,-0.41179424805518583,-0.1881945544867138,0.42453359965606113,-0.6928158103059819,-0.27681820269548085,0.31425534849606046,-0.8841952391535701,-0.3577402091319741,0.3014184174753584,-0.9804052393257338,-0.11350129877047069,0.3576231985272513,-1.417919382651451,-0.2588841252292278,0.379142492727899,-1.691753421252584,-0.3363777242320436,0.37584174481062615,-1.9360812625754478,-0.3902438036170099,0.10972337157776593,-0.9939621631277559,-0.1408099520400674,0.25058422576299416,-1.0120311703284868,-0.34751342422360626,0.28136364151634674,-0.7034177867053429,-0.37458471865551546,0.2450960725179399,-0.6053692138488742,-0.3434496824247508,-0.04898486875299362,-0.9099253334030099,-0.18632960572688717,0.12618286964751382,-0.7330295571977186,-0.3585594352215924,0.15043631713985883,-0.45851494349050614,-0.29364613887829605,0.10505086099730813,-0.4349960981276473,-0.2088419221307146,-0.1769804001654234,-0.767269734577975,-0.2481746288512054,0.003246858717905282,-0.5654454487358316,-0.3413551015874401,0.02364261135015315,-0.3649517161691215,-0.2930865388227151,-0.02582657107695199,-0.3730833344880115,-0.23099978956146397,0.0,0.0,0.0,0.0,0.0,0.0,0.0,0.0,0.0,0.0,0.0,0.0,0.0,0.0,0.0,0.0,0.0,0.0,0.0,0.0,0.0,0.0,0.0,0.0,0.0,0.0,0.0,0.0,0.0,0.0,0.0,0.0,0.0,0.0,0.0,0.0,0.0,0.0,0.0,0.0,0.0,0.0,0.0,0.0,0.0,0.0,0.0,0.0,0.0,0.0,0.0,0.0,0.0,0.0,0.0,0.0,0.0,0.0,0.0,0.0,0.0,0.0,0.0
1,0.0,0.0,0.0,0.0,0.0,0.0,0.0,0.0,0.0,0.0,0.0,0.0,0.0,0.0,0.0,0.0,0.0,0.0,0.0,0.0,0.0,0.0,0.0,0.0,0.0,0.0,0.0,0.0,0.0,0.0,0.0,0.0,0.0,0.0,0.0,0.0,0.0,0.0,0.0,0.0,0.0,0.0,0.0,0.0,0.0,0.0,0.0,0.0,0.0,0.0,0.0,0.0,0.0,0.0,0.0,0.0,0.0,0.0,0.0,0.0,0.0,0.0,0.0,0.0,0.0,0.0,-0.23805115265178675,-0.1319106783707772,-0.10788525300991209,-0.4031669243055019,-0.40818080738721235,-0.19096122042787353,-0.4205850002294459,-0.6861501672086767,-0.27958388087735864,-0.31785354945484484,-0.8827852437538374,-0.36118984150377614,-0.2915223303511469,-0.9788172973902056,-0.11614638769532838,-0.356203932270189,-1.4137083176423604,-0.2605040723096161,-0.3767532675432777,-1.6835018095163141,-0.3401664211104192,-0.3733851199474196,-1.9271701078491428,-0.394638955742651,-0.09898773860462524,-0.9950886531389767,-0.14012202957794428,-0.24289261620476607,-1.038234411232317,-0.3406074145749146,-0.2769249665901524,-0.7435440606460271,-0.3700484606082154,-0.24726771030851236,-0.6356739043783032,-0.34175266019962314,0.05829618115413123,-0.9127442685026282,-0.1817306031039284,-0.1269268349682967,-0.7433402297632152,-0.3490863540806841,-0.1542366069104737,-0.4728127546766597,-0.2889818253871517,-0.1132633074456489,-0.43203478171057247,-0.2073981544770579,0.18087288650096414,-0.7704897900828321,-0.23947439364975298,-0.002756243444967325,-0.5811405016745722,-0.32990523017928286,-0.02477820883775194,-0.3784162861322487,-0.2827332120426611,0.02200001859517365,-0.3664865556208673,-0.22127163398153873
1,-0.0,0.0,0.0,0.23805115265178675,-0.1319106783707772,-0.10788525300991209,0.4031669243055019,-0.40818080738721235,-0.19096122042787353,0.4205850002294459,-0.6861501672086767,-0.27958388087735864,0.31785354945484484,-0.8827852437538374,-0.36118984150377614,0.2915223303511469,-0.9788172973902056,-0.11614638769532838,0.356203932270189,-1.4137083176423604,-0.2605040723096161,0.3767532675432777,-1.6835018095163141,-0.3401664211104192,0.3733851199474196,-1.9271701078491428,-0.394638955742651,0.09898773860462524,-0.9950886531389767,-0.14012202957794428,0.24289261620476607,-1.038234411232317,-0.3406074145749146,0.2769249665901524,-0.7435440606460271,-0.3700484606082154,0.24726771030851236,-0.6356739043783032,-0.34175266019962314,-0.05829618115413123,-0.9127442685026282,-0.1817306031039284,0.1269268349682967,-0.7433402297632152,-0.3490863540806841,0.1542366069104737,-0.4728127546766597,-0.2889818253871517,0.1132633074456489,-0.43203478171057247,-0.2073981544770579,-0.18087288650096414,-0.7704897900828321,-0.23947439364975298,0.002756243444967325,-0.5811405016745722,-0.32990523017928286,0.02477820883775194,-0.3784162861322487,-0.2827332120426611,-0.02200001859517365,-0.3664865556208673,-0.22127163398153873,0.0,0.0,0.0,0.0,0.0,0.0,0.0,0.0,0.0,0.0,0.0,0.0,0.0,0.0,0.0,0.0,0.0,0.0,0.0,0.0,0.0,0.0,0.0,0.0,0.0,0.0,0.0,0.0,0.0,0.0,0.0,0.0,0.0,0.0,0.0,0.0,0.0,0.0,0.0,0.0,0.0,0.0,0.0,0.0,0.0,0.0,0.0,0.0,0.0,0.0,0.0,0.0,0.0,0.0,0.0,0.0,0.0,0.0,0.0,0.0,0.0,0.0,0.0
1,0.0,0.0,0.0,0.0,0.0,0.0,0.0,0.0,0.0,0.0,0.0,0.0,0.0,0.0,0.0,0.0,0.0,0.0,0.0,0.0,0.0,0.0,0.0,0.0,0.0,0.0,0.0,0.0,0.0,0.0,0.0,0.0,0.0,0.0,0.0,0.0,0.0,0.0,0.0,0.0,0.0,0.0,0.0,0.0,0.0,0.0,0.0,0.0,0.0,0.0,0.0,0.0,0.0,0.0,0.0,0.0,0.0,0.0,0.0,0.0,0.0,0.0,0.0,0.0,0.0,0.0,-0.23598866783569714,-0.13523349909739807,-0.106725835734564,-0.4011015250278502,-0.412520244507053,-0.19035248684559197,-0.41910014856683586,-0.6905022382976198,-0.2803262639823882,-0.3244089108466068,-0.8915674225617598,-0.36233061828569607,-0.29262888342956844,-0.9802109166534628,-0.10857629042553299,-0.35378254791302666,-1.3951040975727436,-0.25467112322217117,-0.37726626839897387,-1.6606471616581011,-0.3308014279591322,-0.3743671069316556,-1.8937055073016078,-0.3821506941093845,-0.10696627010630595,-0.9942626499368992,-0.1339441218832093,-0.2629244840368008,-1.0242827034257735,-0.33410874770905513,-0.2967580167123999,-0.7096708054158932,-0.3525492869825902,-0.25955265079479967,-0.6135034126641704,-0.3161179817987439,0.046635059906592335,-0.9139073690815153,-0.17914152239406703,-0.13498421329842153,-0.7536284710919191,-0.3500020326192113,-0.15807687343196988,-0.47231700106199115,-0.27946632577473085,-0.11226871934124678,-0.44038629602728135,-0.19080672860280445,0.16857952155789904,-0.7722075474409676,-0.2409253990485716,-0.009817112178743596,-0.582226138587384,-0.3356454705564258,-0.0251317316364324,-0.38017001629332964,-0.2871993452734214,0.028182514985812212,-0.3840245035335657,-0.22468604123945743
1,-0.0,0.0,0.0,0.23598866783569714,-0.13523349909739807,-0.106725835734564,0.4011015250278502,-0.412520244507053,-0.19035248684559197,0.41910014856683586,-0.6905022382976198,-0.2803262639823882,0.3244089108466068,-0.8915674225617598,-0.36233061828569607,0.29262888342956844,-0.9802109166534628,-0.10857629042553299,0.35378254791302666,-1.3951040975727436,-0.25467112322217117,0.37726626839897387,-1.6606471616581011,-0.3308014279591322,0.3743671069316556,-1.8937055073016078,-0.3821506941093845,0.10696627010630595,-0.9942626499368992,-0.1339441218832093,0.2629244840368008,-1.0242827034257735,-0.33410874770905513,0.2967580167123999,-0.7096708054158932,-0.3525492869825902,0.25955265079479967,-0.6135034126641704,-0.3161179817987439,-0.046635059906592335,-0.9139073690815153,-0.17914152239406703,0.13498421329842153,-0.7536284710919191,-0.3500020326192113,0.15807687343196988,-0.47231700106199115,-0.27946632577473085,0.11226871934124678,-0.44038629602728135,-0.19080672860280445,-0.16857952155789904,-0.7722075474409676,-0.2409253990485716,0.009817112178743596,-0.582226138587384,-0.3356454705564258,0.0251317316364324,-0.38017001629332964,-0.2871993452734214,-0.028182514985812212,-0.3840245035335657,-0.22468604123945743,0.0,0.0,0.0,0.0,0.0,0.0,0.0,0.0,0.0,0.0,0.0,0.0,0.0,0.0,0.0,0.0,0.0,0.0,0.0,0.0,0.0,0.0,0.0,0.0,0.0,0.0,0.0,0.0,0.0,0.0,0.0,0.0,0.0,0.0,0.0,0.0,0.0,0.0,0.0,0.0,0.0,0.0,0.0,0.0,0.0,0.0,0.0,0.0,0.0,0.0,0.0,0.0,0.0,0.0,0.0,0.0,0.0,0.0,0.0,0.0,0.0,0.0,0.0
1,0.0,0.0,0.0,0.0,0.0,0.0,0.0,0.0,0.0,0.0,0.0,0.0,0.0,0.0,0.0,0.0,0.0,0.0,0.0,0.0,0.0,0.0,0.0,0.0,0.0,0.0,0.0,0.0,0.0,0.0,0.0,0.0,0.0,0.0,0.0,0.0,0.0,0.0,0.0,0.0,0.0,0.0,0.0,0.0,0.0,0.0,0.0,0.0,0.0,0.0,0.0,0.0,0.0,0.0,0.0,0.0,0.0,0.0,0.0,0.0,0.0,0.0,0.0,0.0,0.0,0.0,-0.2396021236747845,-0.1340143433214626,-0.10528123094497643,-0.4062820384542413,-0.4135693318382165,-0.18725387322798687,-0.4241626565608646,-0.6943012361054586,-0.2758350923842743,-0.3259263354605921,-0.895394903847603,-0.3570355613805061,-0.2957369709163234,-0.9767166145241927,-0.10763807445141041,-0.3601461017347072,-1.3985548150979819,-0.2523921293450362,-0.3861060691323802,-1.6658087733259033,-0.3290139270112437,-0.3843704771336444,-1.9014515650625374,-0.3806931382692876,-0.10846360255292754,-0.9941004209441019,-0.1327387657640296,-0.2601078568301158,-1.0306979793918223,-0.3319026771443864,-0.29204080026399654,-0.7221903760773446,-0.3532819595679372,-0.25412689390303167,-0.6194583830109215,-0.31862758459622115,0.045835548399965106,-0.9158315977767151,-0.176788355680739,-0.1371200255330683,-0.7551813794957912,-0.3454108786093151,-0.16088007829292403,-0.47682496609461383,-0.2781259255913257,-0.11596911404016784,-0.43898443083288574,-0.1914087486215754,0.1667976875771247,-0.77540824832561,-0.23713395270924276,-0.013510299715921574,-0.5836776533690954,-0.32962631171635887,-0.028989706460437716,-0.382501138555488,-0.2814684055803114,0.023545083561353874,-0.38081820588812326,-0.21899276228777925
1,-0.0,0.0,0.0,0.2396021236747845,-0.1340143433214626,-0.10528123094497643,0.4062820384542413,-0.4135693318382165,-0.18725387322798687,0.4241626565608646,-0.6943012361054586,-0.2758350923842743,0.3259263354605921,-0.895394903847603,-0.3570355613805061,0.2957369709163234,-0.9767166145241927,-0.10763807445141041,0.3601461017347072,-1.3985548150979819,-0.2523921293450362,0.3861060691323802,-1.6658087733259033,-0.3290139270112437,0.3843704771336444,-1.9014515650625374,-0.3806931382692876,0.10846360255292754,-0.9941004209441019,-0.1327387657640296,0.2601078568301158,-1.0306979793918223,-0.3319026771443864,0.29204080026399654,-0.7221903760773446,-0.3532819595679372,0.25412689390303167,-0.6194583830109215,-0.31862758459622115,-0.045835548399965106,-0.9158315977767151,-0.176788355680739,0.1371200255330683,-0.7551813794957912,-0.3454108786093151,0.16088007829292403,-0.47682496609461383,-0.2781259255913257,0.11596911404016784,-0.43898443083288574,-0.1914087486215754,-0.1667976875771247,-0.77540824832561,-0.23713395270924276,0.013510299715921574,-0.5836776533690954,-0.32962631171635887,0.028989706460437716,-0.382501138555488,-0.2814684055803114,-0.023545083561353874,-0.38081820588812326,-0.21899276228777925,0.0,0.0,0.0,0.0,0.0,0.0,0.0,0.0,0.0,0.0,0.0,0.0,0.0,0.0,0.0,0.0,0.0,0.0,0.0,0.0,0.0,0.0,0.0,0.0,0.0,0.0,0.0,0.0,0.0,0.0,0.0,0.0,0.0,0.0,0.0,0.0,0.0,0.0,0.0,0.0,0.0,0.0,0.0,0.0,0.0,0.0,0.0,0.0,0.0,0.0,0.0,0.0,0.0,0.0,0.0,0.0,0.0,0.0,0.0,0.0,0.0,0.0,0.0
1,0.0,0.0,0.0,0.0,0.0,0.0,0.0,0.0,0.0,0.0,0.0,0.0,0.0,0.0,0.0,0.0,0.0,0.0,0.0,0.0,0.0,0.0,0.0,0.0,0.0,0.0,0.0,0.0,0.0,0.0,0.0,0.0,0.0,0.0,0.0,0.0,0.0,0.0,0.0,0.0,0.0,0.0,0.0,0.0,0.0,0.0,0.0,0.0,0.0,0.0,0.0,0.0,0.0,0.0,0.0,0.0,0.0,0.0,0.0,0.0,0.0,0.0,0.0,0.0,0.0,0.0,-0.24094917766948637,-0.13775583902470495,-0.09266470488073619,-0.4175967325213133,-0.4429205666899634,-0.1611231225087781,-0.43774877256460853,-0.737463138153803,-0.2373703055385049,-0.34680554892499443,-0.9362699072564524,-0.30662075468632244,-0.29448867282776964,-0.9794157654305324,-0.09197018417465426,-0.3655027382839599,-1.4104465954957868,-0.23031094199146834,-0.4019862025530027,-1.6771924578682214,-0.30329983559871776,-0.4164171498711985,-1.9170092141941542,-0.3550111082710176,-0.11105621467106262,-0.9938141260733492,-0.12248425418948285,-0.26674297494550236,-1.0838597724265722,-0.32217298612990425,-0.2961754801423295,-0.766931667439024,-0.3419836566867124,-0.2549061744812192,-0.6497948066415272,-0.305228293048209,0.03962319731664419,-0.9203909840799562,-0.17094974102914617,-0.14532007260827148,-0.8055967890002188,-0.3377236363634993,-0.16811287082595824,-0.5155511787386935,-0.2658423975390327,-0.12191898978350833,-0.47137464664629425,-0.17686716159857857,0.1588032564100619,-0.7881583802872262,-0.2348498224454967,-0.023046341801648988,-0.6171261833361673,-0.32490387327354053,-0.0355458754951609,-0.41381502821909183,-0.27482287965877417,0.02282029752180416,-0.41977495240045065,-0.2130381822116528
1,-0.0,0.0,0.0,0.24094917766948637,-0.13775583902470495,-0.09266470488073619,0.4175967325213133,-0.4429205666899634,-0.1611231225087781,0.43774877256460853,-0.737463138153803,-0.2373703055385049,0.34680554892499443,-0.9362699072564524,-0.30662075468632244,0.29448867282776964,-0.9794157654305324,-0.09197018417465426,0.3655027382839599,-1.4104465954957868,-0.23031094199146834,0.4019862025530027,-1.6771924578682214,-0.30329983559871776,0.4164171498711985,-1.9170092141941542,-0.3550111082710176,0.11105621467106262,-0.9938141260733492,-0.12248425418948285,0.26674297494550236,-1.0838597724265722,-0.32217298612990425,0.2961754801423295,-0.766931667439024,-0.3419836566867124,0.2549061744812192,-0.6497948066415272,-0.305228293048209,-0.03962319731664419,-0.9203909840799562,-0.17094974102914617,0.14532007260827148,-0.8055967890002188,-0.3377236363634993,0.16811287082595824,-0.5155511787386935,-0.2658423975390327,0.12191898978350833,-0.47137464664629425,-0.17686716159857857,-0.1588032564100619,-0.7881583802872262,-0.2348498224454967,0.023046341801648988,-0.6171261833361673,-0.32490387327354053,0.0355458754951609,-0.41381502821909183,-0.27482287965877417,-0.02282029752180416,-0.41977495240045065,-0.2130381822116528,0.0,0.0,0.0,0.0,0.0,0.0,0.0,0.0,0.0,0.0,0.0,0.0,0.0,0.0,0.0,0.0,0.0,0.0,0.0,0.0,0.0,0.0,0.0,0.0,0.0,0.0,0.0,0.0,0.0,0.0,0.0,0.0,0.0,0.0,0.0,0.0,0.0,0.0,0.0,0.0,0.0,0.0,0.0,0.0,0.0,0.0,0.0,0.0,0.0,0.0,0.0,0.0,0.0,0.0,0.0,0.0,0.0,0.0,0.0,0.0,0.0,0.0,0.0
1,0.0,0.0,0.0,0.0,0.0,0.0,0.0,0.0,0.0,0.0,0.0,0.0,0.0,0.0,0.0,0.0,0.0,0.0,0.0,0.0,0.0,0.0,0.0,0.0,0.0,0.0,0.0,0.0,0.0,0.0,0.0,0.0,0.0,0.0,0.0,0.0,0.0,0.0,0.0,0.0,0.0,0.0,0.0,0.0,0.0,0.0,0.0,0.0,0.0,0.0,0.0,0.0,0.0,0.0,0.0,0.0,0.0,0.0,0.0,0.0,0.0,0.0,0.0,0.0,0.0,0.0,-0.2925376368623929,-0.238184198470419,-0.04435691433754188,-0.5190587437127426,-0.5750969440939536,-0.09390529433338839,-0.5992875458146747,-0.9196268819248238,-0.16882294793657165,-0.4853157687507919,-1.1364629330924993,-0.22990820919277727,-0.36777483401205474,-1.0053260133280997,0.047290532002845796,-0.40337155044039247,-1.4812649461826073,-0.09002093960582698,-0.5013671414859429,-1.5740770765157297,-0.16540084663431823,-0.553662171932888,-1.5894410932007774,-0.19935984996213796,-0.2156428242459964,-0.9764723100790982,-0.004690152996771367,-0.3659111794896978,-1.2831017372742064,-0.1854248384223018,-0.4391700356848577,-1.0127147477224652,-0.22180674513773893,-0.40263737426440016,-0.8426997374951097,-0.19680496948513557,-0.06624514033356634,-0.9172645244329,-0.08222792410000851,-0.2369659601459847,-1.0870812735408557,-0.25524047088056456,-0.29078958382350134,-0.8089404441179469,-0.21320141188588781,-0.2404080781958698,-0.6835530968161375,-0.13374789654686975,0.08999011206129832,-0.8288879528664082,-0.1679450705761529,-0.08658673118397285,-0.9510192425534613,-0.25127179798655075,-0.14735467933129312,-0.741453579142725,-0.19909204494239502,-0.1117210558330364,-0.6193811577572783,-0.13369703494431606
1,-0.0,0.0,0.0,0.2925376368623929,-0.238184198470419,-0.04435691433754188,0.5190587437127426,-0.5750969440939536,-0.09390529433338839,0.5992875458146747,-0.9196268819248238,-0.16882294793657165,0.4853157687507919,-1.1364629330924993,-0.22990820919277727,0.36777483401205474,-1.0053260133280997,0.047290532002845796,0.40337155044039247,-1.4812649461826073,-0.09002093960582698,0.5013671414859429,-1.5740770765157297,-0.16540084663431823,0.553662171932888,-1.5894410932007774,-0.19935984996213796,0.2156428242459964,-0.9764723100790982,-0.004690152996771367,0.3659111794896978,-1.2831017372742064,-0.1854248384223018,0.4391700356848577,-1.0127147477224652,-0.22180674513773893,0.40263737426440016,-0.8426997374951097,-0.19680496948513557,0.06624514033356634,-0.9172645244329,-0.08222792410000851,0.2369659601459847,-1.0870812735408557,-0.25524047088056456,0.29078958382350134,-0.8089404441179469,-0.21320141188588781,0.2404080781958698,-0.6835530968161375,-0.13374789654686975,-0.08999011206129832,-0.8288879528664082,-0.1679450705761529,0.08658673118397285,-0.9510192425534613,-0.25127179798655075,0.14735467933129312,-0.741453579142725,-0.19909204494239502,0.1117210558330364,-0.6193811577572783,-0.13369703494431606,0.0,0.0,0.0,0.0,0.0,0.0,0.0,0.0,0.0,0.0,0.0,0.0,0.0,0.0,0.0,0.0,0.0,0.0,0.0,0.0,0.0,0.0,0.0,0.0,0.0,0.0,0.0,0.0,0.0,0.0,0.0,0.0,0.0,0.0,0.0,0.0,0.0,0.0,0.0,0.0,0.0,0.0,0.0,0.0,0.0,0.0,0.0,0.0,0.0,0.0,0.0,0.0,0.0,0.0,0.0,0.0,0.0,0.0,0.0,0.0,0.0,0.0,0.0
1,0.0,0.0,0.0,-0.34169547658224214,-0.14638174333953685,0.007305366354144557,-0.6336842687524756,-0.4896414884498522,-0.02595094497892877,-0.7701772174807183,-0.8535351146066535,-0.0801684734625624,-0.7249223865814066,-1.1436586881515134,-0.11497774807070593,-0.6964465235736871,-0.7745335541363774,0.0014076694791192452,-0.6877234506045676,-1.3548328595098398,-0.10197976576657863,-0.6317011340071071,-1.2019438102918336,-0.15070022263019722,-0.5873931519519334,-0.9992420001522441,-0.16282080380502406,-0.5252841556353883,-0.8509268804300503,-0.05268473780910098,-0.5208518214804111,-1.3630140303101361,-0.1379396325147299,-0.4781836254684227,-1.1829911539250033,-0.15086656715666558,-0.43958121567259434,-0.9601821654078874,-0.14236738682040614,-0.3130744983495085,-0.9151954856851177,-0.11620128781038826,-0.3212393496867933,-1.313151031041635,-0.1696089004441325,-0.28778797039739,-1.1223781083845128,-0.12199791707352206,-0.2615043552542157,-0.9117939976103671,-0.08100576091179505,-0.08488296694383367,-0.9558031094998006,-0.1825312152380833,-0.11939927119210525,-1.2648422206328764,-0.19171317310769165,-0.11329611201527374,-1.0871555873741552,-0.13331478469437427,-0.09680129477376426,-0.9129245204107521,-0.08607848899474488,0.0,0.0,0.0,0.0,0.0,0.0,0.0,0.0,0.0,0.0,0.0,0.0,0.0,0.0,0.0,0.0,0.0,0.0,0.0,0.0,0.0,0.0,0.0,0.0,0.0,0.0,0.0,0.0,0.0,0.0,0.0,0.0,0.0,0.0,0.0,0.0,0.0,0.0,0.0,0.0,0.0,0.0,0.0,0.0,0.0,0.0,0.0,0.0,0.0,0.0,0.0,0.0,0.0,0.0,0.0,0.0,0.0,0.0,0.0,0.0,0.0,0.0,0.0
1,0.0,0.0,0.0,0.0,0.0,0.0,0.0,0.0,0.0,0.0,0.0,0.0,0.0,0.0,0.0,0.0,0.0,0.0,0.0,0.0,0.0,0.0,0.0,0.0,0.0,0.0,0.0,0.0,0.0,0.0,0.0,0.0,0.0,0.0,0.0,0.0,0.0,0.0,0.0,0.0,0.0,0.0,0.0,0.0,0.0,0.0,0.0,0.0,0.0,0.0,0.0,0.0,0.0,0.0,0.0,0.0,0.0,0.0,0.0,0.0,0.0,0.0,0.0,-0.0,0.0,0.0,0.34169547658224214,-0.14638174333953685,0.007305366354144557,0.6336842687524756,-0.4896414884498522,-0.02595094497892877,0.7701772174807183,-0.8535351146066535,-0.0801684734625624,0.7249223865814066,-1.1436586881515134,-0.11497774807070593,0.6964465235736871,-0.7745335541363774,0.0014076694791192452,0.6877234506045676,-1.3548328595098398,-0.10197976576657863,0.6317011340071071,-1.2019438102918336,-0.15070022263019722,0.5873931519519334,-0.9992420001522441,-0.16282080380502406,0.5252841556353883,-0.8509268804300503,-0.05268473780910098,0.5208518214804111,-1.3630140303101361,-0.1379396325147299,0.4781836254684227,-1.1829911539250033,-0.15086656715666558,0.43958121567259434,-0.9601821654078874,-0.14236738682040614,0.3130744983495085,-0.9151954856851177,-0.11620128781038826,0.3212393496867933,-1.313151031041635,-0.1696089004441325,0.28778797039739,-1.1223781083845128,-0.12199791707352206,0.2615043552542157,-0.9117939976103671,-0.08100576091179505,0.08488296694383367,-0.9558031094998006,-0.1825312152380833,0.11939927119210525,-1.2648422206328764,-0.19171317310769165,0.11329611201527374,-1.0871555873741552,-0.13331478469437427,0.09680129477376426,-0.9129245204107521,-0.08607848899474488
1,0.0,0.0,0.0,-0.37590152776555585,-0.12321684145162409,0.03282249041615554,-0.6598317201031395,-0.40546100225834314,0.03188414017889915,-0.7877041300231996,-0.7335547746922283,0.0025929827989306644,-0.769302383076908,-1.0193579950781069,-0.014700495717358979,-0.6997836872560076,-0.7192885524512433,0.08218876751708162,-0.8024791117547103,-1.151170550583538,0.016642840919668427,-0.7653799699199141,-1.1233335397017352,-0.03194495738739856,-0.7037744508642001,-1.0266469903644229,-0.053973990942316835,-0.5366250344968586,-0.8438208176806526,0.0212083719754958,-0.6314456487572271,-1.255851845856571,-0.02426501495039758,-0.5895326362297565,-1.1836776382842669,-0.048794419140096926,-0.5273682232723781,-1.0336109985997564,-0.05693722077752222,-0.3457291560665014,-0.9441941000814392,-0.04780895958353156,-0.4244745179836415,-1.3027163972024793,-0.07190309310803576,-0.39490633848056,-1.1874336890223054,-0.037111307951472036,-0.35163695638614273,-1.0180299973965634,-0.010602132287913141,-0.1382000986146175,-0.9983502259759727,-0.11951990242686493,-0.2176246125385969,-1.2836653209698006,-0.10632094064357767,-0.21060257090130224,-1.1644250571836674,-0.04583893212944139,-0.17559005227479665,-1.0061312155478033,-7.838222004855534e-05,0.0,0.0,0.0,0.0,0.0,0.0,0.0,0.0,0.0,0.0,0.0,0.0,0.0,0.0,0.0,0.0,0.0,0.0,0.0,0.0,0.0,0.0,0.0,0.0,0.0,0.0,0.0,0.0,0.0,0.0,0.0,0.0,0.0,0.0,0.0,0.0,0.0,0.0,0.0,0.0,0.0,0.0,0.0,0.0,0.0,0.0,0.0,0.0,0.0,0.0,0.0,0.0,0.0,0.0,0.0,0.0,0.0,0.0,0.0,0.0,0.0,0.0,0.0
1,0.0,0.0,0.0,0.0,0.0,0.0,0.0,0.0,0.0,0.0,0.0,0.0,0.0,0.0,0.0,0.0,0.0,0.0,0.0,0.0,0.0,0.0,0.0,0.0,0.0,0.0,0.0,0.0,0.0,0.0,0.0,0.0,0.0,0.0,0.0,0.0,0.0,0.0,0.0,0.0,0.0,0.0,0.0,0.0,0.0,0.0,0.0,0.0,0.0,0.0,0.0,0.0,0.0,0.0,0.0,0.0,0.0,0.0,0.0,0.0,0.0,0.0,0.0,-0.0,0.0,0.0,0.37590152776555585,-0.12321684145162409,0.03282249041615554,0.6598317201031395,-0.40546100225834314,0.03188414017889915,0.7877041300231996,-0.7335547746922283,0.0025929827989306644,0.769302383076908,-1.0193579950781069,-0.014700495717358979,0.6997836872560076,-0.7192885524512433,0.08218876751708162,0.8024791117547103,-1.151170550583538,0.016642840919668427,0.7653799699199141,-1.1233335397017352,-0.03194495738739856,0.7037744508642001,-1.0266469903644229,-0.053973990942316835,0.5366250344968586,-0.8438208176806526,0.0212083719754958,0.6314456487572271,-1.255851845856571,-0.02426501495039758,0.5895326362297565,-1.1836776382842669,-0.048794419140096926,0.5273682232723781,-1.0336109985997564,-0.05693722077752222,0.3457291560665014,-0.9441941000814392,-0.04780895958353156,0.4244745179836415,-1.3027163972024793,-0.07190309310803576,0.39490633848056,-1.1874336890223054,-0.037111307951472036,0.35163695638614273,-1.0180299973965634,-0.010602132287913141,0.1382000986146175,-0.9983502259759727,-0.11951990242686493,0.2176246125385969,-1.2836653209698006,-0.10632094064357767,0.21060257090130224,-1.1644250571836674,-0.04583893212944139,0.17559005227479665,-1.0061312155478033,-7.838222004855534e-05
