rotulo,esq_x0,esq_y0,esq_z0,esq_x1,esq_y1,esq_z1,esq_x2,esq_y2,esq_z2,esq_x3,esq_y3,esq_z3,esq_x4,esq_y4,esq_z4,esq_x5,esq_y5,esq_z5,esq_x6,esq_y6,esq_z6,esq_x7,esq_y7,esq_z7,esq_x8,esq_y8,esq_z8,esq_x9,esq_y9,esq_z9,esq_x10,esq_y10,esq_z10,esq_x11,esq_y11,esq_z11,esq_x12,esq_y12,esq_z12,esq_x13,esq_y13,esq_z13,esq_x14,esq_y14,esq_z14,esq_x15,esq_y15,esq_z15,esq_x16,esq_y16,esq_z16,esq_x17,esq_y17,esq_z17,esq_x18,esq_y18,esq_z18,esq_x19,esq_y19,esq_z19,esq_x20,esq_y20,esq_z20,dir_x0,dir_y0,dir_z0,dir_x1,dir_y1,dir_z1,dir_x2,dir_y2,dir_z2,dir_x3,dir_y3,dir_z3,dir_x4,dir_y4,dir_z4,dir_x5,dir_y5,dir_z5,dir_x6,dir_y6,dir_z6,dir_x7,dir_y7,dir_z7,dir_x8,dir_y8,dir_z8,dir_x9,dir_y9,dir_z9,dir_x10,dir_y10,dir_z10,dir_x11,dir_y11,dir_z11,dir_x12,dir_y12,dir_z12,dir_x13,dir_y13,dir_z13,dir_x14,dir_y14,dir_z14,dir_x15,dir_y15,dir_z15,dir_x16,dir_y16,dir_z16,dir_x17,dir_y17,dir_z17,dir_x18,dir_y18,dir_z18,dir_x19,dir_y19,dir_z19,dir_x20,dir_y20,dir_z20
um,0.0,0.0,0.0,-0.11022457185381701,-0.40361113142086164,-0.015153004562531082,-0.02628497628352492,-0.8929920804632427,-0.10186487946296266,0.1677335592786042,-1.1785736121235535,-0.18655490656921445,0.36298989067690307,-1.2846170047309462,-0.27169362154271226,-0.11729544119784019,-1.1543156333834472,-0.2671847893544979,0.05111753346157692,-1.5839908186030793,-0.42448257337821177,0.1233750839962138,-1.8896719469177528,-0.5214416349123168,0.17331961355197664,-2.152384026900996,-0.5874911211431008,-0.04031662868249475,-0.9991869542041057,-0.3440358927756354,0.53721149188897,-1.2839042934970337,-0.5171568935642474,0.560405653124417,-1.050007224688912,-0.5192431712245019,0.44113870747165723,-0.8818103731120007,-0.49112703550649794,0.09977147375643575,-0.7709180844203517,-0.410321562090511,0.6540712373514324,-0.9959860528669514,-0.5351691626891136,0.5939366769340378,-0.7695922495491847,-0.4427597095146708,0.4384051479284572,-0.6603845510467831,-0.3581303873477974,0.2659456772482161,-0.5112125299831957,-0.4784298044092804,0.7071269794148294,-0.6921487949036498,-0.5242025285511356,0.6454168652280222,-0.5170642011747623,-0.4245960342469943,0.4948198716405709,-0.4184964774947955,-0.3421947970786886,0.0,0.0,0.0,0.0,0.0,0.0,0.0,0.0,0.0,0.0,0.0,0.0,0.0,0.0,0.0,0.0,0.0,0.0,0.0,0.0,0.0,0.0,0.0,0.0,0.0,0.0,0.0,0.0,0.0,0.0,0.0,0.0,0.0,0.0,0.0,0.0,0.0,0.0,0.0,0.0,0.0,0.0,0.0,0.0,0.0,0.0,0.0,0.0,0.0,0.0,0.0,0.0,0.0,0.0,0.0,0.0,0.0,0.0,0.0,0.0,0.0,0.0,0.0
um,0.0,0.0,0.0,-0.06109622960696863,-0.4146455787301385,-0.029631907929937105,0.008176747597366823,-0.8958553452312288,-0.1356304048866434,0.21103382367114062,-1.17696085284451,-0.2447584044210941,0.3876067645139324,-1.2872689946339007,-0.3560677445218406,-0.06958752301703693,-1.1629461696081926,-0.30316991550531136,0.14304227059684232,-1.7163562536237482,-0.47822711074469854,0.2504593047511779,-2.075514882779022,-0.5719326035657334,0.330799848481361,-2.3648265860602486,-0.6323852701302622,0.0083371240993913,-0.9999652455769408,-0.3751387264355088,0.5773116682421147,-1.248603677963999,-0.5663494875669258,0.6101673425173472,-1.0080406571667277,-0.5614974487908931,0.5036655082035474,-0.8784671256741986,-0.5364212257784667,0.144779995467563,-0.7672547548940956,-0.43831952577389954,0.6924543459714709,-0.9543732807763979,-0.5843050516307802,0.6423657762761824,-0.7402635772626492,-0.49949875852097986,0.49367929215174594,-0.6637418997440391,-0.4258750815068863,0.3098527429829163,-0.5147568930217749,-0.5041786199137634,0.7378108705606709,-0.6770573356573981,-0.57237342241637,0.6793856098258525,-0.4951540053332779,-0.48895418395447937,0.5345250652240594,-0.4111816772516692,-0.4184398045689693,0.0,0.0,0.0,0.0,0.0,0.0,0.0,0.0,0.0,0.0,0.0,0.0,0.0,0.0,0.0,0.0,0.0,0.0,0.0,0.0,0.0,0.0,0.0,0.0,0.0,0.0,0.0,0.0,0.0,0.0,0.0,0.0,0.0,0.0,0.0,0.0,0.0,0.0,0.0,0.0,0.0,0.0,0.0,0.0,0.0,0.0,0.0,0.0,0.0,0.0,0.0,0.0,0.0,0.0,0.0,0.0,0.0,0.0,0.0,0.0,0.0,0.0,0.0
um,0.0,0.0,0.0,-0.0454452081986719,-0.4278767934240401,-0.007877597664727074,0.03511251599747072,-0.8943112261792182,-0.0940052432489034,0.22486234710922895,-1.1657158760654902,-0.19099935283085495,0.3963281611814004,-1.3078323348713858,-0.2893344376080319,-0.06957941446297829,-1.1612892052148545,-0.23435127471652678,0.13117162157024076,-1.7058527316368763,-0.3746592144819843,0.23338739055492735,-2.0451096151146366,-0.4525447957294464,0.2991245639737857,-2.3220799379967976,-0.5050844663027584,0.01961019739091302,-0.9998077015898055,-0.309179444568974,0.5097987227286798,-1.2309984929681697,-0.4764926271276199,0.5173999252431161,-1.002224148130011,-0.4852660365048388,0.390090895995481,-0.8842528745676049,-0.4740341391305425,0.16514968768211966,-0.7878810019781061,-0.37355077272695736,0.6239024500388487,-0.9971671232062764,-0.49894935917923794,0.5899733876633236,-0.7851244748632041,-0.4174695011492063,0.46389574465406797,-0.6956166065029925,-0.34896917306093905,0.3307556724502888,-0.5675390487125395,-0.43931358607890797,0.6884627304452732,-0.7767295724878227,-0.48778119344019977,0.6590659781225239,-0.5945050282661493,-0.3980231181611047,0.5608833773077514,-0.4943020275017036,-0.32443594115382196,0.0,0.0,0.0,0.0,0.0,0.0,0.0,0.0,0.0,0.0,0.0,0.0,0.0,0.0,0.0,0.0,0.0,0.0,0.0,0.0,0.0,0.0,0.0,0.0,0.0,0.0,0.0,0.0,0.0,0.0,0.0,0.0,0.0,0.0,0.0,0.0,0.0,0.0,0.0,0.0,0.0,0.0,0.0,0.0,0.0,0.0,0.0,0.0,0.0,0.0,0.0,0.0,0.0,0.0,0.0,0.0,0.0,0.0,0.0,0.0,0.0,0.0,0.0
um,0.0,0.0,0.0,-0.036700493022931026,-0.42637021212507087,0.004748491687876959,0.031669549601492715,-0.8733870292861118,-0.06864473688987954,0.18708851999054663,-1.1531778090695748,-0.15618774401853436,0.33958880554941007,-1.3136067896896866,-0.2452079584204439,-0.05106340287505097,-1.14196484596042,-0.19669315589892405,0.13381666553035665,-1.6562400038138936,-0.32314820711845077,0.2278294925638784,-1.9753405738807477,-0.3918960439883124,0.28759150825827823,-2.2323200324587176,-0.4381004857992027,0.029975954817854176,-0.9995506200952295,-0.27178809496010525,0.4922576780522305,-1.2081887381615513,-0.4252732372854401,0.4993843079558654,-0.992227243122483,-0.43197712265536475,0.3819768962396428,-0.879947341628561,-0.41956863140095424,0.16427171628281134,-0.8028401840667672,-0.33690202966177724,0.5898265308016336,-0.9818967136697238,-0.45031269724321543,0.5533662710587832,-0.7829623753679843,-0.3720788231694254,0.4372060040004062,-0.6996906424437911,-0.3070167541849908,0.3143675508013663,-0.5960985133670567,-0.40292883213740677,0.6423705830891314,-0.7772438763244067,-0.4420531207113997,0.610694803371454,-0.6059164288601419,-0.35527623096997274,0.5203479013033111,-0.5117238006735308,-0.28501921075553854,0.0,0.0,0.0,0.0,0.0,0.0,0.0,0.0,0.0,0.0,0.0,0.0,0.0,0.0,0.0,0.0,0.0,0.0,0.0,0.0,0.0,0.0,0.0,0.0,0.0,0.0,0.0,0.0,0.0,0.0,0.0,0.0,0.0,0.0,0.0,0.0,0.0,0.0,0.0,0.0,0.0,0.0,0.0,0.0,0.0,0.0,0.0,0.0,0.0,0.0,0.0,0.0,0.0,0.0,0.0,0.0,0.0,0.0,0.0,0.0,0.0,0.0,0.0
um,0.0,0.0,0.0,-0.03164020157762504,-0.4342574015933287,0.009854879724613826,0.04200727920334834,-0.8761916835920056,-0.061844461098004226,0.2025068516558691,-1.1477981619423172,-0.14909098618592015,0.3643663174583131,-1.3023339870344255,-0.2378234159155322,-0.0364871294938549,-1.140402503862524,-0.1927425295320873,0.14838879413777967,-1.6509349809221212,-0.3142503820052444,0.24226814264264301,-1.963274556799864,-0.3786973992968868,0.30305251425272733,-2.2170010419619604,-0.4227751167368462,0.045875064344341236,-0.9989471850260165,-0.269887743554796,0.49707525515832884,-1.2091677205307088,-0.42026936468086235,0.5043364156041609,-0.9955563774032804,-0.42579721743666443,0.39446370890382776,-0.8818139292327332,-0.41355022969989363,0.17764251860662908,-0.8042638161965133,-0.3362774263307864,0.590199216042636,-0.9863193244439832,-0.4450280559521547,0.5510725093470059,-0.7914161131182416,-0.3644972308062037,0.43740085584015276,-0.7069117387827738,-0.2988747958966734,0.3231739716461929,-0.6027489457263957,-0.4033379160561579,0.6422023594019749,-0.7924612820046959,-0.4359400202577576,0.606009779726495,-0.6342854618552943,-0.34645321163984405,0.5123456274359693,-0.5408362612379539,-0.2756163645969292,0.0,0.0,0.0,0.0,0.0,0.0,0.0,0.0,0.0,0.0,0.0,0.0,0.0,0.0,0.0,0.0,0.0,0.0,0.0,0.0,0.0,0.0,0.0,0.0,0.0,0.0,0.0,0.0,0.0,0.0,0.0,0.0,0.0,0.0,0.0,0.0,0.0,0.0,0.0,0.0,0.0,0.0,0.0,0.0,0.0,0.0,0.0,0.0,0.0,0.0,0.0,0.0,0.0,0.0,0.0,0.0,0.0,0.0,0.0,0.0,0.0,0.0,0.0
um,0.0,0.0,0.0,-0.06850641477055572,-0.4593842064213455,0.03590834646346499,0.010436082234792334,-0.8817395017297271,-0.007233671308392672,0.17570342477549997,-1.1239593158236827,-0.06284129688645719,0.3464333179351705,-1.2439314876811647,-0.11972278623164528,-0.02869990023202409,-1.1061060776912373,-0.15072937163648592,0.11966147933293463,-1.644761612693221,-0.22538584381750273,0.19886809562443625,-1.9619902010044106,-0.253118307583052,0.24613404965863628,-2.218626148237359,-0.2741864320172068,0.14158779228521393,-0.9899257028059222,-0.21580687769074022,0.4387906234540472,-1.2386848898149638,-0.2949657870531768,0.413020547600446,-1.0499473314692267,-0.26626695923124727,0.3157997703817334,-0.9094741103154655,-0.24044075036926635,0.32983780236166155,-0.8096804067978101,-0.26691803471981773,0.5616500909696293,-0.9981115622593782,-0.30485408221165194,0.5133705561945986,-0.8461975025330581,-0.21027990586538078,0.41910141923966177,-0.7352970621477414,-0.14985638385905614,0.4977740365846338,-0.6153847001332492,-0.31744037732638786,0.6350481665053644,-0.7737614094924595,-0.2931265731006646,0.5859212439138762,-0.6392074018162266,-0.19074874425864966,0.5181788753752841,-0.5401137676083202,-0.11991488551987498,0.0,0.0,0.0,0.0,0.0,0.0,0.0,0.0,0.0,0.0,0.0,0.0,0.0,0.0,0.0,0.0,0.0,0.0,0.0,0.0,0.0,0.0,0.0,0.0,0.0,0.0,0.0,0.0,0.0,0.0,0.0,0.0,0.0,0.0,0.0,0.0,0.0,0.0,0.0,0.0,0.0,0.0,0.0,0.0,0.0,0.0,0.0,0.0,0.0,0.0,0.0,0.0,0.0,0.0,0.0,0.0,0.0,0.0,0.0,0.0,0.0,0.0,0.0
um,0.0,0.0,0.0,-0.07852538562347303,-0.46798327099623854,0.030265687033067125,0.014135763423213498,-0.9014888605006255,-0.009970758707024664,0.1992620078604744,-1.1516226155405545,-0.05756272710639142,0.3780318635536734,-1.2740763041968137,-0.10669947313363555,-0.032122335124499336,-1.1165201665706412,-0.15447916025997846,0.10845845492138677,-1.6539437753841235,-0.2221519441562964,0.18999073364906596,-1.9658449963941305,-0.2432244262013211,0.24439820287355554,-2.2133229368694325,-0.2598141923782058,0.14298539550853975,-0.9897247984522093,-0.21164972999013937,0.42669088234494,-1.2277437642232838,-0.2794672201564449,0.39881846472702703,-1.0330821382057918,-0.24368160834081692,0.3015139396145266,-0.89081253508708,-0.2142130302002804,0.3321744711627512,-0.7939401633343556,-0.2553069083827335,0.5536676860837213,-0.982712317867737,-0.2835810609477692,0.5041571359991155,-0.829239403004201,-0.1856985092194569,0.411079802875419,-0.7184093867514225,-0.12479758413301026,0.49628427959546434,-0.5884597167647904,-0.29799143461424,0.6240425954646877,-0.758711434189954,-0.2689801307436768,0.5671343365590383,-0.6218600858731185,-0.16444368560438746,0.49788071650952037,-0.5245720214059307,-0.09299491873280373,0.0,0.0,0.0,0.0,0.0,0.0,0.0,0.0,0.0,0.0,0.0,0.0,0.0,0.0,0.0,0.0,0.0,0.0,0.0,0.0,0.0,0.0,0.0,0.0,0.0,0.0,0.0,0.0,0.0,0.0,0.0,0.0,0.0,0.0,0.0,0.0,0.0,0.0,0.0,0.0,0.0,0.0,0.0,0.0,0.0,0.0,0.0,0.0,0.0,0.0,0.0,0.0,0.0,0.0,0.0,0.0,0.0,0.0,0.0,0.0,0.0,0.0,0.0
um,0.0,0.0,0.0,-0.07905477388174954,-0.4646545827525084,0.02987942891402253,0.014857982141990685,-0.8976380844725311,-0.010428733010510475,0.20287761144922317,-1.1511048310577614,-0.058149472578317984,0.3817104916002262,-1.278165157995819,-0.1075152913237982,-0.03782730137484232,-1.1132951433473202,-0.1532588875065756,0.10702282660816535,-1.6512384712325479,-0.22115366197145625,0.18980448063319447,-1.9617559991295388,-0.24308528867893683,0.2446020583898875,-2.208501175671988,-0.26052965090460695,0.13895860187512082,-0.9902981909328683,-0.21027185754050326,0.42709381036884425,-1.2208395301291355,-0.2770054909328139,0.3995057969153015,-1.0279623212777742,-0.24225496953053624,0.30101067485369715,-0.8904106108466785,-0.21446383321973092,0.33021779994387357,-0.7979657825067972,-0.2540214019084594,0.5556964337960092,-0.9813572991755686,-0.281770415263167,0.5063053947906078,-0.8290313938255006,-0.18438131512468345,0.41307455667683446,-0.720022871190357,-0.12457642638681435,0.49568031869208196,-0.5964950625015991,-0.29695743044153633,0.6259049893666142,-0.7605917883560513,-0.26825709573350714,0.5692300885458542,-0.622306175241583,-0.16432480977321967,0.5001662988441965,-0.5244312009474285,-0.09370047539802537,0.0,0.0,0.0,0.0,0.0,0.0,0.0,0.0,0.0,0.0,0.0,0.0,0.0,0.0,0.0,0.0,0.0,0.0,0.0,0.0,0.0,0.0,0.0,0.0,0.0,0.0,0.0,0.0,0.0,0.0,0.0,0.0,0.0,0.0,0.0,0.0,0.0,0.0,0.0,0.0,0.0,0.0,0.0,0.0,0.0,0.0,0.0,0.0,0.0,0.0,0.0,0.0,0.0,0.0,0.0,0.0,0.0,0.0,0.0,0.0,0.0,0.0,0.0
um,0.0,0.0,0.0,-0.11598851249850328,-0.4621387421557169,0.028827876715095818,-0.03339223858779823,-0.8445950122129684,-0.0021433825470014265,0.1616488574624591,-1.0215481947770226,-0.04114835673974349,0.3436042604140031,-1.022151435535595,-0.08524253686605449,0.00507087626086125,-1.0687271145672455,-0.11536240670634196,0.0977971497386947,-1.6044379560913677,-0.1626935767140604,0.1599601557092953,-1.9149943045774136,-0.18269000711410302,0.20704772827816803,-2.16364656119159,-0.201990874969919,0.22224988413091545,-0.9749897378966584,-0.1587935740089002,0.34691219348574975,-1.2677646806430443,-0.19803945308840964,0.2834995342539015,-1.105544350309183,-0.16342161988651555,0.20904479963206804,-0.9404825977448399,-0.13475149445029308,0.40929408368992953,-0.8059012601761356,-0.18959502794123004,0.47138005544328965,-1.0294673588557028,-0.1935852723918132,0.41304478896197855,-0.9093058492809726,-0.11523102961983961,0.35081719992405397,-0.774601629335522,-0.06742133399301645,0.5539170991174759,-0.6242885547620135,-0.22043952270603995,0.5551075221422048,-0.8130270416367708,-0.18617753638680673,0.4987088167535172,-0.7189072866612708,-0.09800002725315404,0.45658448199996576,-0.6100202351530051,-0.036026272215703384,0.0,0.0,0.0,0.0,0.0,0.0,0.0,0.0,0.0,0.0,0.0,0.0,0.0,0.0,0.0,0.0,0.0,0.0,0.0,0.0,0.0,0.0,0.0,0.0,0.0,0.0,0.0,0.0,0.0,0.0,0.0,0.0,0.0,0.0,0.0,0.0,0.0,0.0,0.0,0.0,0.0,0.0,0.0,0.0,0.0,0.0,0.0,0.0,0.0,0.0,0.0,0.0,0.0,0.0,0.0,0.0,0.0,0.0,0.0,0.0,0.0,0.0,0.0
um,0.0,0.0,0.0,-0.1539162610534104,-0.4490819938198237,0.012176895990368676,-0.11181452738972775,-0.8350430011379792,-0.019119589108993803,0.07208986497834703,-1.0013474314980348,-0.05689573878711738,0.2548587012154688,-0.9819860026015876,-0.09702505018716226,-0.019835870408635208,-1.0696732625705592,-0.10983091794010033,0.058832368741754376,-1.6180164805714934,-0.15473130791288617,0.11172269626471798,-1.9190641532277186,-0.1676458704826115,0.1531428183246081,-2.1514662650054275,-0.179772601903254,0.21325086382942374,-0.9769974764941844,-0.14051423142597474,0.2682907113302326,-1.2490246608125193,-0.18370368044694127,0.19425826486129436,-1.1084781083035635,-0.15310145019668195,0.1376890180313506,-0.9516127132518886,-0.12487081954594188,0.3945776155775838,-0.8177101947483681,-0.1618534311990313,0.37853774047515304,-1.0157138493652624,-0.18061360072606963,0.31493571173730506,-0.9045648370769611,-0.11942159619703131,0.2703428416786538,-0.7693859469973277,-0.07724349823637686,0.5289659242064713,-0.6558301022976732,-0.1835491569192806,0.49021527389150554,-0.8281624990905894,-0.16382853862560878,0.4318366180725611,-0.7424621728453473,-0.09294374727157219,0.3999708702876466,-0.633018231786105,-0.0386527598690411,0.0,0.0,0.0,0.0,0.0,0.0,0.0,0.0,0.0,0.0,0.0,0.0,0.0,0.0,0.0,0.0,0.0,0.0,0.0,0.0,0.0,0.0,0.0,0.0,0.0,0.0,0.0,0.0,0.0,0.0,0.0,0.0,0.0,0.0,0.0,0.0,0.0,0.0,0.0,0.0,0.0,0.0,0.0,0.0,0.0,0.0,0.0,0.0,0.0,0.0,0.0,0.0,0.0,0.0,0.0,0.0,0.0,0.0,0.0,0.0,0.0,0.0,0.0
um,0.0,0.0,0.0,-0.14809192210487543,-0.4697709449581488,0.013788309371395647,-0.09931962959270754,-0.8528244484456514,-0.020818052313534497,0.09232922833587129,-1.0147863291003025,-0.06250180850263465,0.27965943946145705,-0.9873100665202235,-0.10847841026523054,-0.019675099965926632,-1.0673256566892473,-0.1225006533063145,0.06103862935110639,-1.6246581169393746,-0.1720506244018146,0.11964485608057038,-1.9368084710374207,-0.1881514510934202,0.1643775677694385,-2.180100302318555,-0.2027801276848428,0.21610743804770124,-0.9763695894590629,-0.1570068016006901,0.29936085745945334,-1.2652502983191862,-0.2041148045961126,0.23499287850184505,-1.1176414662173906,-0.17399595078691615,0.1760925299815489,-0.9562061833035201,-0.1460690067263565,0.40548962582685993,-0.8165354387124554,-0.18079443490786629,0.40537664796847095,-1.0159988553706094,-0.19234904384012003,0.3445197552982778,-0.9040651826864399,-0.12439844867347498,0.29354967000890797,-0.7682947230282163,-0.08123068185777414,0.5468687900582643,-0.6534029983791759,-0.20617457589206645,0.5068381148828089,-0.8064013366699327,-0.17566856841966558,0.44422538269467315,-0.7138996185292807,-0.09726004531196097,0.40474299985400175,-0.6034919175063737,-0.040475734736136894,0.0,0.0,0.0,0.0,0.0,0.0,0.0,0.0,0.0,0.0,0.0,0.0,0.0,0.0,0.0,0.0,0.0,0.0,0.0,0.0,0.0,0.0,0.0,0.0,0.0,0.0,0.0,0.0,0.0,0.0,0.0,0.0,0.0,0.0,0.0,0.0,0.0,0.0,0.0,0.0,0.0,0.0,0.0,0.0,0.0,0.0,0.0,0.0,0.0,0.0,0.0,0.0,0.0,0.0,0.0,0.0,0.0,0.0,0.0,0.0,0.0,0.0,0.0
um,0.0,0.0,0.0,-0.1535531476025983,-0.4542054163895509,0.013984964571180805,-0.11618219227413339,-0.8204138761004187,-0.021531382826002095,0.06690529668201138,-0.9616728818866137,-0.06384503745179183,0.24647661144131308,-0.9314474808931816,-0.10932482928928862,-0.01242724952613561,-1.0586558381991,-0.11978734989981599,0.06096649192650439,-1.6070940206486906,-0.1643848495170861,0.11248690216181936,-1.9060347373544764,-0.17586724795545924,0.15375942357845437,-2.136755587041765,-0.1859278406465156,0.22066003749143384,-0.9753507819519494,-0.14894037483445852,0.27412297739041513,-1.244809018971217,-0.18537326909025725,0.20382876076000309,-1.106545814673193,-0.1507524747469326,0.14842621792800048,-0.9475524601477615,-0.1213375366868735,0.4016062132385073,-0.8221977769631287,-0.16784086476552224,0.3824214938608593,-1.0146017519775044,-0.18029745476637346,0.3178155538427465,-0.9073717263309187,-0.12100224310736139,0.2710284865448965,-0.7674264713966289,-0.0818518282299402,0.5379858907626673,-0.6653791003761208,-0.18676522218499553,0.493504501866909,-0.8236747223157963,-0.163631187108705,0.43241895053776797,-0.7411221870520752,-0.09493920916987092,0.39568883215132133,-0.6289125048169455,-0.04295159394646264,0.0,0.0,0.0,0.0,0.0,0.0,0.0,0.0,0.0,0.0,0.0,0.0,0.0,0.0,0.0,0.0,0.0,0.0,0.0,0.0,0.0,0.0,0.0,0.0,0.0,0.0,0.0,0.0,0.0,0.0,0.0,0.0,0.0,0.0,0.0,0.0,0.0,0.0,0.0,0.0,0.0,0.0,0.0,0.0,0.0,0.0,0.0,0.0,0.0,0.0,0.0,0.0,0.0,0.0,0.0,0.0,0.0,0.0,0.0,0.0,0.0,0.0,0.0
um,0.0,0.0,0.0,-0.16764522573953122,-0.46826555811786497,0.011760916075233491,-0.1334401422735877,-0.842495507978525,-0.026262703269205004,0.05152199263689008,-1.0035893512521756,-0.06911621074860758,0.23353616824843396,-0.9816665873280961,-0.11778328739367912,-0.021941336405344323,-1.0619045304129713,-0.13755083697501747,0.05475408677906926,-1.6207977670764853,-0.1897274191260946,0.11319927330871823,-1.9319114307688812,-0.2093395221647693,0.15918992274295726,-2.175565621489196,-0.22637796471727212,0.22517577786715456,-0.9743181559746908,-0.16593985446749213,0.26962611736169534,-1.2773465190894757,-0.20435039893462711,0.1963817988777519,-1.1344322405613614,-0.16615266917367286,0.14550574266718688,-0.9662666235448338,-0.1357958731710912,0.4126250574602503,-0.8190946639870369,-0.18374885901662502,0.3802444187772503,-1.0312141081255923,-0.19112861635709866,0.3114078083794398,-0.9290128793393325,-0.12343808031149019,0.26622650908655027,-0.7815763222237766,-0.0820205350495825,0.5503894522548073,-0.6634358040944105,-0.20262406268096206,0.48968710624885137,-0.829968248764916,-0.17690416099232847,0.4233375199331312,-0.744264930966038,-0.1048173965233168,0.38751482158923806,-0.625000657119626,-0.05256664504770831,0.0,0.0,0.0,0.0,0.0,0.0,0.0,0.0,0.0,0.0,0.0,0.0,0.0,0.0,0.0,0.0,0.0,0.0,0.0,0.0,0.0,0.0,0.0,0.0,0.0,0.0,0.0,0.0,0.0,0.0,0.0,0.0,0.0,0.0,0.0,0.0,0.0,0.0,0.0,0.0,0.0,0.0,0.0,0.0,0.0,0.0,0.0,0.0,0.0,0.0,0.0,0.0,0.0,0.0,0.0,0.0,0.0,0.0,0.0,0.0,0.0,0.0,0.0
um,0.0,0.0,0.0,-0.17415231600414063,-0.46676630842844613,0.006933748571934532,-0.1363269634970135,-0.8485727358956506,-0.031934304588683474,0.05280004334188801,-1.0152486390535596,-0.07379466717494024,0.23277251820111466,-0.9988478279041277,-0.12084384981000917,-0.027858145713447458,-1.063514413780408,-0.14603860131865262,0.054724420167354994,-1.631631275733993,-0.20258066832218607,0.11577348543387236,-1.950504571148086,-0.2249515947251021,0.16132615024130678,-2.1995486640709734,-0.24369800733726896,0.22127914890537936,-0.9752105097155747,-0.17271625838233393,0.2685627023516907,-1.282636609151187,-0.21630754968847218,0.19468441753151583,-1.1381839968788219,-0.1783960497422083,0.1418119382712895,-0.967021464242723,-0.14708829610743943,0.4110991219579964,-0.8195595243410444,-0.18934966150985344,0.38179738824636633,-1.0390489075204656,-0.20393755919888365,0.3108259458354613,-0.9330464533577582,-0.13629372576589294,0.26309849335501595,-0.7813517150711562,-0.09282011992362328,0.5521698441205558,-0.6640248273210807,-0.20697253867111626,0.490685063979312,-0.8358000725480481,-0.18811988467619264,0.42106498508371365,-0.7479884395639963,-0.11764617199716652,0.38376012068457904,-0.6273629691177859,-0.0650394794212815,0.0,0.0,0.0,0.0,0.0,0.0,0.0,0.0,0.0,0.0,0.0,0.0,0.0,0.0,0.0,0.0,0.0,0.0,0.0,0.0,0.0,0.0,0.0,0.0,0.0,0.0,0.0,0.0,0.0,0.0,0.0,0.0,0.0,0.0,0.0,0.0,0.0,0.0,0.0,0.0,0.0,0.0,0.0,0.0,0.0,0.0,0.0,0.0,0.0,0.0,0.0,0.0,0.0,0.0,0.0,0.0,0.0,0.0,0.0,0.0,0.0,0.0,0.0
um,0.0,0.0,0.0,-0.15373987139576917,-0.46378702980150704,0.014476836511638698,-0.10509159114008959,-0.8419613391010904,-0.013766007965594143,0.08768437493495318,-0.9983783447270506,-0.045808895587265586,0.27657475163215156,-0.9767532825526,-0.08221370380856043,-0.003254707335893683,-1.061485868939288,-0.11857905208739204,0.07906645468628698,-1.6040513420601046,-0.16363803540437633,0.13811594047858916,-1.913062017322819,-0.17699493523347468,0.18272430973784506,-2.1536587229183626,-0.18761004734901862,0.22957916765952552,-0.9732899905869574,-0.14315295859452917,0.28929626737826253,-1.2842323097879471,-0.1788168605557585,0.21424944959631384,-1.1392122061387318,-0.14008106095807882,0.15111819277039998,-0.9615486675634916,-0.10377487277810074,0.4103640816003568,-0.8188216829884972,-0.15743130100148708,0.39958685128523314,-1.0412234642717049,-0.16901275684589143,0.3276896733384298,-0.934064869813829,-0.10781211534622788,0.27381318177139324,-0.7859526093434986,-0.06432178027466676,0.5462730082664052,-0.6620316340681662,-0.1709925964751314,0.507273764730981,-0.8465864558025902,-0.14911944500620675,0.4394361755758606,-0.7633343551755952,-0.08061285553453108,0.39808609143345464,-0.6469398384385447,-0.027528270377034737,0.0,0.0,0.0,0.0,0.0,0.0,0.0,0.0,0.0,0.0,0.0,0.0,0.0,0.0,0.0,0.0,0.0,0.0,0.0,0.0,0.0,0.0,0.0,0.0,0.0,0.0,0.0,0.0,0.0,0.0,0.0,0.0,0.0,0.0,0.0,0.0,0.0,0.0,0.0,0.0,0.0,0.0,0.0,0.0,0.0,0.0,0.0,0.0,0.0,0.0,0.0,0.0,0.0,0.0,0.0,0.0,0.0,0.0,0.0,0.0,0.0,0.0,0.0
um,0.0,0.0,0.0,-0.1558005108139143,-0.46686606325608665,0.011800389913437433,-0.10550355456649352,-0.8393617443428804,-0.022611810382492353,0.0853888809544283,-0.9970269014778476,-0.06170199222835328,0.27387355652789097,-0.9785455104097627,-0.10507455208269861,-0.007473396388164611,-1.0628113752402695,-0.12041355543336435,0.07532342193009886,-1.5988620161710894,-0.17257656893865614,0.13443549336168628,-1.9078653612765772,-0.19271674392728563,0.1791487828632061,-2.150842238292153,-0.20892755692605688,0.22575908811457937,-0.9741831625180521,-0.14735206446279983,0.28948457953875834,-1.2713980633208053,-0.18938432019059837,0.21726491999752373,-1.1237444957917577,-0.15404253275712537,0.1547097446744066,-0.9522111286925238,-0.121553495333829,0.40836602486204165,-0.8184864488761957,-0.16479248277008998,0.40248864436920145,-1.0379561928081449,-0.17918577025836852,0.3311291038567223,-0.9283614291077903,-0.11411669371964508,0.2747254338939629,-0.7807109671327974,-0.06963631330695096,0.5463515248413702,-0.6594166257534261,-0.1826583470523209,0.4997925806762856,-0.8266234782769648,-0.16255094461729713,0.431087452769838,-0.7355863111634212,-0.09292070500517119,0.3913038719969387,-0.6186810732183853,-0.03962292503441447,0.0,0.0,0.0,0.0,0.0,0.0,0.0,0.0,0.0,0.0,0.0,0.0,0.0,0.0,0.0,0.0,0.0,0.0,0.0,0.0,0.0,0.0,0.0,0.0,0.0,0.0,0.0,0.0,0.0,0.0,0.0,0.0,0.0,0.0,0.0,0.0,0.0,0.0,0.0,0.0,0.0,0.0,0.0,0.0,0.0,0.0,0.0,0.0,0.0,0.0,0.0,0.0,0.0,0.0,0.0,0.0,0.0,0.0,0.0,0.0,0.0,0.0,0.0
um,0.0,0.0,0.0,-0.15884510753796427,-0.45689466125684186,0.02011603245181195,-0.1135750784539763,-0.8372975541768116,-0.015973506703281553,0.07711288462826894,-1.0150021555374933,-0.055397372187733315,0.2703146800766402,-1.007359096870585,-0.09999441057374768,-0.02044324247511075,-1.0641496339992949,-0.14669800261112328,0.07513157749858083,-1.620599349809528,-0.197752437180832,0.13847063325744868,-1.933804092093153,-0.21425995473955992,0.18494422811018743,-2.182687568123221,-0.22915262806324055,0.21564690209354734,-0.9764714095238303,-0.17460293069898097,0.30557600012697955,-1.2612723178096101,-0.20596469949401788,0.2343096356726544,-1.0984353511750662,-0.15775655847320214,0.16559234422510188,-0.9317620492434633,-0.12258784452477038,0.40599885545629383,-0.8174465502459011,-0.18980727873379719,0.42583101543352525,-1.0275414607142423,-0.19023948133047763,0.3547059806317933,-0.9088798607636006,-0.11138026541537377,0.29124554044403156,-0.7633448250531947,-0.06486466169998921,0.5521679779716678,-0.6540425519142863,-0.20458639888206093,0.5229302378418546,-0.810392548676468,-0.17332871539935055,0.45423546124804853,-0.7132416889405245,-0.09458806190871386,0.4089742423242222,-0.5997242436176058,-0.0388131175221807,0.0,0.0,0.0,0.0,0.0,0.0,0.0,0.0,0.0,0.0,0.0,0.0,0.0,0.0,0.0,0.0,0.0,0.0,0.0,0.0,0.0,0.0,0.0,0.0,0.0,0.0,0.0,0.0,0.0,0.0,0.0,0.0,0.0,0.0,0.0,0.0,0.0,0.0,0.0,0.0,0.0,0.0,0.0,0.0,0.0,0.0,0.0,0.0,0.0,0.0,0.0,0.0,0.0,0.0,0.0,0.0,0.0,0.0,0.0,0.0,0.0,0.0,0.0
um,0.0,0.0,0.0,-0.16255883367190033,-0.4687027523479016,0.01852865184615147,-0.11432359349529797,-0.8554898262018694,-0.014045468569300367,0.07635312776214749,-1.0327725140784614,-0.04919455974955188,0.26573275198796564,-1.025626872719727,-0.08974872323524785,-0.02229157073993974,-1.0703712869265016,-0.13971940490159052,0.07812206483165063,-1.6260929005490898,-0.18533828527644086,0.13713392895628362,-1.9414930834384116,-0.1986161491949464,0.17969103549729135,-2.1903123273217604,-0.21192769392222735,0.2152366064846245,-0.9765619300530729,-0.16730222761298855,0.29326494543594334,-1.2853251104520222,-0.19492638726567915,0.21971643189526568,-1.1323587933941583,-0.14565698264071228,0.1589474853579304,-0.9587530249019662,-0.10947033404107018,0.40435555174683213,-0.8139809923856793,-0.182948182713474,0.4087215230577817,-1.039823071210772,-0.18078708495297785,0.33499543663710785,-0.9224152911711173,-0.10282130710063542,0.2800325552400098,-0.772971042043192,-0.056959182442977346,0.5494348174518746,-0.6474897467781191,-0.19857970538673442,0.5077931126907083,-0.8231848985314627,-0.1664014280536337,0.43710255932710423,-0.7271315539144382,-0.08790746195423374,0.39814050094696524,-0.6100411329162231,-0.032776041450437304,0.0,0.0,0.0,0.0,0.0,0.0,0.0,0.0,0.0,0.0,0.0,0.0,0.0,0.0,0.0,0.0,0.0,0.0,0.0,0.0,0.0,0.0,0.0,0.0,0.0,0.0,0.0,0.0,0.0,0.0,0.0,0.0,0.0,0.0,0.0,0.0,0.0,0.0,0.0,0.0,0.0,0.0,0.0,0.0,0.0,0.0,0.0,0.0,0.0,0.0,0.0,0.0,0.0,0.0,0.0,0.0,0.0,0.0,0.0,0.0,0.0,0.0,0.0
um,0.0,0.0,0.0,-0.1663104445902883,-0.4673847887172557,0.01820172341423425,-0.11515979668173104,-0.8651088525069044,-0.013100580884160423,0.0662507645862032,-1.0721249374653576,-0.04556212629249495,0.2409209435713042,-1.1019356812182746,-0.08342967498719715,-0.026011790924138318,-1.0715731398155348,-0.1470665234626,0.07399420065996402,-1.6281478162291199,-0.19838755753735246,0.13992979433626854,-1.9456244697758147,-0.21557742139557665,0.18894433909051245,-2.1962494709802494,-0.23020030767337601,0.2137897739462757,-0.9768796919559748,-0.17381721369462577,0.2926478720434262,-1.2965057464832286,-0.20630804422527513,0.2208485583865066,-1.1483687077783484,-0.15797860161502972,0.15804329786419583,-0.9725334155123719,-0.1204378671956131,0.40374922186646184,-0.8151888127804515,-0.1883741234910401,0.3981589151357589,-1.035994122161972,-0.18695214156884096,0.3282068808182455,-0.9243942902728467,-0.10929008662646225,0.2749534364603642,-0.7747910108759377,-0.06281304985405889,0.548523774712423,-0.6509606586457439,-0.2029647438983811,0.4943009561048533,-0.8243493994400068,-0.16998293463117084,0.4250401601946177,-0.7279085923560085,-0.09211710137596701,0.3875379288854231,-0.6085085290043905,-0.037071903093935134,0.0,0.0,0.0,0.0,0.0,0.0,0.0,0.0,0.0,0.0,0.0,0.0,0.0,0.0,0.0,0.0,0.0,0.0,0.0,0.0,0.0,0.0,0.0,0.0,0.0,0.0,0.0,0.0,0.0,0.0,0.0,0.0,0.0,0.0,0.0,0.0,0.0,0.0,0.0,0.0,0.0,0.0,0.0,0.0,0.0,0.0,0.0,0.0,0.0,0.0,0.0,0.0,0.0,0.0,0.0,0.0,0.0,0.0,0.0,0.0,0.0,0.0,0.0
um,0.0,0.0,0.0,-0.16338372530485348,-0.46652255144625704,0.015708586322069,-0.11280690776333825,-0.8625550822879057,-0.015014155032320658,0.0709429366134591,-1.0635418528687193,-0.047113817064683594,0.246824247278689,-1.0854496688223894,-0.08417190715173524,-0.023913940511047616,-1.0695155414686477,-0.14419884383091477,0.07731619145459277,-1.6279968769770383,-0.1924874390877579,0.14300077196748087,-1.943366539640591,-0.2065127340357911,0.18993259969958687,-2.190163678800685,-0.21838321206360667,0.21584115310121146,-0.976428490278699,-0.16992516012020525,0.29152045980558766,-1.2927114118417602,-0.2011883869958327,0.22014973480005742,-1.1451843267571309,-0.1543126476940384,0.1572337720433773,-0.9685857030907284,-0.11681113408144529,0.40518566754306395,-0.8161672736481471,-0.18377378811725945,0.39059048319772305,-1.0212009521254808,-0.18525025222044936,0.32338772426216356,-0.9075307931334665,-0.1137047634024031,0.2730724567416108,-0.7598648253590503,-0.06938921724977853,0.5492443988239222,-0.6544224135953254,-0.19726741116394902,0.4937628685372026,-0.8225041367684275,-0.1660809596789993,0.42718978539749547,-0.7274313849460701,-0.0902673192499428,0.38973329725585604,-0.6094132817816339,-0.035575506325676735,0.0,0.0,0.0,0.0,0.0,0.0,0.0,0.0,0.0,0.0,0.0,0.0,0.0,0.0,0.0,0.0,0.0,0.0,0.0,0.0,0.0,0.0,0.0,0.0,0.0,0.0,0.0,0.0,0.0,0.0,0.0,0.0,0.0,0.0,0.0,0.0,0.0,0.0,0.0,0.0,0.0,0.0,0.0,0.0,0.0,0.0,0.0,0.0,0.0,0.0,0.0,0.0,0.0,0.0,0.0,0.0,0.0,0.0,0.0,0.0,0.0,0.0,0.0
um,0.0,0.0,0.0,-0.1528585274101647,-0.4749029611355577,0.032687792000855836,-0.08145356541912599,-0.8641239597253102,0.005108448191254039,0.10099228380865612,-1.0585481729929271,-0.026889776406653385,0.27790807461478917,-1.0842783144828945,-0.06418456902247366,-0.03560995400711213,-1.0790058778092608,-0.1270349273554645,0.06898213479126755,-1.6284404985547636,-0.17163804107677938,0.13946010202761122,-1.9377855723200033,-0.1821603062983841,0.1924491131994994,-2.1809954102568594,-0.19144757955471514,0.19215847249956244,-0.9813639087752489,-0.16201802179655908,0.3118568550071281,-1.315954065770324,-0.19442650812339388,0.24882909681071136,-1.1590822572411486,-0.14961275227758836,0.1767381291319876,-0.9821445359370974,-0.11142765883446214,0.3884916247264092,-0.8174696591205938,-0.18279838522376496,0.4203460425675704,-1.0590353257388154,-0.17636509522037563,0.35518153928467355,-0.9389246991524075,-0.09848128046043446,0.2942451867183669,-0.7896642518613436,-0.050979021137059335,0.5439988141828836,-0.6478456356671817,-0.20235535336050922,0.49691428156283035,-0.8219866024614537,-0.1585029664768097,0.4298414553459261,-0.717888935506587,-0.075825728555872,0.3911277198581816,-0.6002801105534642,-0.0181281709481636,0.0,0.0,0.0,0.0,0.0,0.0,0.0,0.0,0.0,0.0,0.0,0.0,0.0,0.0,0.0,0.0,0.0,0.0,0.0,0.0,0.0,0.0,0.0,0.0,0.0,0.0,0.0,0.0,0.0,0.0,0.0,0.0,0.0,0.0,0.0,0.0,0.0,0.0,0.0,0.0,0.0,0.0,0.0,0.0,0.0,0.0,0.0,0.0,0.0,0.0,0.0,0.0,0.0,0.0,0.0,0.0,0.0,0.0,0.0,0.0,0.0,0.0,0.0
um,0.0,0.0,0.0,-0.14990585855598082,-0.46815253462324735,0.041566053625602555,-0.08269270041918304,-0.8471803799625289,0.02126850464889157,0.0899133957700289,-1.039881180864207,-0.006305856031986946,0.2683335567568443,-1.0632316395263546,-0.04004308143347427,-0.03259020346948274,-1.0732055285283328,-0.10692577299007107,0.06859458727292693,-1.607894453135609,-0.13853510916800232,0.13449727171983666,-1.91596501717911,-0.14251289595167568,0.1831109276682359,-2.155803233736443,-0.1492814491303207,0.19211187069787658,-0.9813730326114338,-0.14404128238055855,0.3073153778889381,-1.2794642024890241,-0.15924737093671884,0.2496382647160202,-1.1268884617627561,-0.11096476649218842,0.1855411517019948,-0.9568300331045299,-0.07584941314141619,0.38502981973244776,-0.8170999195613856,-0.16650651068236,0.41829165320169576,-1.0283719628099421,-0.14279560141173167,0.3559718517790345,-0.9168887230674891,-0.06177388263637485,0.29701117905100977,-0.7772692021509,-0.018933343005800598,0.5352766314413149,-0.6450376112317286,-0.1881331801802651,0.49762400155647957,-0.7940007410485126,-0.13073007124996547,0.4366710711697705,-0.6934970002530415,-0.04371429557762592,0.3978723884911646,-0.5815430078258715,0.013152782422020913,0.0,0.0,0.0,0.0,0.0,0.0,0.0,0.0,0.0,0.0,0.0,0.0,0.0,0.0,0.0,0.0,0.0,0.0,0.0,0.0,0.0,0.0,0.0,0.0,0.0,0.0,0.0,0.0,0.0,0.0,0.0,0.0,0.0,0.0,0.0,0.0,0.0,0.0,0.0,0.0,0.0,0.0,0.0,0.0,0.0,0.0,0.0,0.0,0.0,0.0,0.0,0.0,0.0,0.0,0.0,0.0,0.0,0.0,0.0,0.0,0.0,0.0,0.0
um,0.0,0.0,0.0,-0.14876483243668476,-0.466146543541819,0.03704390663362526,-0.08030115223755738,-0.8485793886775611,0.013506278213660232,0.09661202001124432,-1.0397484911921442,-0.016705930842841762,0.27768361006954045,-1.0594737392449431,-0.052714137619810926,-0.029589950737870102,-1.075182285100033,-0.11062361946723116,0.07079813616133937,-1.610622749569212,-0.14619163970198562,0.13455940134921865,-1.920632314284566,-0.15281849525247865,0.180783145599106,-2.160422099045435,-0.1609049971495517,0.19486776993554206,-0.9808295225167056,-0.1470742901404008,0.31449861152766745,-1.2742101846816225,-0.16803669164064722,0.2559070927300209,-1.1195548003918285,-0.12230868455754677,0.1903883827723494,-0.9487966587435834,-0.087717993078421,0.3869390103135862,-0.8155514587709547,-0.16953866008915058,0.424049670399234,-1.0310853754932796,-0.1540101627572305,0.3597096821823819,-0.9164282750060619,-0.07513972377165551,0.3004225463739967,-0.775662732507774,-0.03123478631745551,0.5369560511888323,-0.644204200800379,-0.19092704905877428,0.5000270903258874,-0.8028322686336608,-0.13968239649324057,0.4369067856530886,-0.7030884436485982,-0.053929908394600046,0.3991325443550521,-0.5907552835561952,0.003467276751073879,0.0,0.0,0.0,0.0,0.0,0.0,0.0,0.0,0.0,0.0,0.0,0.0,0.0,0.0,0.0,0.0,0.0,0.0,0.0,0.0,0.0,0.0,0.0,0.0,0.0,0.0,0.0,0.0,0.0,0.0,0.0,0.0,0.0,0.0,0.0,0.0,0.0,0.0,0.0,0.0,0.0,0.0,0.0,0.0,0.0,0.0,0.0,0.0,0.0,0.0,0.0,0.0,0.0,0.0,0.0,0.0,0.0,0.0,0.0,0.0,0.0,0.0,0.0
um,0.0,0.0,0.0,-0.1348306522523631,-0.4838224973764886,0.020549322357806734,-0.04790056600281823,-0.8711016921785274,-0.014196561667429913,0.15718931090788382,-1.0387521326483529,-0.053787488403397594,0.34572540727028483,-1.0396076869639794,-0.09706203219839371,-0.026075796902943347,-1.0791206902963013,-0.12795732388120926,0.07322137504383025,-1.6253015370695072,-0.17608254683780125,0.14449045450802384,-1.940175843047973,-0.19018277088882934,0.19493574616757697,-2.190390356055822,-0.2033561906474633,0.20107103930219428,-0.9795766622138031,-0.16597339986379223,0.3359944936864598,-1.3017940447168512,-0.2148187482612506,0.27992388926654205,-1.135567309728748,-0.18273564629006536,0.2048040759228113,-0.962509943454376,-0.15084578966127457,0.40095721845019205,-0.8165833359011211,-0.1908209087888616,0.4600445699945556,-1.0718685672555752,-0.2005289915693202,0.39532241596319195,-0.9464227616728512,-0.1244235561145361,0.32661913674345616,-0.805852303724483,-0.07404637173007268,0.5617086276560519,-0.6474325326772713,-0.21559188368483218,0.531324001887806,-0.8442186522955563,-0.18043210758171432,0.46479041925790066,-0.7454002801926617,-0.09493925275542733,0.4230400588172697,-0.6354500890167856,-0.033703186776553894,0.0,0.0,0.0,0.0,0.0,0.0,0.0,0.0,0.0,0.0,0.0,0.0,0.0,0.0,0.0,0.0,0.0,0.0,0.0,0.0,0.0,0.0,0.0,0.0,0.0,0.0,0.0,0.0,0.0,0.0,0.0,0.0,0.0,0.0,0.0,0.0,0.0,0.0,0.0,0.0,0.0,0.0,0.0,0.0,0.0,0.0,0.0,0.0,0.0,0.0,0.0,0.0,0.0,0.0,0.0,0.0,0.0,0.0,0.0,0.0,0.0,0.0,0.0
um,0.0,0.0,0.0,-0.13243542309131098,-0.4792287195074991,0.026761880551577633,-0.051973299241609545,-0.8642333831257609,-0.00439004979127821,0.1345312765154525,-1.042536645321363,-0.04187371591027432,0.30626847950036024,-1.046750962733818,-0.08315083932760432,-0.029731676264516862,-1.0842261494163974,-0.11462393930570285,0.06646630618937507,-1.6178690150365307,-0.16167356026977406,0.13375935671710562,-1.9256485123468834,-0.1765135664402768,0.18354052529358297,-2.1661124701275063,-0.18964272178369931,0.19277961512567093,-0.981242080218739,-0.15562366924077356,0.33289679505117664,-1.2658743163633872,-0.20373752144336488,0.2739335493017333,-1.1030507812735322,-0.17203823984718775,0.19742414106825984,-0.9365186274107689,-0.14058338939030604,0.3881302702096154,-0.8128568325912513,-0.184092907143746,0.44949898823774975,-1.038412040792558,-0.1972076573696718,0.3891566196359843,-0.9130724448617361,-0.12286811113076992,0.32544527697258335,-0.7744674983679525,-0.0725293368668883,0.5457215262505812,-0.6398874754211399,-0.21173690504025341,0.5351976458123943,-0.8285609634682972,-0.1798634096549415,0.47410900703077824,-0.7261112815830062,-0.09371330056043696,0.43182773827773546,-0.6119430062235988,-0.030567286581241634,0.0,0.0,0.0,0.0,0.0,0.0,0.0,0.0,0.0,0.0,0.0,0.0,0.0,0.0,0.0,0.0,0.0,0.0,0.0,0.0,0.0,0.0,0.0,0.0,0.0,0.0,0.0,0.0,0.0,0.0,0.0,0.0,0.0,0.0,0.0,0.0,0.0,0.0,0.0,0.0,0.0,0.0,0.0,0.0,0.0,0.0,0.0,0.0,0.0,0.0,0.0,0.0,0.0,0.0,0.0,0.0,0.0,0.0,0.0,0.0,0.0,0.0,0.0
um,0.0,0.0,0.0,-0.1350231119762732,-0.47459091466083014,0.026634680734832498,-0.062183681253885646,-0.8658434019128991,-0.004472796012839375,0.12273411153724174,-1.0604959601540207,-0.04293303472659661,0.306259802034421,-1.0811905214171622,-0.08387977749935854,-0.052687853234329965,-1.0868616306915906,-0.11267233674636247,0.05721771380501867,-1.6266830780971733,-0.15415750259903863,0.1302033324668519,-1.9359982080660088,-0.16126174506806637,0.182938113258214,-2.1755719860056333,-0.16897498622306842,0.1667812747742692,-0.9859939180262065,-0.15485800695005045,0.3334381055294977,-1.2664764866910785,-0.19891846837568716,0.2883366692703503,-1.0990401916704862,-0.16469614815722408,0.21490290472356094,-0.9321844716094069,-0.1326936733721923,0.3673715202970437,-0.8202209714930886,-0.18437177026890367,0.4509268955218225,-1.0300289194094483,-0.19050659628654432,0.40108774155455607,-0.898510386875617,-0.11177766502136738,0.33989776974787717,-0.7662550179881765,-0.06149358222516518,0.5305860550428545,-0.6487226173080339,-0.21370903314910264,0.5425108141033511,-0.8309234028246069,-0.17156255881888474,0.4912229253714773,-0.7203271899066334,-0.07973922677476188,0.4504271538935326,-0.6084342039728713,-0.015284245426221858,0.0,0.0,0.0,0.0,0.0,0.0,0.0,0.0,0.0,0.0,0.0,0.0,0.0,0.0,0.0,0.0,0.0,0.0,0.0,0.0,0.0,0.0,0.0,0.0,0.0,0.0,0.0,0.0,0.0,0.0,0.0,0.0,0.0,0.0,0.0,0.0,0.0,0.0,0.0,0.0,0.0,0.0,0.0,0.0,0.0,0.0,0.0,0.0,0.0,0.0,0.0,0.0,0.0,0.0,0.0,0.0,0.0,0.0,0.0,0.0,0.0,0.0,0.0
um,0.0,0.0,0.0,-0.13397857462296192,-0.46891581995536213,0.028302468092746946,-0.05882371665693984,-0.8659607017725006,-0.0015288761401286391,0.12781194119172468,-1.0788245379918526,-0.03740529103437548,0.30930890234388847,-1.1285884209815609,-0.07604720189550307,-0.04696037430510043,-1.0884228910838472,-0.12002779184919296,0.057821071212484317,-1.6334711699037014,-0.15968422657937298,0.1302740791436133,-1.9406477080465354,-0.16487638968038842,0.18529657655739834,-2.179494828923367,-0.17157265974175331,0.16912606578463715,-0.9855944266645437,-0.16186541530788442,0.3444584908320748,-1.276994751418704,-0.20233314528141863,0.29961678641963274,-1.106925752309104,-0.16479561176667398,0.22250870061103412,-0.9361244161306854,-0.13164701156374722,0.36820232426428556,-0.8155918017704127,-0.19029928719992276,0.4572844172412213,-1.022727469171496,-0.1927235036379084,0.4076515554723833,-0.891573746614696,-0.1120191428557823,0.3429311436434001,-0.7594441503694941,-0.06196959551342654,0.5275736010736294,-0.6407330023980414,-0.21824918557800532,0.5462282100405719,-0.8180923084602397,-0.174049556086812,0.496617555258322,-0.709384174225277,-0.08098137841413422,0.45307076490826526,-0.5988918319901032,-0.01653500311287673,0.0,0.0,0.0,0.0,0.0,0.0,0.0,0.0,0.0,0.0,0.0,0.0,0.0,0.0,0.0,0.0,0.0,0.0,0.0,0.0,0.0,0.0,0.0,0.0,0.0,0.0,0.0,0.0,0.0,0.0,0.0,0.0,0.0,0.0,0.0,0.0,0.0,0.0,0.0,0.0,0.0,0.0,0.0,0.0,0.0,0.0,0.0,0.0,0.0,0.0,0.0,0.0,0.0,0.0,0.0,0.0,0.0,0.0,0.0,0.0,0.0,0.0,0.0
um,0.0,0.0,0.0,-0.11450117177275893,-0.49459955448678916,0.013560526416788041,-0.03085712193248629,-0.9214998621788538,-0.0255434511586166,0.15595148460748873,-1.1680795941691298,-0.06988738351583086,0.3285671822169678,-1.2625588829453835,-0.11340328408204016,-0.05664267049665889,-1.1064977461315348,-0.13302566076354294,0.0611269756172375,-1.664311352877123,-0.19386432286657837,0.13903086586687233,-1.9797278938910225,-0.2113443362132494,0.19652419861333356,-2.2264875419000765,-0.223848483635918,0.16061430809415728,-0.9870172460678867,-0.17885982243188345,0.36458888495120395,-1.3165812087702464,-0.25736093920465714,0.3220224829152399,-1.1480829959803482,-0.23464114181215828,0.23711457386678444,-0.9738071410959003,-0.2016115593647922,0.3668725223844672,-0.8148790374404475,-0.21330903883250443,0.48687231395146746,-1.0539609980549451,-0.24692592129243943,0.4371417983542107,-0.9138295442257445,-0.16583055465885613,0.3663344260994914,-0.7769520799734576,-0.10514804847889866,0.5358972690598293,-0.6410583090950274,-0.24874045565979225,0.5776441383831383,-0.8440726985552471,-0.22000555815749337,0.5257896989370846,-0.7287513587731568,-0.125117789500682,0.4792885234056942,-0.6134516190780666,-0.05471536725936171,0.0,0.0,0.0,0.0,0.0,0.0,0.0,0.0,0.0,0.0,0.0,0.0,0.0,0.0,0.0,0.0,0.0,0.0,0.0,0.0,0.0,0.0,0.0,0.0,0.0,0.0,0.0,0.0,0.0,0.0,0.0,0.0,0.0,0.0,0.0,0.0,0.0,0.0,0.0,0.0,0.0,0.0,0.0,0.0,0.0,0.0,0.0,0.0,0.0,0.0,0.0,0.0,0.0,0.0,0.0,0.0,0.0,0.0,0.0,0.0,0.0,0.0,0.0
um,0.0,0.0,0.0,-0.11989970598131372,-0.48354070930478676,0.02579561157066001,-0.03805944841071229,-0.8926108275670207,-0.009203077993885292,0.14977955969983653,-1.117783697215713,-0.05212104505712722,0.3331292193307837,-1.1877562538844575,-0.09629310497154855,-0.051618506914900095,-1.1026528695076918,-0.1219410399735515,0.0686694207726944,-1.647276059819433,-0.17366701909394355,0.14121967390042453,-1.9578205695050996,-0.18567525209935076,0.1927253900731626,-2.2032848209632983,-0.19598990882292863,0.16126470360902567,-0.986911189200879,-0.17175687766362432,0.35269539191529536,-1.3043789859818862,-0.23696950136585074,0.30930003504614284,-1.1324258489627153,-0.20893138766076963,0.22493960933035947,-0.9515414726961657,-0.1752233204825501,0.36446452680028524,-0.808445771529625,-0.20895311813160192,0.4711975501070082,-1.0243436167558893,-0.23113188810508173,0.4268881602257595,-0.8841376748271507,-0.1501625015759082,0.36190055153649575,-0.7459969615992039,-0.09303232272740755,0.5292373246086082,-0.6258574494082713,-0.2461982796957544,0.5669572678501119,-0.8190360165704776,-0.2107933160841156,0.5170672538823393,-0.7002572944719234,-0.1149985164549,0.474737618467588,-0.5842379173155464,-0.045812591815562693,0.0,0.0,0.0,0.0,0.0,0.0,0.0,0.0,0.0,0.0,0.0,0.0,0.0,0.0,0.0,0.0,0.0,0.0,0.0,0.0,0.0,0.0,0.0,0.0,0.0,0.0,0.0,0.0,0.0,0.0,0.0,0.0,0.0,0.0,0.0,0.0,0.0,0.0,0.0,0.0,0.0,0.0,0.0,0.0,0.0,0.0,0.0,0.0,0.0,0.0,0.0,0.0,0.0,0.0,0.0,0.0,0.0,0.0,0.0,0.0,0.0,0.0,0.0
um,0.0,0.0,0.0,-0.09177020211961852,-0.4626059679778638,0.02716704490856133,-0.013197321608344604,-0.8948888194709727,-0.02966017199096345,0.1829732266422226,-1.1335920393649987,-0.09749972259411158,0.37969427079577445,-1.2345438721490236,-0.16704655058249465,-0.09455814665334514,-1.1180793774364657,-0.17892480335720834,0.060067890459168424,-1.6888872788571798,-0.26710299015566996,0.154551823276869,-2.013754469509506,-0.3035220015460858,0.2201799719248328,-2.2715498225447193,-0.32974194670718693,0.06436349234781207,-0.9979265207683344,-0.2455298983402797,0.40206061328406184,-1.2593381235542205,-0.3445189065234277,0.38651012200213836,-1.050512211723396,-0.32443299758219146,0.2775878546218105,-0.9041732986899094,-0.30126458742327655,0.25815919785775376,-0.8216511913069735,-0.2978837859918833,0.5449528518975256,-1.0360713814742604,-0.34423600732250836,0.4991859018911009,-0.8602907233492487,-0.24424411079975752,0.3954638570827512,-0.7429732292585037,-0.17907295190566425,0.436917341339209,-0.640962437283388,-0.35057685714276676,0.626430448800735,-0.8331289849110299,-0.3298715910537023,0.5725420094882883,-0.6732618747789534,-0.2216105985031497,0.4946909077856282,-0.5627153095374211,-0.14682311617945337,0.0,0.0,0.0,0.0,0.0,0.0,0.0,0.0,0.0,0.0,0.0,0.0,0.0,0.0,0.0,0.0,0.0,0.0,0.0,0.0,0.0,0.0,0.0,0.0,0.0,0.0,0.0,0.0,0.0,0.0,0.0,0.0,0.0,0.0,0.0,0.0,0.0,0.0,0.0,0.0,0.0,0.0,0.0,0.0,0.0,0.0,0.0,0.0,0.0,0.0,0.0,0.0,0.0,0.0,0.0,0.0,0.0,0.0,0.0,0.0,0.0,0.0,0.0
um,0.0,0.0,0.0,-0.06941107977109724,-0.45153830440567394,0.028360766454566814,0.0016879820510016096,-0.8771049266837857,-0.027443246912768397,0.1782326064669405,-1.1181838069231027,-0.09900545156000491,0.36119321908348195,-1.222808671712017,-0.174000789798701,-0.07095593792234357,-1.118774160657898,-0.1637517242181585,0.07401058498719278,-1.6591421969805793,-0.25279235683645523,0.16506106667246428,-1.9757863552736894,-0.29456159821306765,0.22492800812651756,-2.2292266888585965,-0.32517733384107506,0.07122575106067065,-0.9974602209541208,-0.23722946060885056,0.4151382474266846,-1.2089489466563306,-0.34575563250297237,0.3960099840972762,-1.0022731179520394,-0.3395610593046133,0.2809564856433729,-0.8772910136348238,-0.3253771702625914,0.25475031842868906,-0.8184598440556721,-0.2966861987430695,0.5522483552566166,-0.9927707780252496,-0.36062269229344185,0.5067040269137875,-0.8100709200723671,-0.27321035284842327,0.39990668108591165,-0.7092174865081071,-0.21277864785051198,0.4293490530791487,-0.6280488948382171,-0.35584431455434745,0.6388918890158792,-0.7947248287304337,-0.348760425605452,0.5872402076450662,-0.631049061648277,-0.24528796055279062,0.5041909472273071,-0.5291564916328102,-0.17039407723037672,0.0,0.0,0.0,0.0,0.0,0.0,0.0,0.0,0.0,0.0,0.0,0.0,0.0,0.0,0.0,0.0,0.0,0.0,0.0,0.0,0.0,0.0,0.0,0.0,0.0,0.0,0.0,0.0,0.0,0.0,0.0,0.0,0.0,0.0,0.0,0.0,0.0,0.0,0.0,0.0,0.0,0.0,0.0,0.0,0.0,0.0,0.0,0.0,0.0,0.0,0.0,0.0,0.0,0.0,0.0,0.0,0.0,0.0,0.0,0.0,0.0,0.0,0.0
um,0.0,0.0,0.0,-0.06091226928790347,-0.4263396458159349,0.03061494480789195,-0.005704062555441681,-0.8480774750464873,-0.028129941402864633,0.14852195983862682,-1.0889191722351754,-0.10606415490588104,0.31000258233689143,-1.1972052797282315,-0.18645232098850992,-0.08405270202846597,-1.1100227936487896,-0.16305858889744632,0.07782857551066147,-1.633890565315235,-0.2659021266700692,0.16367088699241703,-1.9411257823809798,-0.3180205322856424,0.22012132760078162,-2.188388630807947,-0.35548501789088843,0.00405177336187711,-0.9999917915326225,-0.2422226547462406,0.4186530140712903,-1.1764418467101248,-0.36653094652578566,0.41852941313446107,-0.9650273349482075,-0.3664169364119067,0.3063528613543202,-0.8652855709423151,-0.35519472082933745,0.1508857483612569,-0.8362046713878943,-0.30904812686951616,0.5296819698973555,-0.9664571932677863,-0.3919910563549454,0.4934153209147525,-0.7733462907410757,-0.3132372840065021,0.3850949151144568,-0.6959947157625765,-0.25587885922935905,0.3061271276803782,-0.6633023314866181,-0.3755984662291174,0.5905032851556908,-0.7836799896199941,-0.39134386635195373,0.5542756346187266,-0.6111043728528647,-0.3028451827322011,0.47000075577781014,-0.522859909556678,-0.23545374090293822,0.0,0.0,0.0,0.0,0.0,0.0,0.0,0.0,0.0,0.0,0.0,0.0,0.0,0.0,0.0,0.0,0.0,0.0,0.0,0.0,0.0,0.0,0.0,0.0,0.0,0.0,0.0,0.0,0.0,0.0,0.0,0.0,0.0,0.0,0.0,0.0,0.0,0.0,0.0,0.0,0.0,0.0,0.0,0.0,0.0,0.0,0.0,0.0,0.0,0.0,0.0,0.0,0.0,0.0,0.0,0.0,0.0,0.0,0.0,0.0,0.0,0.0,0.0
um,0.0,0.0,0.0,-0.03979405628361719,-0.4217042259149987,0.030515025771999226,0.027501533404335022,-0.8323667323683593,-0.020339602591017775,0.18084022411747686,-1.0615650300222461,-0.09173385765738683,0.33044560363489606,-1.1656600670430715,-0.1672508290520379,-0.04468587932375814,-1.100885429687065,-0.13474951672693108,0.11208940948987568,-1.5985824630643801,-0.22858541815528233,0.19180998326033805,-1.8986224908412879,-0.2775146921244494,0.24233327378569916,-2.141654790120859,-0.313166748192989,0.04521461515915474,-0.9989772963266029,-0.2121641873886419,0.45289187736079006,-1.1673915506037782,-0.330623686946683,0.4539126295538512,-0.9605803052729384,-0.33477865603770446,0.3442600133244749,-0.8569754363139188,-0.3250970666937701,0.18206884798481301,-0.8400228666952136,-0.27823173850294664,0.5520301545469616,-0.9599045683068896,-0.3574283203973838,0.5170523876127143,-0.7695017542938667,-0.2852739921651667,0.4122628842278027,-0.693994678983294,-0.23083058934260042,0.3239084276210774,-0.6676212221515658,-0.34467162881804597,0.599064725028607,-0.7800981576732109,-0.35592081948985627,0.5625978477306293,-0.61243751522761,-0.27011125064645064,0.481795404784035,-0.5258295749879114,-0.20467270541789304,0.0,0.0,0.0,0.0,0.0,0.0,0.0,0.0,0.0,0.0,0.0,0.0,0.0,0.0,0.0,0.0,0.0,0.0,0.0,0.0,0.0,0.0,0.0,0.0,0.0,0.0,0.0,0.0,0.0,0.0,0.0,0.0,0.0,0.0,0.0,0.0,0.0,0.0,0.0,0.0,0.0,0.0,0.0,0.0,0.0,0.0,0.0,0.0,0.0,0.0,0.0,0.0,0.0,0.0,0.0,0.0,0.0,0.0,0.0,0.0,0.0,0.0,0.0
um,0.0,0.0,0.0,-0.01994154471103308,-0.41310534888113204,0.026164318902089253,0.045535659291831815,-0.8275450651462788,-0.02806815691473671,0.1866643703924554,-1.074065964427943,-0.10142234957430885,0.3266883067114105,-1.2125023609797556,-0.17586104926318694,-0.03419291600715947,-1.1101420361907797,-0.15054393505451627,0.12141105020290548,-1.6058500874399504,-0.25390872747875726,0.1910307252726443,-1.9075013829175527,-0.307086345513658,0.23282489387499725,-2.1488764294080354,-0.34418826184459966,0.03203983381358878,-0.999486592731087,-0.22598894842728634,0.4698159627017593,-1.1480518702737617,-0.35378116821309247,0.4788715913547345,-0.9421795345607968,-0.3581656422932504,0.3743969048543132,-0.845094379044973,-0.34791582184780107,0.15125337255176682,-0.829687102074115,-0.2904055742244344,0.5564220154300611,-0.9338469364490484,-0.3799558418175539,0.5222145792421046,-0.7468443823585423,-0.30865284963426126,0.41425033339423845,-0.6837208127900004,-0.2536482174401626,0.28140693673969086,-0.6465672691495582,-0.3549546035932734,0.6004509267299544,-0.7430244578719376,-0.3765688855425359,0.5645520756353072,-0.583990998703366,-0.29482427001275285,0.4744871172745766,-0.5080827202033076,-0.23104563241588133,0.0,0.0,0.0,0.0,0.0,0.0,0.0,0.0,0.0,0.0,0.0,0.0,0.0,0.0,0.0,0.0,0.0,0.0,0.0,0.0,0.0,0.0,0.0,0.0,0.0,0.0,0.0,0.0,0.0,0.0,0.0,0.0,0.0,0.0,0.0,0.0,0.0,0.0,0.0,0.0,0.0,0.0,0.0,0.0,0.0,0.0,0.0,0.0,0.0,0.0,0.0,0.0,0.0,0.0,0.0,0.0,0.0,0.0,0.0,0.0,0.0,0.0,0.0
um,0.0,0.0,0.0,-0.017179857737516794,-0.413442813819454,0.030816495319480133,0.047702640739398505,-0.8229955828504247,-0.022618463817907507,0.19057723932117296,-1.0627411157801185,-0.09596287542999658,0.3324186180942326,-1.1960599442146833,-0.17161505381234904,-0.029417552774938526,-1.1043658548904165,-0.15017291732985905,0.12004507269714308,-1.6004101766834227,-0.2525346769469484,0.19010762764003325,-1.899942143192488,-0.3054161081029447,0.23206425696264624,-2.14097287063619,-0.34292479717132274,0.03594098026776119,-0.9993539142553015,-0.2278451855707384,0.46775089734790787,-1.139627491589985,-0.35395011097354545,0.47453753959415207,-0.9318983093760974,-0.3591234666415977,0.36777783323359614,-0.8386417298449874,-0.3506257432225949,0.1553409236091461,-0.8354068192902666,-0.29385170430010804,0.5595025455999526,-0.9248585807714483,-0.3807175753682177,0.5235258689156083,-0.734556660870912,-0.3106106160593702,0.41438426048795657,-0.6733112443410875,-0.25786939215207294,0.2847375928320039,-0.6588461670190808,-0.35984363258238805,0.597080126281996,-0.7369385629380076,-0.37988213717560626,0.5608812424923464,-0.5722844565940028,-0.29985595891056605,0.4737390021089948,-0.49916930220669226,-0.23796921117311468,0.0,0.0,0.0,0.0,0.0,0.0,0.0,0.0,0.0,0.0,0.0,0.0,0.0,0.0,0.0,0.0,0.0,0.0,0.0,0.0,0.0,0.0,0.0,0.0,0.0,0.0,0.0,0.0,0.0,0.0,0.0,0.0,0.0,0.0,0.0,0.0,0.0,0.0,0.0,0.0,0.0,0.0,0.0,0.0,0.0,0.0,0.0,0.0,0.0,0.0,0.0,0.0,0.0,0.0,0.0,0.0,0.0,0.0,0.0,0.0,0.0,0.0,0.0
um,0.0,0.0,0.0,-0.019902154905403622,-0.4167982877640057,0.032706367643513014,0.04302273599060092,-0.8248054913809455,-0.02092217735396572,0.18586532163115707,-1.060743340385699,-0.09516992828504817,0.33098099288078914,-1.185049607713903,-0.17198727136360178,-0.03286060402801711,-1.1038485873986816,-0.14842463592503466,0.1166404350036662,-1.6034221809696094,-0.25137553072093033,0.18761554791945537,-1.904457380255155,-0.30524306881719016,0.23113744457628513,-2.1467395203823574,-0.3433168185006728,0.03364625785316278,-0.9994338043774977,-0.22706637215448622,0.465626325581978,-1.1466803693089131,-0.35284007940424283,0.47322068971269354,-0.9387741822568698,-0.35770788851377716,0.3665016778243618,-0.844791770306161,-0.3488376744350962,0.1550684857764893,-0.8368555747970063,-0.29395186967277287,0.5577315807543184,-0.9329455540051258,-0.37988588973539655,0.5225903224369768,-0.7424726431767508,-0.3088592229402094,0.41425744458154623,-0.6803543750724821,-0.25541241351014365,0.28672902877178674,-0.6613470615105641,-0.36070914940496357,0.5982561559559927,-0.745253698899558,-0.37892860677986034,0.5637362738793854,-0.5790402694187005,-0.29687257375000226,0.47883838753128094,-0.5030904242752754,-0.23367851390786296,0.0,0.0,0.0,0.0,0.0,0.0,0.0,0.0,0.0,0.0,0.0,0.0,0.0,0.0,0.0,0.0,0.0,0.0,0.0,0.0,0.0,0.0,0.0,0.0,0.0,0.0,0.0,0.0,0.0,0.0,0.0,0.0,0.0,0.0,0.0,0.0,0.0,0.0,0.0,0.0,0.0,0.0,0.0,0.0,0.0,0.0,0.0,0.0,0.0,0.0,0.0,0.0,0.0,0.0,0.0,0.0,0.0,0.0,0.0,0.0,0.0,0.0,0.0
um,0.0,0.0,0.0,-0.014029023007795856,-0.41109301387993546,0.0256638403127188,0.05178365061181213,-0.8238628941784109,-0.03114626582886042,0.18921785923799297,-1.0628448348448711,-0.10768546131467956,0.32751872948037136,-1.1853127878297396,-0.1863978204756766,-0.014699447672325778,-1.1150007785252412,-0.15291911557277532,0.1179838457826627,-1.6101022742744557,-0.25850745620927185,0.1779896389561428,-1.913703000279811,-0.3155159620875341,0.2134001945059495,-2.157997329035957,-0.35604502114260317,0.047829940318719136,-0.9988554934569404,-0.2317398848162985,0.48739996920127665,-1.1432373568337697,-0.3637068360171989,0.4939862260579707,-0.9409825545209223,-0.3724939490960259,0.388633354287375,-0.8507120710482093,-0.36546498291445784,0.16199527502041566,-0.8244519764598205,-0.2992884352248492,0.5683772401635039,-0.9268928651999926,-0.39066929794111466,0.5287925946524854,-0.7449627634926044,-0.3208309192098681,0.4189697298831476,-0.6868360165118428,-0.2671251678943328,0.28673883379181425,-0.6398872234391919,-0.36741760248795136,0.602277080707476,-0.7424224544867273,-0.3890857833595195,0.5621382669973004,-0.5870282933792833,-0.30666499461891367,0.4708799130909246,-0.5149554752882761,-0.24297215983642445,0.0,0.0,0.0,0.0,0.0,0.0,0.0,0.0,0.0,0.0,0.0,0.0,0.0,0.0,0.0,0.0,0.0,0.0,0.0,0.0,0.0,0.0,0.0,0.0,0.0,0.0,0.0,0.0,0.0,0.0,0.0,0.0,0.0,0.0,0.0,0.0,0.0,0.0,0.0,0.0,0.0,0.0,0.0,0.0,0.0,0.0,0.0,0.0,0.0,0.0,0.0,0.0,0.0,0.0,0.0,0.0,0.0,0.0,0.0,0.0,0.0,0.0,0.0
um,0.0,0.0,0.0,-0.016007279294849474,-0.42128276553067445,0.03279172654491423,0.05082960338560262,-0.8279683870731593,-0.021878848508517117,0.19734722243557068,-1.0510458587883889,-0.09802278550741804,0.3480245077018198,-1.150633630492534,-0.1771312674043027,-0.025559591276974963,-1.1075650430565749,-0.14232855917592704,0.10845217991252089,-1.5989642182589336,-0.2403027729506009,0.17084937994125368,-1.8965073041323508,-0.29317999652034604,0.2098354160199032,-2.1394638585783214,-0.3320367518060141,0.042327475635510585,-0.9991037908077044,-0.22311736189638248,0.4663803687313025,-1.1462009359917866,-0.346100926683451,0.4732470239556735,-0.9404670741958713,-0.3522343164523244,0.36762982655325555,-0.8466667174879171,-0.3446617047308595,0.16175742772929927,-0.8283648726914639,-0.29212423402744897,0.5572428822508119,-0.9349572236523215,-0.37781732416501246,0.523009647027082,-0.7488105360351426,-0.3085130724953251,0.4149576307070613,-0.6835890196214747,-0.25569239777884,0.29113237685018234,-0.6459177367186747,-0.3608436265004383,0.5997541339969713,-0.7500863026845169,-0.37895924320344554,0.5701503648934627,-0.5913652878521092,-0.296077596541132,0.4862084502198623,-0.5115613393470347,-0.23245912518069237,0.0,0.0,0.0,0.0,0.0,0.0,0.0,0.0,0.0,0.0,0.0,0.0,0.0,0.0,0.0,0.0,0.0,0.0,0.0,0.0,0.0,0.0,0.0,0.0,0.0,0.0,0.0,0.0,0.0,0.0,0.0,0.0,0.0,0.0,0.0,0.0,0.0,0.0,0.0,0.0,0.0,0.0,0.0,0.0,0.0,0.0,0.0,0.0,0.0,0.0,0.0,0.0,0.0,0.0,0.0,0.0,0.0,0.0,0.0,0.0,0.0,0.0,0.0
um,0.0,0.0,0.0,-0.02633892393439854,-0.4180076939043345,0.02237451043726022,0.033677938374311614,-0.8297586129021076,-0.04048975329398382,0.18587302568220268,-1.0623879624345736,-0.12273287254952436,0.3399444004600888,-1.1746706865207934,-0.20586105414945804,-0.054196782725553706,-1.1142184947256295,-0.16190691553424955,0.07578135239973718,-1.609131252339572,-0.26808118219011134,0.12928677329398042,-1.9117808540115124,-0.32421341795904723,0.16338526528227346,-2.1586394929018295,-0.3649371814549921,0.0029875820803090787,-0.9999955371666983,-0.23871120220608127,0.4516115045822933,-1.1387931298200336,-0.36783629455096056,0.46290362366003523,-0.9337015365641539,-0.37106292913948274,0.36280130933783517,-0.8444421051297386,-0.3618708464577454,0.11798608669354446,-0.8271833894140725,-0.3047488134836567,0.5407523565359432,-0.9158654443191069,-0.3914288618356855,0.5017382173601952,-0.733173080395318,-0.3194332369637545,0.3894158840023898,-0.6772919723749141,-0.26691159117537916,0.24939623977869588,-0.6454928048105089,-0.3723132597430816,0.5812841888984923,-0.7183458027868218,-0.39054572407972366,0.5406838163543909,-0.5601342037087892,-0.3104168505807428,0.44471961549341277,-0.49240284596557493,-0.25032663661940213,0.0,0.0,0.0,0.0,0.0,0.0,0.0,0.0,0.0,0.0,0.0,0.0,0.0,0.0,0.0,0.0,0.0,0.0,0.0,0.0,0.0,0.0,0.0,0.0,0.0,0.0,0.0,0.0,0.0,0.0,0.0,0.0,0.0,0.0,0.0,0.0,0.0,0.0,0.0,0.0,0.0,0.0,0.0,0.0,0.0,0.0,0.0,0.0,0.0,0.0,0.0,0.0,0.0,0.0,0.0,0.0,0.0,0.0,0.0,0.0,0.0,0.0,0.0
um,0.0,0.0,0.0,-0.017836097872599314,-0.42181214261720484,0.018789215993728226,0.04759533113455438,-0.8374091141826627,-0.04580917194633981,0.2019782005938264,-1.0792580689798588,-0.1292358383954602,0.34877487946224084,-1.2102042861909783,-0.21436389973518097,-0.04513082025840882,-1.1213464044748591,-0.1751970553959803,0.08366656811041442,-1.6259692353524293,-0.28975228259298336,0.1380231863640489,-1.9360871057745526,-0.3504098550597369,0.17141219637420405,-2.186542456921779,-0.3933191904991717,0.011368960426862562,-0.9999353712809707,-0.2526613592789275,0.4686260127617041,-1.1420824454027227,-0.39030957091758806,0.48360812846549905,-0.9351521796532568,-0.39536460734693324,0.38535496011531856,-0.8431639208483895,-0.38711623371040166,0.12554285392651493,-0.8223377210309224,-0.31947125285919714,0.5601755654612939,-0.9180637961472298,-0.4123604709589153,0.5169082387884194,-0.7311656772014882,-0.33920289101761586,0.40263499422187154,-0.6734680173028113,-0.285507542887938,0.2547572901198729,-0.6383680031139791,-0.3884003053259491,0.5895502383198283,-0.7150990104974765,-0.4115689363499101,0.5437517889655007,-0.5557325958233458,-0.3323108042524804,0.4463631889617138,-0.49144552992892515,-0.2722082567098189,0.0,0.0,0.0,0.0,0.0,0.0,0.0,0.0,0.0,0.0,0.0,0.0,0.0,0.0,0.0,0.0,0.0,0.0,0.0,0.0,0.0,0.0,0.0,0.0,0.0,0.0,0.0,0.0,0.0,0.0,0.0,0.0,0.0,0.0,0.0,0.0,0.0,0.0,0.0,0.0,0.0,0.0,0.0,0.0,0.0,0.0,0.0,0.0,0.0,0.0,0.0,0.0,0.0,0.0,0.0,0.0,0.0,0.0,0.0,0.0,0.0,0.0,0.0
um,0.0,0.0,0.0,-0.01634853478679345,-0.4209612943984181,0.02070117146362235,0.04885275952520432,-0.838590574230002,-0.04289698548036317,0.19763432140399506,-1.081572282702478,-0.12536974762624298,0.34179595878654107,-1.2108947377877186,-0.20959920569255447,-0.04612610564831904,-1.121548865188143,-0.17393020297214504,0.08437442385653364,-1.6277088559210058,-0.28546341797472813,0.13897507300971443,-1.9375727975443762,-0.3441381357135627,0.17260688326403978,-2.1879603044574774,-0.38612962405337253,0.010143334637605559,-0.9999485550579238,-0.25188367835667247,0.4698236708576601,-1.1388231564146658,-0.386957439612245,0.4837320351710056,-0.9334808623794943,-0.39153139895994793,0.38378754203030513,-0.8448403159684169,-0.3837469337415904,0.12509226949473215,-0.8222058494019616,-0.3186606630222272,0.5635123484068693,-0.9161577272511485,-0.4099688014159521,0.5207777304700909,-0.7300561343759879,-0.3368854173512541,0.40537717932901207,-0.6736206754393081,-0.28395245211801673,0.2551190384596248,-0.6385251931321736,-0.3871748013022867,0.5935680511238521,-0.7145546490161423,-0.4095818463595425,0.5485747190742837,-0.5545258297031084,-0.3299629331153239,0.45023827853556286,-0.4901389378577726,-0.26997224551125176,0.0,0.0,0.0,0.0,0.0,0.0,0.0,0.0,0.0,0.0,0.0,0.0,0.0,0.0,0.0,0.0,0.0,0.0,0.0,0.0,0.0,0.0,0.0,0.0,0.0,0.0,0.0,0.0,0.0,0.0,0.0,0.0,0.0,0.0,0.0,0.0,0.0,0.0,0.0,0.0,0.0,0.0,0.0,0.0,0.0,0.0,0.0,0.0,0.0,0.0,0.0,0.0,0.0,0.0,0.0,0.0,0.0,0.0,0.0,0.0,0.0,0.0,0.0
um,0.0,0.0,0.0,-0.00424386679869651,-0.41068224528171454,0.019670885268305714,0.06977542029878828,-0.8189162345498624,-0.040903195305236006,0.2161553066206126,-1.0559408233753997,-0.12102443493739438,0.3508438349410175,-1.1801012808416351,-0.20277686943718073,-0.02493806115327352,-1.1066818524019941,-0.1557526314432282,0.10338348980377998,-1.6088164594999241,-0.2648927848659107,0.15779479634438617,-1.9191296255478576,-0.32377329242733466,0.18897802922980675,-2.169916144193151,-0.365695556581091,0.038141890705537904,-0.9992723333373175,-0.2324144687859465,0.48223270695080056,-1.142601998481393,-0.367672079087033,0.4984282711518935,-0.9381340846737986,-0.3778495095699913,0.3992323920363656,-0.8492866038130035,-0.3716963116219352,0.15556958217839617,-0.8333173031750634,-0.2989398750742159,0.5753718846953836,-0.9286260585358798,-0.39119562123418894,0.538778152236303,-0.7449263146289752,-0.32366016064575825,0.4270004824989746,-0.6895955800278029,-0.27240365712698666,0.28512145674911016,-0.65759105749475,-0.367318000154005,0.606505304901512,-0.7351848380239261,-0.3898803868282774,0.5648098619155275,-0.5763059343881797,-0.31292041688263167,0.4702800182513038,-0.5123142370213298,-0.25385069548718014,0.0,0.0,0.0,0.0,0.0,0.0,0.0,0.0,0.0,0.0,0.0,0.0,0.0,0.0,0.0,0.0,0.0,0.0,0.0,0.0,0.0,0.0,0.0,0.0,0.0,0.0,0.0,0.0,0.0,0.0,0.0,0.0,0.0,0.0,0.0,0.0,0.0,0.0,0.0,0.0,0.0,0.0,0.0,0.0,0.0,0.0,0.0,0.0,0.0,0.0,0.0,0.0,0.0,0.0,0.0,0.0,0.0,0.0,0.0,0.0,0.0,0.0,0.0
um,0.0,0.0,0.0,-0.04048201794717399,-0.4224474223008199,0.026775827641615072,0.032202087777802285,-0.8248153133399844,-0.02381225840096174,0.19513507437928335,-1.0439647653971271,-0.09390663677211926,0.3526246078063007,-1.132370602878046,-0.1663332253604501,-0.03245430411226421,-1.0901560327831292,-0.12897138148923817,0.0992437326282891,-1.5880715698928465,-0.21364960537061298,0.16100093293807968,-1.8878664233072613,-0.25565637167454447,0.19574345523891543,-2.133579699700596,-0.28820124466021524,0.0694936863752458,-0.9975823913612243,-0.20212749780049605,0.4538039742613291,-1.1416321150715523,-0.31158091493251794,0.45186908115803903,-0.9372754041111128,-0.31314448954340574,0.3452836680627329,-0.8346526145613565,-0.302782416621733,0.21656198159508336,-0.8402512492984334,-0.26416532427537415,0.555596165916685,-0.91997358578406,-0.33283807302453666,0.5189172690656607,-0.7392476812086883,-0.26104857604536474,0.4159921408947116,-0.6698525110521897,-0.20983234880197385,0.3652208569682285,-0.6696507873661834,-0.3275691219493201,0.6183727251465206,-0.7365042884605666,-0.3289073931777346,0.5734816743217289,-0.5758186568040413,-0.24388243356342873,0.48984757730073275,-0.499518956469478,-0.18142757978663565,0.0,0.0,0.0,0.0,0.0,0.0,0.0,0.0,0.0,0.0,0.0,0.0,0.0,0.0,0.0,0.0,0.0,0.0,0.0,0.0,0.0,0.0,0.0,0.0,0.0,0.0,0.0,0.0,0.0,0.0,0.0,0.0,0.0,0.0,0.0,0.0,0.0,0.0,0.0,0.0,0.0,0.0,0.0,0.0,0.0,0.0,0.0,0.0,0.0,0.0,0.0,0.0,0.0,0.0,0.0,0.0,0.0,0.0,0.0,0.0,0.0,0.0,0.0
um,0.0,0.0,0.0,-0.04619337280050175,-0.4228118944595145,0.02770052653114321,0.024757997584879732,-0.8246127283324407,-0.020404541677454695,0.19489306718560265,-1.037713459219021,-0.0879706680190508,0.36010910641789484,-1.1164629875533894,-0.15707529065192027,-0.040041738751754645,-1.0847251442510186,-0.12147190271873293,0.08818715683455651,-1.5907114917517018,-0.20276397776723273,0.1481902445957361,-1.892226942786572,-0.24247768938505918,0.18365658719452424,-2.1364852862098367,-0.2732446453793521,0.06369446416791776,-0.9979694460424937,-0.19351819726733294,0.44563331463279376,-1.137421086150702,-0.30040093631621784,0.44297581070362246,-0.9326341501507536,-0.3026250923798668,0.3370701461110952,-0.8304375572090449,-0.2919872499206076,0.21364717982265866,-0.8439502890522887,-0.2547654277403709,0.5542977049003511,-0.9199537134941183,-0.32064850280506974,0.5171315051831505,-0.7412414002330066,-0.25073321680276517,0.4139033908802213,-0.6692630869761317,-0.20041654277410728,0.364918253032875,-0.6740556520337218,-0.31724489066482847,0.621058272269843,-0.7371507052762853,-0.31775140155876036,0.5772804859007695,-0.5766412297404929,-0.2342292926557457,0.492615672581945,-0.4983908805293446,-0.17211210273094543,0.0,0.0,0.0,0.0,0.0,0.0,0.0,0.0,0.0,0.0,0.0,0.0,0.0,0.0,0.0,0.0,0.0,0.0,0.0,0.0,0.0,0.0,0.0,0.0,0.0,0.0,0.0,0.0,0.0,0.0,0.0,0.0,0.0,0.0,0.0,0.0,0.0,0.0,0.0,0.0,0.0,0.0,0.0,0.0,0.0,0.0,0.0,0.0,0.0,0.0,0.0,0.0,0.0,0.0,0.0,0.0,0.0,0.0,0.0,0.0,0.0,0.0,0.0
um,0.0,0.0,0.0,-0.049938597581637545,-0.4245343188452219,0.027261434394709665,0.01940072709766004,-0.8302189820714789,-0.022488887171310815,0.18950164885275583,-1.0448399844008305,-0.09192086455343229,0.355430278917835,-1.1233248062349097,-0.16332474760843277,-0.04636378731873633,-1.0883376774518445,-0.1254300137827347,0.08187088171694405,-1.5968608140515694,-0.20841467205003758,0.1424856337870518,-1.8998023122702832,-0.2491556079437162,0.1793432203572525,-2.1455521964911086,-0.2808267272486364,0.057699759384881026,-0.9983339810739325,-0.19877620916967695,0.43966694819312385,-1.1427273996843827,-0.30814753600642936,0.43498389822357614,-0.936360649307308,-0.3104438330655979,0.3282252150783207,-0.833612756208505,-0.29976621660154074,0.20842309680479978,-0.8424089967273195,-0.2612231899206144,0.5483227157447158,-0.9244214723351544,-0.3296212822746785,0.5099964347210229,-0.744018412994943,-0.25881610932840377,0.4065593601093518,-0.6711224438770588,-0.207516054757871,0.36041866404401357,-0.6717321188026867,-0.32482146089335495,0.6153140454196206,-0.7432121490116635,-0.3270616740805385,0.5715528234925903,-0.581835426595395,-0.2425285348197313,0.48732785002199713,-0.5018729518191205,-0.17952741866253882,0.0,0.0,0.0,0.0,0.0,0.0,0.0,0.0,0.0,0.0,0.0,0.0,0.0,0.0,0.0,0.0,0.0,0.0,0.0,0.0,0.0,0.0,0.0,0.0,0.0,0.0,0.0,0.0,0.0,0.0,0.0,0.0,0.0,0.0,0.0,0.0,0.0,0.0,0.0,0.0,0.0,0.0,0.0,0.0,0.0,0.0,0.0,0.0,0.0,0.0,0.0,0.0,0.0,0.0,0.0,0.0,0.0,0.0,0.0,0.0,0.0,0.0,0.0
um,0.0,0.0,0.0,-0.04505968277452595,-0.43760460640288595,0.0386242019569928,0.033651981180494416,-0.8239324965783348,0.0036818943974629027,0.199432134691662,-0.9969634941156214,-0.050964827564219634,0.36868886502998,-1.0188607284521631,-0.11009811087011408,0.007642320674818795,-1.0772892186949286,-0.08913515176715085,0.0998303881340403,-1.5715994578317156,-0.1447289112625236,0.15472718259819723,-1.8682240765034333,-0.17328554166076438,0.18644015351901158,-2.1070930404117307,-0.1991977082694574,0.15458824441336724,-0.9879789849430974,-0.16067517516755786,0.426481505930762,-1.1480043116335152,-0.23536052880979377,0.40225822782571813,-0.9622034899174723,-0.2344137347293971,0.30236839768520346,-0.840044522624151,-0.22644292191576895,0.3215860584207977,-0.8249705101216973,-0.21994451462160475,0.5351912088985957,-0.9433621751380209,-0.25707308763985726,0.4933088514762018,-0.7869463592165054,-0.18995217963971564,0.4056267282774606,-0.6927503527870659,-0.14605855089219522,0.47091206411555214,-0.6433810645007173,-0.27929923441222393,0.6078800166218546,-0.7608091685878483,-0.25646728953448034,0.5585448324361904,-0.6196799153737554,-0.16462304004452538,0.4927712315509781,-0.5209305311635176,-0.10004838893308335,0.0,0.0,0.0,0.0,0.0,0.0,0.0,0.0,0.0,0.0,0.0,0.0,0.0,0.0,0.0,0.0,0.0,0.0,0.0,0.0,0.0,0.0,0.0,0.0,0.0,0.0,0.0,0.0,0.0,0.0,0.0,0.0,0.0,0.0,0.0,0.0,0.0,0.0,0.0,0.0,0.0,0.0,0.0,0.0,0.0,0.0,0.0,0.0,0.0,0.0,0.0,0.0,0.0,0.0,0.0,0.0,0.0,0.0,0.0,0.0,0.0,0.0,0.0
um,0.0,0.0,0.0,-0.05766422251017277,-0.45443986687957444,0.04162137671139506,0.03423330492917786,-0.8501740610942008,0.0055965240505363245,0.21103908296536406,-1.048972744041675,-0.04635180107615016,0.38328579746317304,-1.1130943974575425,-0.09983189569922106,-0.012926227085315234,-1.0890596538715318,-0.10460781599653382,0.09086622048603575,-1.5967823690593304,-0.164778425115186,0.1505860910897871,-1.896448346925644,-0.18900799760394857,0.1875723586611411,-2.135459935374129,-0.2088551876809787,0.1387168344795543,-0.9903320856318713,-0.17314233489418568,0.4184625423354236,-1.1691256867398219,-0.2438608882358299,0.39956025868842443,-0.9757290529171646,-0.2276998658871533,0.3074928631764221,-0.8446282962474856,-0.20918824825544136,0.31098982353536336,-0.8182725926357186,-0.2294058637725552,0.5268680690481101,-0.9552231657814347,-0.2584253340124503,0.48746527538422757,-0.8022226261223098,-0.17801799158055806,0.40376993170902375,-0.7021383130318729,-0.1270459906484413,0.46972860445445996,-0.6345709040933525,-0.2854042334778053,0.6010302698374048,-0.7721571993354241,-0.253507867171865,0.5516147920522999,-0.6346943334123296,-0.1551770447580057,0.48819424160967173,-0.5371993474609893,-0.08781330947170346,0.0,0.0,0.0,0.0,0.0,0.0,0.0,0.0,0.0,0.0,0.0,0.0,0.0,0.0,0.0,0.0,0.0,0.0,0.0,0.0,0.0,0.0,0.0,0.0,0.0,0.0,0.0,0.0,0.0,0.0,0.0,0.0,0.0,0.0,0.0,0.0,0.0,0.0,0.0,0.0,0.0,0.0,0.0,0.0,0.0,0.0,0.0,0.0,0.0,0.0,0.0,0.0,0.0,0.0,0.0,0.0,0.0,0.0,0.0,0.0,0.0,0.0,0.0
um,0.0,0.0,0.0,-0.08790338363028444,-0.4657109949786018,0.05611662542814367,0.0004679459026731068,-0.8335297890294034,0.03243863537770123,0.17977692391025277,-1.010890243203245,-0.00693060733359033,0.35996974593783215,-1.0281468679969075,-0.05136473313496839,-3.0260340317712543e-05,-1.068498910769216,-0.08839471253126244,0.0831224919428084,-1.587721928441577,-0.12367980505398639,0.13478342909865232,-1.8833258728204927,-0.13332562139400075,0.17112549261341875,-2.1188327813284316,-0.14575389115639895,0.18631497303929773,-0.9824900665255428,-0.15077591236569668,0.38650612773468573,-1.1807049789154618,-0.18351524028291688,0.34903486936062356,-0.9998824997265513,-0.15246834293932604,0.2631309679771723,-0.8575976533044993,-0.1291453218109805,0.36579510353171435,-0.8124918321096396,-0.19787142658729687,0.4939712478426748,-0.9416833924003012,-0.18936707567457708,0.44698214410780185,-0.8015872158727486,-0.1078086499417703,0.37164321690151547,-0.693148923220142,-0.06384912826357086,0.5097877225199368,-0.6265752061902842,-0.2439009144100145,0.5671509182052504,-0.7454782507729235,-0.18936094795566275,0.5179427631941991,-0.6243419930748371,-0.09046088100307077,0.4633373738840804,-0.5234525659592482,-0.025507712999688903,0.0,0.0,0.0,0.0,0.0,0.0,0.0,0.0,0.0,0.0,0.0,0.0,0.0,0.0,0.0,0.0,0.0,0.0,0.0,0.0,0.0,0.0,0.0,0.0,0.0,0.0,0.0,0.0,0.0,0.0,0.0,0.0,0.0,0.0,0.0,0.0,0.0,0.0,0.0,0.0,0.0,0.0,0.0,0.0,0.0,0.0,0.0,0.0,0.0,0.0,0.0,0.0,0.0,0.0,0.0,0.0,0.0,0.0,0.0,0.0,0.0,0.0,0.0
um,0.0,0.0,0.0,-0.09347786795239825,-0.469840087282293,0.05159833758238916,-0.006427468022986268,-0.838733457914118,0.03142896765459641,0.16876339735434004,-1.002681924254324,-0.0037002460316781054,0.33574421697842327,-1.006454643388731,-0.042524255736218604,-0.004364299353707574,-1.0753187606872336,-0.07132497713884416,0.07761076502103909,-1.570956827753708,-0.10178994093204431,0.13090190708854546,-1.8607995494344984,-0.10895968954482885,0.16696193940431833,-2.090112286548987,-0.11928995280749716,0.18644893855915726,-0.9824646524482007,-0.13019366563817444,0.36559277573506127,-1.1708733340702515,-0.1653793448834351,0.3247572352539715,-0.9957883879132415,-0.13947885975515278,0.24526699778991987,-0.8522127473910585,-0.11608464216449191,0.3637722000782336,-0.8129276410575814,-0.17522111956703654,0.4722680360466522,-0.9331936910118943,-0.17152889369661148,0.4252565263190672,-0.7983478366323317,-0.09803320764408915,0.35675433927115213,-0.6890807614980445,-0.05488625032110424,0.5072457211727575,-0.6322622244095545,-0.21936575994954832,0.5519471944518735,-0.7494228938148614,-0.1670934818170441,0.5028790469486392,-0.6350821455351965,-0.07374621689429321,0.4512351149979808,-0.536796233692855,-0.010352650694143168,0.0,0.0,0.0,0.0,0.0,0.0,0.0,0.0,0.0,0.0,0.0,0.0,0.0,0.0,0.0,0.0,0.0,0.0,0.0,0.0,0.0,0.0,0.0,0.0,0.0,0.0,0.0,0.0,0.0,0.0,0.0,0.0,0.0,0.0,0.0,0.0,0.0,0.0,0.0,0.0,0.0,0.0,0.0,0.0,0.0,0.0,0.0,0.0,0.0,0.0,0.0,0.0,0.0,0.0,0.0,0.0,0.0,0.0,0.0,0.0,0.0,0.0,0.0
um,0.0,0.0,0.0,-0.13281289183217754,-0.4585677981648313,0.023567281084406574,-0.07579312000116563,-0.8382581630419886,0.0002475975000315991,0.10627152316019947,-1.002758964332339,-0.03131238578090881,0.2880556976037109,-0.9875936716767543,-0.0663008489290258,-0.016112386162911992,-1.0670681542522198,-0.0907603016186292,0.05935644940653785,-1.5858758180984078,-0.12234026673228038,0.10451407969210352,-1.8850524012971175,-0.12942683401536903,0.1384222661892509,-2.1179002994345595,-0.13918184899170435,0.20154108909159746,-0.9794800607504844,-0.12578826398578888,0.2803467801664643,-1.2147937965210733,-0.15631833718651314,0.2183870273431791,-1.0633594670431763,-0.1272234242206387,0.16281582227210326,-0.9044608177394824,-0.10249895567655265,0.38105105946368856,-0.8205869485974435,-0.14960908609458637,0.3925247578535495,-1.0004376944803688,-0.15444274777568184,0.3307057208805523,-0.884031380032749,-0.09208563668332807,0.28139570909666894,-0.7511583017804312,-0.0527034877511204,0.5192743493479558,-0.6587543316847518,-0.17347274588791872,0.49898069220505875,-0.8225885081856285,-0.14302869412817992,0.4421083771033905,-0.7371635146237345,-0.06784369019280909,0.4066326954801099,-0.6281124622086169,-0.01265042950865534,0.0,0.0,0.0,0.0,0.0,0.0,0.0,0.0,0.0,0.0,0.0,0.0,0.0,0.0,0.0,0.0,0.0,0.0,0.0,0.0,0.0,0.0,0.0,0.0,0.0,0.0,0.0,0.0,0.0,0.0,0.0,0.0,0.0,0.0,0.0,0.0,0.0,0.0,0.0,0.0,0.0,0.0,0.0,0.0,0.0,0.0,0.0,0.0,0.0,0.0,0.0,0.0,0.0,0.0,0.0,0.0,0.0,0.0,0.0,0.0,0.0,0.0,0.0
um,0.0,0.0,0.0,-0.13130613433149488,-0.47288983378527416,0.030114342706390095,-0.0674401146363084,-0.8490726608520037,0.008881969514728765,0.11396043996080697,-1.0128718156271943,-0.02131803894353157,0.28581244954722873,-0.9987859743124297,-0.05551883688817317,-0.007761979321482166,-1.0705824763560792,-0.08347514819881757,0.06187770806587998,-1.5798048870497348,-0.11738176028889097,0.1096286234022894,-1.880279388405707,-0.12748087599237076,0.14446237853243674,-2.1146068762673766,-0.13899632347365337,0.21133953166187705,-0.9774127083054212,-0.12182751060872711,0.2937035462703717,-1.2235080669641671,-0.15176675114766427,0.2336507055109869,-1.0733676543374266,-0.12044319470716401,0.17787174710284462,-0.9159822137771966,-0.09417156738598312,0.3930056682278936,-0.8136976243757149,-0.14924010908298188,0.40819225948088417,-1.0032583505796582,-0.15117477737015714,0.3472064491382302,-0.8908211828005715,-0.08579926142871205,0.2962569874226189,-0.7598245929861179,-0.045340279956864175,0.5350267402171747,-0.6442276622264627,-0.1763031977716892,0.5065573167136663,-0.8068336854896646,-0.13919844580542765,0.4466143221019631,-0.7188416216018748,-0.060087305951122334,0.40987174926517356,-0.6099708402623184,-0.0038008991039100376,0.0,0.0,0.0,0.0,0.0,0.0,0.0,0.0,0.0,0.0,0.0,0.0,0.0,0.0,0.0,0.0,0.0,0.0,0.0,0.0,0.0,0.0,0.0,0.0,0.0,0.0,0.0,0.0,0.0,0.0,0.0,0.0,0.0,0.0,0.0,0.0,0.0,0.0,0.0,0.0,0.0,0.0,0.0,0.0,0.0,0.0,0.0,0.0,0.0,0.0,0.0,0.0,0.0,0.0,0.0,0.0,0.0,0.0,0.0,0.0,0.0,0.0,0.0
um,0.0,0.0,0.0,-0.16297754239454804,-0.4516076037503968,0.02414452144647148,-0.12825524251816325,-0.8288564085173461,-0.000822360428297053,0.05492141204620851,-0.9917419009956803,-0.03207711659361184,0.23483053810328414,-0.9717777839823285,-0.06916785640041083,-0.018430804057159328,-1.0545425910551602,-0.11192295735634496,0.031606726786330586,-1.6019575983400278,-0.15220674331636078,0.07745111607615135,-1.9065368905488622,-0.16238571680583683,0.1153465811197982,-2.139454835948591,-0.17077373498104026,0.215908314123057,-0.976413641799693,-0.1395851899899962,0.24810435518779397,-1.2671508669782898,-0.16920973871944317,0.17541146487318035,-1.1239606473135717,-0.13105571812410294,0.12409327130649248,-0.9549871974136841,-0.09824113297538938,0.3966479593315809,-0.8283033784651722,-0.15575179136271847,0.3646218940380538,-1.0431646856708705,-0.16491511091555675,0.29495605791258495,-0.9370194433980081,-0.10673069067043756,0.24951870945596927,-0.7911595326447903,-0.06684873273008458,0.5307459363463575,-0.676168244720114,-0.1698962928977653,0.48267104121642795,-0.8555937434396215,-0.14420034875212742,0.4164248107746457,-0.7733427599731689,-0.07556278385505255,0.3792998376222707,-0.6562737739396648,-0.023053582250632518,0.0,0.0,0.0,0.0,0.0,0.0,0.0,0.0,0.0,0.0,0.0,0.0,0.0,0.0,0.0,0.0,0.0,0.0,0.0,0.0,0.0,0.0,0.0,0.0,0.0,0.0,0.0,0.0,0.0,0.0,0.0,0.0,0.0,0.0,0.0,0.0,0.0,0.0,0.0,0.0,0.0,0.0,0.0,0.0,0.0,0.0,0.0,0.0,0.0,0.0,0.0,0.0,0.0,0.0,0.0,0.0,0.0,0.0,0.0,0.0,0.0,0.0,0.0
um,0.0,0.0,0.0,-0.16460930047298447,-0.4528325098786738,0.026016686399888064,-0.12853725791792298,-0.8344476597385575,0.004226095287239737,0.0525117798627713,-1.003311360005832,-0.02229962378182277,0.23072052717604222,-0.9901445474581837,-0.054744720779237206,-0.014965634724930389,-1.059173616886308,-0.11123459765516155,0.03473255898554939,-1.6070015455022062,-0.14781140054121944,0.08142231039953368,-1.9101008874990049,-0.15608986016959875,0.11868495082193393,-2.142341121887321,-0.1637828520762151,0.2206694619354647,-0.9753486497499817,-0.1368958288248159,0.24453385241240733,-1.261906192741512,-0.1593659095784056,0.17048059167662652,-1.1159684518586936,-0.1166978173537426,0.1201928300955422,-0.9491428151672792,-0.08316997812364249,0.4008796915709906,-0.822926028103049,-0.15094830400662534,0.36165336945506077,-1.037620917762193,-0.1548023524645841,0.2912129952628461,-0.9300698372875518,-0.09457292645448542,0.24538924405921003,-0.7865776751457559,-0.05564893315741389,0.5346589211930334,-0.6687499450333049,-0.1625314836013246,0.477321220417146,-0.8480580809549255,-0.13478283464782087,0.41210391761468845,-0.7645918539789547,-0.06570603430483629,0.3758306781647981,-0.6500391215642694,-0.014066658277067738,0.0,0.0,0.0,0.0,0.0,0.0,0.0,0.0,0.0,0.0,0.0,0.0,0.0,0.0,0.0,0.0,0.0,0.0,0.0,0.0,0.0,0.0,0.0,0.0,0.0,0.0,0.0,0.0,0.0,0.0,0.0,0.0,0.0,0.0,0.0,0.0,0.0,0.0,0.0,0.0,0.0,0.0,0.0,0.0,0.0,0.0,0.0,0.0,0.0,0.0,0.0,0.0,0.0,0.0,0.0,0.0,0.0,0.0,0.0,0.0,0.0,0.0,0.0
um,0.0,0.0,0.0,-0.16573354501161933,-0.4572158529206323,0.019484876712501386,-0.12983443016624147,-0.8385236405583093,-0.005611283201183673,0.049726935607549975,-1.0110327384029374,-0.03492780701823044,0.22640653397723565,-1.0037429373563873,-0.06942528880033227,-0.021442673551580315,-1.0597323982057962,-0.11380578389973815,0.032096631971359355,-1.6032142738992228,-0.1525735292007332,0.0768210908318016,-1.9082714896108879,-0.1618254959994087,0.11272545435346293,-2.1444679034169556,-0.17032038701753272,0.21512163584328733,-0.9765872627636037,-0.13908826085495726,0.2437607328284677,-1.2582507620931058,-0.1668666207029875,0.17214510824748122,-1.1125479967128122,-0.12774012685223898,0.12187694867153763,-0.9465294363727763,-0.09557761941618806,0.39714121305133204,-0.8268029802305934,-0.15341392771728485,0.35483090115680976,-1.0265509991151058,-0.15906241886509698,0.28729618341734425,-0.9183032759426424,-0.09965523820614189,0.24274737211903968,-0.7772596262307259,-0.06113255573691145,0.5320252359889934,-0.6759826334116731,-0.1665283252071817,0.46920468398776194,-0.8440337741580443,-0.13882425548945448,0.40622935706728763,-0.7559602537479083,-0.06965048600267512,0.37177033251940816,-0.6408785099298828,-0.017866500324285172,0.0,0.0,0.0,0.0,0.0,0.0,0.0,0.0,0.0,0.0,0.0,0.0,0.0,0.0,0.0,0.0,0.0,0.0,0.0,0.0,0.0,0.0,0.0,0.0,0.0,0.0,0.0,0.0,0.0,0.0,0.0,0.0,0.0,0.0,0.0,0.0,0.0,0.0,0.0,0.0,0.0,0.0,0.0,0.0,0.0,0.0,0.0,0.0,0.0,0.0,0.0,0.0,0.0,0.0,0.0,0.0,0.0,0.0,0.0,0.0,0.0,0.0,0.0
um,0.0,0.0,0.0,-0.18108875436181673,-0.45050301386653907,0.010240668028569284,-0.15962274427766418,-0.8311581170524331,-0.019995303612756716,0.026354501659663736,-0.9849000169556203,-0.05355499329013191,0.20368462515185562,-0.9576331515547464,-0.09261563846985817,-0.023330426793703625,-1.0537348143184926,-0.13200714296925256,0.017714584335760664,-1.6117431218086637,-0.1763935748657615,0.06291682829594071,-1.9169290985452199,-0.18901412322473612,0.09888943407740519,-2.150564924179671,-0.19910184249401697,0.21830027463325277,-0.9758816475859389,-0.15457691045990934,0.22780517286720695,-1.2548829925549505,-0.18721494949855294,0.15910141101421532,-1.1151410095694902,-0.1504319812896041,0.11502304384567728,-0.9558333366948941,-0.12010090147556235,0.3980985795701775,-0.8334105112222739,-0.16670523607702678,0.34280464741800354,-1.029891236348164,-0.18305686182294517,0.2748243285850801,-0.9284800098392247,-0.13097627635488257,0.23088469053045113,-0.7899511738762757,-0.09495150213737229,0.527312781348002,-0.6926471107115182,-0.17761224784989638,0.45996248320051597,-0.8593225695899548,-0.16060724583488284,0.3945073761786947,-0.7777816019931171,-0.09742223285169392,0.3569748005899462,-0.6649718736936443,-0.04792893848874647,0.0,0.0,0.0,0.0,0.0,0.0,0.0,0.0,0.0,0.0,0.0,0.0,0.0,0.0,0.0,0.0,0.0,0.0,0.0,0.0,0.0,0.0,0.0,0.0,0.0,0.0,0.0,0.0,0.0,0.0,0.0,0.0,0.0,0.0,0.0,0.0,0.0,0.0,0.0,0.0,0.0,0.0,0.0,0.0,0.0,0.0,0.0,0.0,0.0,0.0,0.0,0.0,0.0,0.0,0.0,0.0,0.0,0.0,0.0,0.0,0.0,0.0,0.0
um,0.0,0.0,0.0,-0.18331784479763027,-0.441218245542076,0.016731956758832264,-0.16850244821248203,-0.8210488611399482,-0.012667310221444128,0.011756082189040113,-0.9819940831873059,-0.045428337827369276,0.18945224579230752,-0.9572129958331052,-0.08443110000083513,-0.03169744457401508,-1.0523570820944754,-0.13629515372622142,0.010332024815275748,-1.6168042847863764,-0.17868233173851455,0.055179296750490554,-1.9223483196742406,-0.1884184014193946,0.09113104649769836,-2.1558055032140797,-0.19723192047663754,0.20934518258691395,-0.9778418044487828,-0.16017682507406678,0.23209116294231813,-1.2633842222094576,-0.1881219795088848,0.16483738266560594,-1.1154370200746124,-0.14631629364455093,0.11962858227710527,-0.9537928923057015,-0.11422278041801288,0.389788543486026,-0.8363077276989805,-0.17222695718223097,0.3423134747564096,-1.0318537117764954,-0.18017443754047494,0.27858773901769357,-0.9279491528106905,-0.12291280959905358,0.23679522232631298,-0.7905542934442482,-0.08697248853761341,0.5192593497597937,-0.6960457776539236,-0.1827425648892379,0.46057418813101786,-0.8629506742655703,-0.15966835637519697,0.39760539489009833,-0.7791325080151824,-0.09415269899400802,0.35913194105410556,-0.6659745950180364,-0.045260130522656365,0.0,0.0,0.0,0.0,0.0,0.0,0.0,0.0,0.0,0.0,0.0,0.0,0.0,0.0,0.0,0.0,0.0,0.0,0.0,0.0,0.0,0.0,0.0,0.0,0.0,0.0,0.0,0.0,0.0,0.0,0.0,0.0,0.0,0.0,0.0,0.0,0.0,0.0,0.0,0.0,0.0,0.0,0.0,0.0,0.0,0.0,0.0,0.0,0.0,0.0,0.0,0.0,0.0,0.0,0.0,0.0,0.0,0.0,0.0,0.0,0.0,0.0,0.0
um,0.0,0.0,0.0,-0.18123092523306347,-0.4398277204108871,0.015798767465247582,-0.16891310576104385,-0.8125032996953675,-0.011555522366708539,0.008626991466659413,-0.9662481976244113,-0.042957090424690286,0.18199102065547942,-0.9403104450121562,-0.08073388633912452,-0.022064013290785802,-1.0464407678147825,-0.12470642151274708,0.008156403875014255,-1.5939629591987616,-0.16639332838302043,0.048466492517934896,-1.8951603859960682,-0.17914371541260413,0.08342367783181244,-2.126338677206193,-0.19082748098827826,0.21784981955957697,-0.9759823031786282,-0.14848950965241683,0.22832729233173257,-1.2368052926924338,-0.17383241891331014,0.16165648392101487,-1.0895826850579717,-0.13554039887986416,0.11980398156308082,-0.9309131014137663,-0.10713449585363816,0.39450002515056254,-0.836974342875645,-0.16161997491912908,0.3356438524080571,-1.0051289405621429,-0.16909206396956464,0.2736736694554514,-0.901368406025902,-0.11671188896308288,0.23492699636090247,-0.7659143955004029,-0.08473226299431769,0.5176318204714787,-0.6983373335595372,-0.17374155851070688,0.45123647796806543,-0.8473734250837538,-0.1539889679261595,0.3901013620988176,-0.7600497556387742,-0.09272897814730328,0.3535422985766388,-0.6460657239895945,-0.04658435201618489,0.0,0.0,0.0,0.0,0.0,0.0,0.0,0.0,0.0,0.0,0.0,0.0,0.0,0.0,0.0,0.0,0.0,0.0,0.0,0.0,0.0,0.0,0.0,0.0,0.0,0.0,0.0,0.0,0.0,0.0,0.0,0.0,0.0,0.0,0.0,0.0,0.0,0.0,0.0,0.0,0.0,0.0,0.0,0.0,0.0,0.0,0.0,0.0,0.0,0.0,0.0,0.0,0.0,0.0,0.0,0.0,0.0,0.0,0.0,0.0,0.0,0.0,0.0
um,0.0,0.0,0.0,-0.18362124207828098,-0.4390521849007766,0.011743046678992694,-0.16823655837367915,-0.8180564278183019,-0.017174350407840436,0.014658606944828465,-0.9730448365432095,-0.04885263778998656,0.1895430840243612,-0.9466228812453198,-0.08653785805963368,-0.024735764911012835,-1.048157954219394,-0.13049474899206917,0.011741216340006497,-1.5991944568876422,-0.17480591262104403,0.052283885072074085,-1.9006241599036144,-0.18891727191710764,0.08654032843870736,-2.1339944990394693,-0.20116928227940417,0.217330498934307,-0.9760980761342404,-0.15314866792923365,0.22696428298150548,-1.2611743002001268,-0.18361660893688186,0.15709779743875912,-1.114389898568556,-0.1464036771136352,0.11229636692391168,-0.9511620226188979,-0.11631615300717424,0.3943935731221055,-0.835457325684558,-0.1652282839716101,0.337010521152748,-1.0297384946473596,-0.17904497263253413,0.27276397733380486,-0.9221226205174198,-0.127606215597639,0.23202260958950563,-0.780244922862977,-0.09336255774821586,0.51743753904855,-0.69332040224185,-0.17610653521695502,0.45042620546617895,-0.8574898058186983,-0.16134429909497802,0.3875556370224008,-0.7711827805894297,-0.10179039927883175,0.35089890958800884,-0.6542631461870688,-0.055470709611522034,0.0,0.0,0.0,0.0,0.0,0.0,0.0,0.0,0.0,0.0,0.0,0.0,0.0,0.0,0.0,0.0,0.0,0.0,0.0,0.0,0.0,0.0,0.0,0.0,0.0,0.0,0.0,0.0,0.0,0.0,0.0,0.0,0.0,0.0,0.0,0.0,0.0,0.0,0.0,0.0,0.0,0.0,0.0,0.0,0.0,0.0,0.0,0.0,0.0,0.0,0.0,0.0,0.0,0.0,0.0,0.0,0.0,0.0,0.0,0.0,0.0,0.0,0.0
um,0.0,0.0,0.0,-0.1835903686870647,-0.4392444384429468,0.012059940282294894,-0.17008684122343165,-0.8168539208471327,-0.01646509619836042,0.010250456039889328,-0.9736394746883068,-0.04796173772968694,0.18475370740289204,-0.9499445135166904,-0.08557321466404123,-0.023909421197485854,-1.0483226430588548,-0.12817307151493817,0.008700478280272286,-1.597317702387293,-0.17153481135517384,0.049460103139958814,-1.897972695337834,-0.18520721845171376,0.08440193462550409,-2.130924430013346,-0.19737849701675134,0.21791888115845687,-0.9759668853166311,-0.15086130783434828,0.22690677253322766,-1.2584323686884307,-0.17999292231133857,0.15868868799666727,-1.110231081455391,-0.14277558441170712,0.11515354714406195,-0.9474438240754414,-0.11332835168083313,0.3951202962657314,-0.8360898242728941,-0.16310329405321417,0.3347817541383374,-1.0239871123968638,-0.17426719094402887,0.27220072999685224,-0.91695310737183,-0.12221849877458268,0.2329523456727368,-0.7775127871443079,-0.08876370469704513,0.5175054843618887,-0.6959018878412301,-0.17446605526573786,0.4486913109329117,-0.8568659295026773,-0.1577043240016736,0.3867823837385957,-0.7690568299533603,-0.09760923371846102,0.3505093114998757,-0.6530939558854618,-0.05156704523473711,0.0,0.0,0.0,0.0,0.0,0.0,0.0,0.0,0.0,0.0,0.0,0.0,0.0,0.0,0.0,0.0,0.0,0.0,0.0,0.0,0.0,0.0,0.0,0.0,0.0,0.0,0.0,0.0,0.0,0.0,0.0,0.0,0.0,0.0,0.0,0.0,0.0,0.0,0.0,0.0,0.0,0.0,0.0,0.0,0.0,0.0,0.0,0.0,0.0,0.0,0.0,0.0,0.0,0.0,0.0,0.0,0.0,0.0,0.0,0.0,0.0,0.0,0.0
um,0.0,0.0,0.0,-0.18856515975900556,-0.4284389657360302,0.017059349909026588,-0.1843450996512379,-0.8132228136799563,-0.009284568260889038,-0.009250203200843252,-0.9800086078206606,-0.03758764950233268,0.16438836020556064,-0.9565324271241651,-0.07315338031760754,-0.033687222236414745,-1.0407568398686742,-0.14117847188027147,0.005153774592029146,-1.5915879623527973,-0.18680087135865023,0.04709052352845239,-1.897307226576122,-0.20441278988220568,0.08048265275512194,-2.1335443775011655,-0.2200337084826034,0.21199145193682445,-0.9772715202571479,-0.1619155367785751,0.21702522768902696,-1.2422723083265876,-0.1810191310922105,0.15054913981829005,-1.0992719552627193,-0.1369528568312555,0.10956136253446143,-0.9442792257117171,-0.10741761261613768,0.38963647509433186,-0.841517837796977,-0.1709240167866798,0.32818423370751715,-1.0231185845664483,-0.17207428316314605,0.2657638886633726,-0.9255056433436846,-0.11652252458798297,0.22447108910151847,-0.7872333172221677,-0.08482708935087012,0.512296237731443,-0.7021503860373249,-0.1784001049503234,0.44287902794289685,-0.8546232610406055,-0.15597123501620475,0.38188704446746563,-0.7745381422826084,-0.09502534090344657,0.34465579998680695,-0.6604905668150122,-0.05037856771400635,0.0,0.0,0.0,0.0,0.0,0.0,0.0,0.0,0.0,0.0,0.0,0.0,0.0,0.0,0.0,0.0,0.0,0.0,0.0,0.0,0.0,0.0,0.0,0.0,0.0,0.0,0.0,0.0,0.0,0.0,0.0,0.0,0.0,0.0,0.0,0.0,0.0,0.0,0.0,0.0,0.0,0.0,0.0,0.0,0.0,0.0,0.0,0.0,0.0,0.0,0.0,0.0,0.0,0.0,0.0,0.0,0.0,0.0,0.0,0.0,0.0,0.0,0.0
dois,0.0,0.0,0.0,-0.0927579641272899,-0.4927888477408849,-0.026360557337213923,0.030576010503183843,-0.9391283662822711,-0.10327296513898157,0.2967355925199553,-1.15125966300206,-0.18028263119088628,0.5135044644951854,-1.241569378305507,-0.253402212960837,-0.02990960829407869,-1.1061369600291995,-0.22941912269058506,0.04499001226750753,-1.7013425319394992,-0.3479278243932572,0.08802448648903793,-2.060373812973863,-0.3966669458441217,0.12099075506335473,-2.343182919209902,-0.4187830111936735,0.18636416587472396,-0.9824807365428689,-0.28723165563549047,0.46300125873035286,-1.5918196237413018,-0.4032761013816107,0.6149227086585011,-1.9374376296325582,-0.4424341114253344,0.7244209040904107,-2.20236410077694,-0.4556600399296937,0.3930502292044794,-0.7861383700390596,-0.33129388606636456,0.6233483578282364,-1.1235150896136263,-0.4444225062173989,0.5327974122265923,-0.964562576849673,-0.4008252900124001,0.42465490860439825,-0.8119028330286728,-0.3357564710662018,0.5735983297814063,-0.5741483292447576,-0.3743898262733639,0.6568674341348008,-0.8468337665228799,-0.41595073159825424,0.5649293441118018,-0.7225543881684481,-0.32878315325957796,0.49127027633518067,-0.5983440932288666,-0.24427691869893592,0.0,0.0,0.0,0.0,0.0,0.0,0.0,0.0,0.0,0.0,0.0,0.0,0.0,0.0,0.0,0.0,0.0,0.0,0.0,0.0,0.0,0.0,0.0,0.0,0.0,0.0,0.0,0.0,0.0,0.0,0.0,0.0,0.0,0.0,0.0,0.0,0.0,0.0,0.0,0.0,0.0,0.0,0.0,0.0,0.0,0.0,0.0,0.0,0.0,0.0,0.0,0.0,0.0,0.0,0.0,0.0,0.0,0.0,0.0,0.0,0.0,0.0,0.0
dois,0.0,0.0,0.0,-0.084317841691229,-0.4917028497675527,-0.024904369332569103,0.04662496759251031,-0.9269313299608999,-0.10595801686278677,0.31691249860624315,-1.108866935583431,-0.18867846747305841,0.5323359588775218,-1.1712481160989898,-0.2694603735726363,-0.022045807855382633,-1.1053417360178814,-0.2309982535711052,0.06201142687273338,-1.7021867452759065,-0.35871831098055806,0.1043949460849447,-2.063641597550084,-0.4185713937870152,0.13488189754231902,-2.3492959722661713,-0.44611737464896895,0.1914396333224666,-0.9815043895945446,-0.29112574430081867,0.4694238967580733,-1.5933820771748033,-0.4122509043195377,0.6252681217010692,-1.967489957953198,-0.45777645380032395,0.7422353921984283,-2.2568997350522513,-0.47433361280113334,0.39717201734770474,-0.7859070944315325,-0.3374223786448425,0.6236244763869411,-1.1187770057452489,-0.44765197836683757,0.5276143491732507,-0.9638708257581893,-0.4025140817436819,0.4171834095555602,-0.8091033559289155,-0.3353844251877354,0.5756683116134972,-0.5773640783202479,-0.38391893425794793,0.6599048887678415,-0.8570861418437526,-0.4204358544634369,0.567909229676255,-0.7373372422933387,-0.32780153317313543,0.4950695834861773,-0.611153872756903,-0.2387996841398533,0.0,0.0,0.0,0.0,0.0,0.0,0.0,0.0,0.0,0.0,0.0,0.0,0.0,0.0,0.0,0.0,0.0,0.0,0.0,0.0,0.0,0.0,0.0,0.0,0.0,0.0,0.0,0.0,0.0,0.0,0.0,0.0,0.0,0.0,0.0,0.0,0.0,0.0,0.0,0.0,0.0,0.0,0.0,0.0,0.0,0.0,0.0,0.0,0.0,0.0,0.0,0.0,0.0,0.0,0.0,0.0,0.0,0.0,0.0,0.0,0.0,0.0,0.0
dois,0.0,0.0,0.0,-0.0747289091205012,-0.47257285568193674,0.010475759028303559,0.04544987358518199,-0.8597286513758058,-0.05862748937688497,0.2865870468616238,-1.0359543822268573,-0.1350081552123751,0.49156279838071093,-1.0709476571353123,-0.21185772588515894,-0.005947922003914253,-1.0815814817844416,-0.20545695224177052,0.05499943745799878,-1.6434798226745242,-0.3142152120628281,0.08342057146049463,-1.9866212618444201,-0.36346672256615997,0.10112745670617462,-2.262901506587508,-0.38570322271467533,0.19399586353241216,-0.981002347057495,-0.2731441248904449,0.46799999950597015,-1.5442231585395383,-0.36709878978043736,0.6244387368161738,-1.8857898031372313,-0.40265177120654305,0.7314785638097853,-2.1482204572961887,-0.4167564486852118,0.38530657382705996,-0.8034379010099503,-0.3218770064211946,0.6238842898221219,-1.0706890749877502,-0.39200323320658714,0.5430118576808326,-0.9250008039133207,-0.33239821734668795,0.4417366017039093,-0.787847075233404,-0.2652589172875671,0.5488762930696484,-0.5940332311632562,-0.3691123218275202,0.6624613641649927,-0.8112946971989577,-0.36646182152688406,0.5802371678825856,-0.690822579544212,-0.257963175785234,0.5091109658509563,-0.5686173489993175,-0.16359550514024618,0.0,0.0,0.0,0.0,0.0,0.0,0.0,0.0,0.0,0.0,0.0,0.0,0.0,0.0,0.0,0.0,0.0,0.0,0.0,0.0,0.0,0.0,0.0,0.0,0.0,0.0,0.0,0.0,0.0,0.0,0.0,0.0,0.0,0.0,0.0,0.0,0.0,0.0,0.0,0.0,0.0,0.0,0.0,0.0,0.0,0.0,0.0,0.0,0.0,0.0,0.0,0.0,0.0,0.0,0.0,0.0,0.0,0.0,0.0,0.0,0.0,0.0,0.0
dois,0.0,0.0,0.0,-0.07742268424850576,-0.4695388584040676,0.0215797563471654,0.015954169587185766,-0.870435495496154,-0.03668858552136378,0.2213495992316687,-1.0946867758030723,-0.10279947510490217,0.397251175267735,-1.194000558514815,-0.16803964280900768,-0.027723863752727503,-1.0858481658517714,-0.1988024627180712,0.01687331434910537,-1.654680897218758,-0.30921222204348037,0.037701153113573346,-2.0002613957413233,-0.35608445154318186,0.05005310854272675,-2.2719519378314943,-0.37465741236388733,0.17094866342141304,-0.9852799371114955,-0.26742788929987754,0.4519545946135234,-1.5506635352369023,-0.36436252295351146,0.6142939398267109,-1.8865367786078329,-0.39827762636403646,0.7212607135399367,-2.1376856021649755,-0.4098486515624254,0.3602139002026863,-0.8117397100269739,-0.3165509752377843,0.5991972079653554,-1.0996154275317416,-0.38511154680169235,0.5332244752274415,-0.9635933420947851,-0.3221978942294802,0.4408507562861245,-0.8331633908770988,-0.2543332738690727,0.5195992188420613,-0.6085038947929746,-0.3630772234069339,0.6354725066168144,-0.8275762670581946,-0.35695982122821757,0.5563949398684015,-0.7164614092523005,-0.24802951446357713,0.4847070543969624,-0.5998751942464902,-0.1537547935859423,0.0,0.0,0.0,0.0,0.0,0.0,0.0,0.0,0.0,0.0,0.0,0.0,0.0,0.0,0.0,0.0,0.0,0.0,0.0,0.0,0.0,0.0,0.0,0.0,0.0,0.0,0.0,0.0,0.0,0.0,0.0,0.0,0.0,0.0,0.0,0.0,0.0,0.0,0.0,0.0,0.0,0.0,0.0,0.0,0.0,0.0,0.0,0.0,0.0,0.0,0.0,0.0,0.0,0.0,0.0,0.0,0.0,0.0,0.0,0.0,0.0,0.0,0.0
dois,0.0,0.0,0.0,-0.07596635059268905,-0.47218370204824045,0.01188016618573891,0.014856061256926576,-0.8900820741300486,-0.0506879622875834,0.22217509837294472,-1.125122160360849,-0.1183663708752324,0.40180742210955656,-1.240378440457855,-0.1841438082569938,-0.029794235493415127,-1.0904923088019811,-0.2049961465566906,0.014180924878777632,-1.6683471643232535,-0.3098192206743599,0.03415500697041226,-2.0150221752428576,-0.35242301443732027,0.05436518051381827,-2.2891340658993653,-0.3692882485507252,0.17323882349165748,-0.9848798454812782,-0.2706915707720743,0.44930492321119303,-1.5650731242827505,-0.3618188287218668,0.6133260656810977,-1.8996057947983425,-0.38870061531256045,0.7291882783485182,-2.1479721388823987,-0.3967444932877386,0.36410106204415027,-0.8088394655345815,-0.31804865135902627,0.6058865232653863,-1.1165403558647804,-0.38876595967717137,0.5245944073305397,-0.9768133431843407,-0.32802138584843693,0.4209180536154568,-0.8357860974239649,-0.2626836255432199,0.5197373647015384,-0.6113099724438459,-0.3633762138354472,0.6305162915223638,-0.8319013682936343,-0.36717081166041593,0.5459994112313322,-0.7160701642554487,-0.26442049139758117,0.4724485396970708,-0.5968716626339939,-0.17429577370575103,0.0,0.0,0.0,0.0,0.0,0.0,0.0,0.0,0.0,0.0,0.0,0.0,0.0,0.0,0.0,0.0,0.0,0.0,0.0,0.0,0.0,0.0,0.0,0.0,0.0,0.0,0.0,0.0,0.0,0.0,0.0,0.0,0.0,0.0,0.0,0.0,0.0,0.0,0.0,0.0,0.0,0.0,0.0,0.0,0.0,0.0,0.0,0.0,0.0,0.0,0.0,0.0,0.0,0.0,0.0,0.0,0.0,0.0,0.0,0.0,0.0,0.0,0.0
dois,0.0,0.0,0.0,-0.07502458695033314,-0.47275289587645436,0.010611227488983015,0.01391931365818775,-0.8977890425768229,-0.05126329999627071,0.22032073312647868,-1.1391661219297118,-0.11828917832063493,0.39781873577352006,-1.2595649211454079,-0.18262191086908192,-0.0324668499393827,-1.092647929784238,-0.2031487383448584,0.011403949104211405,-1.6751121346400293,-0.3090217219406708,0.032725690101685634,-2.0226500653041186,-0.3515178924479003,0.05193751591569523,-2.2978215035218135,-0.3672468800780339,0.16943824168627863,-0.9855408069959672,-0.267791243041033,0.4489694311028247,-1.5695973804781431,-0.3603257148544711,0.6158667586377111,-1.9023628282048881,-0.3867614218027885,0.7314896558819852,-2.151419634977918,-0.39314199901296276,0.36022899090095123,-0.8113663922934109,-0.3147622549820705,0.6010285958452294,-1.1118853051956634,-0.3888582277687308,0.5218289906490892,-0.9684782240179892,-0.3302732349871326,0.41796680050016954,-0.8277820755169202,-0.2644274077922416,0.5174245610966416,-0.6166268257189541,-0.3596726952356999,0.6349751821543252,-0.8350609016624247,-0.3643562641724812,0.5522885250972482,-0.7141687678118072,-0.2619077292355602,0.4770258319511016,-0.5927685848984369,-0.17121381497157262,0.0,0.0,0.0,0.0,0.0,0.0,0.0,0.0,0.0,0.0,0.0,0.0,0.0,0.0,0.0,0.0,0.0,0.0,0.0,0.0,0.0,0.0,0.0,0.0,0.0,0.0,0.0,0.0,0.0,0.0,0.0,0.0,0.0,0.0,0.0,0.0,0.0,0.0,0.0,0.0,0.0,0.0,0.0,0.0,0.0,0.0,0.0,0.0,0.0,0.0,0.0,0.0,0.0,0.0,0.0,0.0,0.0,0.0,0.0,0.0,0.0,0.0,0.0
dois,0.0,0.0,0.0,-0.07539605509989887,-0.46781100091221933,0.028924558084679194,0.01585434412797846,-0.8624106732613339,-0.028489299918710357,0.22110675161976978,-1.0766561096853304,-0.09425206545537107,0.4033010657530373,-1.1625754010359977,-0.1596720835369873,-0.019848800021609048,-1.0806220402637785,-0.188978767669899,0.012866480178325996,-1.6418957804877867,-0.28625585611929677,0.026916826063020673,-1.9806001628628676,-0.3265966108430762,0.037964849961600475,-2.248127631733461,-0.3439962390258386,0.1794390812928212,-0.9837690867804235,-0.25871967903484544,0.4440776781751264,-1.549673827260151,-0.33966146570187306,0.6020433190067371,-1.8762232993055021,-0.36293063336749004,0.7120411024334649,-2.1150053261320307,-0.3708421751217902,0.3646543435312498,-0.8119773950081566,-0.3083259510897434,0.5931864040214079,-1.1119730549330165,-0.3578684645063679,0.517905752708047,-0.9776763920636118,-0.28849786122847243,0.42082824377549183,-0.8390905117103562,-0.22296570381562317,0.5184672715836278,-0.60882036078277,-0.355998656146664,0.6194362066184462,-0.8213050428202893,-0.34184954624262126,0.5415407347466793,-0.7123122883065708,-0.23471181642069244,0.47404228437494106,-0.597576697507915,-0.14474871972986594,0.0,0.0,0.0,0.0,0.0,0.0,0.0,0.0,0.0,0.0,0.0,0.0,0.0,0.0,0.0,0.0,0.0,0.0,0.0,0.0,0.0,0.0,0.0,0.0,0.0,0.0,0.0,0.0,0.0,0.0,0.0,0.0,0.0,0.0,0.0,0.0,0.0,0.0,0.0,0.0,0.0,0.0,0.0,0.0,0.0,0.0,0.0,0.0,0.0,0.0,0.0,0.0,0.0,0.0,0.0,0.0,0.0,0.0,0.0,0.0,0.0,0.0,0.0
dois,0.0,0.0,0.0,-0.07293974605682874,-0.47415415008564993,0.02574663691950041,0.02341887147382858,-0.8695170753348586,-0.03063610769515548,0.24261164136987823,-1.0595956190597786,-0.09793149850854198,0.43665120206112723,-1.1103124948077723,-0.16398332213725145,-0.022965658162687058,-1.0818193963134901,-0.1657779069207338,0.014282308787985858,-1.6432493701187756,-0.25974042467401554,0.027343740208651372,-1.9793393016551066,-0.30140976409306136,0.04062633661562866,-2.2461810119090644,-0.3199507297213098,0.17445071743087223,-0.9846659063803591,-0.23599330393667153,0.4338295669867876,-1.5447193969902278,-0.31470324383855663,0.5891289772784165,-1.8733690118868753,-0.3432123110408428,0.701666584460925,-2.1173354993386884,-0.3553690649472014,0.361267757816351,-0.81699149237602,-0.28885317705972086,0.593006296189,-1.1191539117180918,-0.3471606631697892,0.51539319274713,-0.982973806367921,-0.29254881547700873,0.41699731789675015,-0.841720510505727,-0.23417925222923291,0.5182464413285933,-0.6258430128239396,-0.3397131233619821,0.6230419783546518,-0.8445315213686563,-0.3329997230408119,0.5442310598580352,-0.7333802442116522,-0.2344387680274652,0.4765343621322425,-0.6160347926752731,-0.1500821893245024,0.0,0.0,0.0,0.0,0.0,0.0,0.0,0.0,0.0,0.0,0.0,0.0,0.0,0.0,0.0,0.0,0.0,0.0,0.0,0.0,0.0,0.0,0.0,0.0,0.0,0.0,0.0,0.0,0.0,0.0,0.0,0.0,0.0,0.0,0.0,0.0,0.0,0.0,0.0,0.0,0.0,0.0,0.0,0.0,0.0,0.0,0.0,0.0,0.0,0.0,0.0,0.0,0.0,0.0,0.0,0.0,0.0,0.0,0.0,0.0,0.0,0.0,0.0
dois,0.0,0.0,0.0,-0.07152676935744567,-0.4591057407952941,0.022889488182737346,0.01018149880707526,-0.8676963557651995,-0.039227872326770497,0.2139746792671534,-1.0749504584761655,-0.11306167469580466,0.40596565860959927,-1.1530647120501316,-0.1846041192284168,-0.03210041235292437,-1.084939292760197,-0.1836849380368215,0.014840121760078302,-1.6444459318116436,-0.2893159350707565,0.0363571511891859,-1.9795329455621555,-0.33325345106231785,0.04615970833963852,-2.2418352652952946,-0.3522187509889135,0.14127758373387078,-0.9899700219371893,-0.25754901940196073,0.4144024876085433,-1.549383457244403,-0.353682701547806,0.5728083124346895,-1.8746273734745933,-0.38506668344156353,0.6859397993139668,-2.1226482724935036,-0.39663991620011163,0.31368078597538757,-0.8267763924649844,-0.3143997349190277,0.59302426973626,-1.0992793731735935,-0.3830287803150379,0.5291007098751433,-0.9413950982504905,-0.31869017049358883,0.43445132994492963,-0.804820458131216,-0.25143979097162583,0.47332771968103304,-0.6288150289412611,-0.37019697112212735,0.6338022765644896,-0.827765786057611,-0.3689122911216353,0.5678331878159556,-0.7020554436437226,-0.2686504652355926,0.4965603497784621,-0.5913197492333369,-0.1822502521500693,0.0,0.0,0.0,0.0,0.0,0.0,0.0,0.0,0.0,0.0,0.0,0.0,0.0,0.0,0.0,0.0,0.0,0.0,0.0,0.0,0.0,0.0,0.0,0.0,0.0,0.0,0.0,0.0,0.0,0.0,0.0,0.0,0.0,0.0,0.0,0.0,0.0,0.0,0.0,0.0,0.0,0.0,0.0,0.0,0.0,0.0,0.0,0.0,0.0,0.0,0.0,0.0,0.0,0.0,0.0,0.0,0.0,0.0,0.0,0.0,0.0,0.0,0.0
dois,0.0,0.0,0.0,-0.06678544497417604,-0.42730441690083276,0.013694928916052113,0.00951698557685235,-0.8540591010736414,-0.05445801433121987,0.20601601170594036,-1.1029138748974674,-0.13481735062015412,0.3962933013015419,-1.2182892934685905,-0.20927588324721558,-0.07074832028623718,-1.081127305947669,-0.19934251643752268,0.025861436568570817,-1.6330248688654296,-0.3235900632444992,0.06680170615219966,-1.9736354379040149,-0.37600262670842055,0.08667037406493903,-2.240756760189657,-0.40013126427848317,0.059942111796883656,-0.9982018549538615,-0.2795057145607845,0.35505259334007355,-1.5595070339124126,-0.4127922961707883,0.5215846288652256,-1.8836677165791909,-0.4570401746044662,0.6410722895368687,-2.1391410521356926,-0.47221424697871495,0.21203461465266416,-0.8471646238686941,-0.3438314596510903,0.5764721370674144,-1.0784895855059997,-0.4484750580653913,0.5272588620257397,-0.8971711558931498,-0.3883962671330632,0.4266710177891065,-0.7747410088304274,-0.316612280286814,0.37000540222544853,-0.65690648049883,-0.4082783439607454,0.6323968199227383,-0.8091551693467567,-0.43477068800892593,0.5783434839254544,-0.6633747574733198,-0.3462447037098407,0.48406078032894506,-0.5677852584009611,-0.2645538400374532,0.0,0.0,0.0,0.0,0.0,0.0,0.0,0.0,0.0,0.0,0.0,0.0,0.0,0.0,0.0,0.0,0.0,0.0,0.0,0.0,0.0,0.0,0.0,0.0,0.0,0.0,0.0,0.0,0.0,0.0,0.0,0.0,0.0,0.0,0.0,0.0,0.0,0.0,0.0,0.0,0.0,0.0,0.0,0.0,0.0,0.0,0.0,0.0,0.0,0.0,0.0,0.0,0.0,0.0,0.0,0.0,0.0,0.0,0.0,0.0,0.0,0.0,0.0
dois,0.0,0.0,0.0,-0.05583956158451675,-0.43425874320527164,0.024460764759898473,0.03707509075407151,-0.8557819313397671,-0.031246705206773476,0.23941729257850866,-1.1082649911398654,-0.10192931728039191,0.41797556991947826,-1.2377712456403673,-0.16859818539683,-0.054842692314129894,-1.0662591053880555,-0.16307611539657343,0.029330878055373936,-1.6012088953232768,-0.27146260938480554,0.06061784334310836,-1.930400899199223,-0.3173847400130569,0.0737807916445213,-2.1905714403346663,-0.34086850343224023,0.07661723261177364,-0.9970605797377176,-0.24541728498985974,0.3461119421952416,-1.5418828988999145,-0.3623296538275086,0.5042166550421872,-1.8550465118236876,-0.40176586958020694,0.6212628704652341,-2.1025412820604976,-0.41735767707528065,0.22058069914039347,-0.8496002479402187,-0.3132223306278091,0.5622275268787779,-1.0852501200708113,-0.4003967166378659,0.5209231511468969,-0.9021273847869348,-0.3397921339329403,0.4328445295331827,-0.7826801352503466,-0.2739361477071155,0.3707062602121575,-0.6572257212167201,-0.3815576427926087,0.6174468594774063,-0.8125846869575573,-0.3980565796996722,0.5682976555571154,-0.6734127310256202,-0.31135130864038557,0.48025592204961687,-0.5818961379126057,-0.2352807832028014,0.0,0.0,0.0,0.0,0.0,0.0,0.0,0.0,0.0,0.0,0.0,0.0,0.0,0.0,0.0,0.0,0.0,0.0,0.0,0.0,0.0,0.0,0.0,0.0,0.0,0.0,0.0,0.0,0.0,0.0,0.0,0.0,0.0,0.0,0.0,0.0,0.0,0.0,0.0,0.0,0.0,0.0,0.0,0.0,0.0,0.0,0.0,0.0,0.0,0.0,0.0,0.0,0.0,0.0,0.0,0.0,0.0,0.0,0.0,0.0,0.0,0.0,0.0
dois,0.0,0.0,0.0,-0.05128000071133578,-0.42442963079365204,0.013661157406890709,0.022417289506214615,-0.8471528834959599,-0.04597221644287527,0.20768366385692263,-1.0875019562928303,-0.1219609809844984,0.38931071165458897,-1.2048371348145752,-0.1938533362789367,-0.07112454592178392,-1.0740699538512035,-0.15772188682018967,0.036121918407029725,-1.614009023045025,-0.2726014762221427,0.08650843099496257,-1.941060218277126,-0.32070226350125847,0.11077269759704891,-2.194134716352743,-0.3415941049817821,0.04886064877810655,-0.9988056052110353,-0.23737451717468702,0.32643647437973117,-1.5556139962765507,-0.36006812973203767,0.48770059010039307,-1.8644963203303244,-0.4017436448511123,0.5992471579234535,-2.110688503531001,-0.41310481841509117,0.19340602045084954,-0.8529956100990257,-0.30601209826616005,0.5596505634809679,-1.070515958996087,-0.41295107423520866,0.5348095722998008,-0.890213279619593,-0.3736275860028368,0.44497435648797534,-0.7783803964442737,-0.31432909229171213,0.35002806621766336,-0.6645425382016619,-0.37430051663415115,0.6308540444216721,-0.797467574860543,-0.4103294273284498,0.5930350870746454,-0.6578321660583728,-0.33985558357843826,0.4987467592067762,-0.570072544650054,-0.26991244030206735,0.0,0.0,0.0,0.0,0.0,0.0,0.0,0.0,0.0,0.0,0.0,0.0,0.0,0.0,0.0,0.0,0.0,0.0,0.0,0.0,0.0,0.0,0.0,0.0,0.0,0.0,0.0,0.0,0.0,0.0,0.0,0.0,0.0,0.0,0.0,0.0,0.0,0.0,0.0,0.0,0.0,0.0,0.0,0.0,0.0,0.0,0.0,0.0,0.0,0.0,0.0,0.0,0.0,0.0,0.0,0.0,0.0,0.0,0.0,0.0,0.0,0.0,0.0
dois,0.0,0.0,0.0,-0.04100509301539433,-0.4254247198905499,0.02398074563707921,0.03691197069476416,-0.8520551775226525,-0.03463351253239194,0.2239572961671449,-1.1229693446511724,-0.11148908577507816,0.3946014967191749,-1.2953695686752682,-0.1795672658442201,-0.09062406464406877,-1.078564086409363,-0.16085370230102478,0.024363099300729617,-1.613097681988737,-0.281299883149675,0.07120707489349144,-1.9372698274648672,-0.3295474801449678,0.09765284666772893,-2.1915976249716755,-0.3533627961658354,0.013199255150590835,-0.9999128860373135,-0.2493450929734499,0.27977334925878683,-1.54839330430355,-0.404373827241501,0.44057652008079257,-1.872330789597108,-0.462620836919418,0.5606983326425182,-2.121821698437877,-0.48562434527843945,0.1474573164104884,-0.8516010619209581,-0.3235877513747666,0.5439458509801197,-1.087774878694402,-0.44131842482450073,0.5382849908414745,-0.9122001534747554,-0.3878939226405271,0.4599941433631803,-0.8029605168202648,-0.3204348536139506,0.3006354250688858,-0.6668180785435145,-0.39829106659372016,0.6104554142058598,-0.8115147167370053,-0.4364923695524192,0.5841270992292703,-0.677575702096825,-0.36158521547346956,0.48874787152270377,-0.5960639788944588,-0.2902426598023241,0.0,0.0,0.0,0.0,0.0,0.0,0.0,0.0,0.0,0.0,0.0,0.0,0.0,0.0,0.0,0.0,0.0,0.0,0.0,0.0,0.0,0.0,0.0,0.0,0.0,0.0,0.0,0.0,0.0,0.0,0.0,0.0,0.0,0.0,0.0,0.0,0.0,0.0,0.0,0.0,0.0,0.0,0.0,0.0,0.0,0.0,0.0,0.0,0.0,0.0,0.0,0.0,0.0,0.0,0.0,0.0,0.0,0.0,0.0,0.0,0.0,0.0,0.0
dois,0.0,0.0,0.0,-0.019413260814196018,-0.4187441856329812,0.011266084231083828,0.06550726601681647,-0.846815079263148,-0.05224060405997867,0.2519701124509756,-1.1189956401491188,-0.13181641127846727,0.4164239362801368,-1.3009266441881164,-0.20174075926822038,-0.06681476362016064,-1.082941977608457,-0.1611522256938564,0.05219187228479442,-1.5911687564068624,-0.2863328817675877,0.09637440066831252,-1.9105401267702236,-0.3421676442012735,0.1221042150011574,-2.1655553635468023,-0.3739133338141531,0.02645344038249394,-0.9996500465122432,-0.24681514364423832,0.2907771508788593,-1.5303834188824745,-0.410135663420754,0.4492950929531498,-1.8488917833771656,-0.47463845180367076,0.5742178776278454,-2.101197106790733,-0.5034347470472912,0.15161052303253325,-0.846794846708774,-0.3201481306421557,0.5519530755700202,-1.0786706605739387,-0.44659528841816154,0.53218724376201,-0.8957806084791499,-0.39483944641397417,0.4482768459419677,-0.7890216619398982,-0.32928534578055113,0.30229834167176184,-0.6565006788515765,-0.39539849562086776,0.6129549763615966,-0.8067029161858282,-0.4421606434639974,0.5815847754815906,-0.6680209953983023,-0.3702003790788183,0.48943623104661016,-0.592258072375448,-0.30205098500075944,0.0,0.0,0.0,0.0,0.0,0.0,0.0,0.0,0.0,0.0,0.0,0.0,0.0,0.0,0.0,0.0,0.0,0.0,0.0,0.0,0.0,0.0,0.0,0.0,0.0,0.0,0.0,0.0,0.0,0.0,0.0,0.0,0.0,0.0,0.0,0.0,0.0,0.0,0.0,0.0,0.0,0.0,0.0,0.0,0.0,0.0,0.0,0.0,0.0,0.0,0.0,0.0,0.0,0.0,0.0,0.0,0.0,0.0,0.0,0.0,0.0,0.0,0.0
dois,0.0,0.0,0.0,-0.01986530475290899,-0.41983534195281114,0.018841548737118,0.07082373536897786,-0.8413223131136237,-0.04020207208774308,0.26159959077956874,-1.1042511396552177,-0.1169743465253286,0.42605195294348214,-1.273918616779205,-0.18426341790493952,-0.06983827819473669,-1.0790442740746846,-0.15127383715143808,0.051457375814180126,-1.5909232556842496,-0.27060958021332604,0.09568819001614484,-1.9082832360735211,-0.3222428861185422,0.12029925559933206,-2.159748507616098,-0.3514797319398877,0.024738381776276172,-0.9996939594031221,-0.23921295940160162,0.2829777699831674,-1.526878485936159,-0.395579531065224,0.43999108677120424,-1.84375232734596,-0.4567375864167417,0.5631734822157897,-2.09125736902304,-0.48446407551484877,0.1498133622708615,-0.8505539804347702,-0.31492991361355643,0.5513518504237099,-1.083650036825453,-0.4341929223268535,0.5374216685158144,-0.9012193600087388,-0.38169389117507657,0.4571110117784131,-0.7941437063121026,-0.31739169156586217,0.299480136854563,-0.662287895213333,-0.3923197578431008,0.6093619072187167,-0.8043648094385243,-0.43481365093427204,0.577005938998912,-0.6660104018745467,-0.3643896747350493,0.4824783902547254,-0.5886593492975841,-0.29845393625581623,0.0,0.0,0.0,0.0,0.0,0.0,0.0,0.0,0.0,0.0,0.0,0.0,0.0,0.0,0.0,0.0,0.0,0.0,0.0,0.0,0.0,0.0,0.0,0.0,0.0,0.0,0.0,0.0,0.0,0.0,0.0,0.0,0.0,0.0,0.0,0.0,0.0,0.0,0.0,0.0,0.0,0.0,0.0,0.0,0.0,0.0,0.0,0.0,0.0,0.0,0.0,0.0,0.0,0.0,0.0,0.0,0.0,0.0,0.0,0.0,0.0,0.0,0.0
dois,0.0,0.0,0.0,-0.023978798119482128,-0.4225584009338026,0.0169022658387875,0.0568447187219414,-0.8429612776281886,-0.041869960530012344,0.24017850557474577,-1.1085704602871647,-0.11872797345599743,0.40888328422511866,-1.2729810989870207,-0.18719854222283758,-0.08208025886456734,-1.0780101114568832,-0.14981121852445642,0.05050928103441064,-1.6039835765395183,-0.2679047326650006,0.10533173976973852,-1.9213652951706595,-0.3155592591899423,0.1356506097659936,-2.167988204504307,-0.3389259685843792,0.020963694399814888,-0.9997802376108017,-0.2350600103471155,0.28194407349597195,-1.5530152602734133,-0.38492693497626823,0.4391169853380034,-1.8681671823889048,-0.44087888340311604,0.5554559265448505,-2.111387344335192,-0.46198899313331315,0.1536629518603111,-0.8522584632349223,-0.30872044835202134,0.5526920710311258,-1.088167502785657,-0.4273178366363873,0.5507380713995664,-0.9048527536832531,-0.38046446123273714,0.4746583361135118,-0.7967501444917475,-0.3164818385942155,0.30584910033265245,-0.6666932516378156,-0.38322744000795667,0.6188066712177792,-0.8057850600370438,-0.42255213661838625,0.5952405664375694,-0.6715300927231024,-0.35313861993306983,0.505616348480118,-0.5926511818863959,-0.2858917119668438,0.0,0.0,0.0,0.0,0.0,0.0,0.0,0.0,0.0,0.0,0.0,0.0,0.0,0.0,0.0,0.0,0.0,0.0,0.0,0.0,0.0,0.0,0.0,0.0,0.0,0.0,0.0,0.0,0.0,0.0,0.0,0.0,0.0,0.0,0.0,0.0,0.0,0.0,0.0,0.0,0.0,0.0,0.0,0.0,0.0,0.0,0.0,0.0,0.0,0.0,0.0,0.0,0.0,0.0,0.0,0.0,0.0,0.0,0.0,0.0,0.0,0.0,0.0
dois,0.0,0.0,0.0,-0.02250888392591341,-0.4186185423496725,0.02117627861288526,0.05436282868897667,-0.8315331577421843,-0.03664944978685836,0.22823858419195817,-1.0925381069101672,-0.11300638928022441,0.3904578803818382,-1.2585211674458021,-0.17893137414445565,-0.07176706464093696,-1.0793752747746623,-0.1450303057526242,0.05600966913580285,-1.5858430622009496,-0.26587690081641213,0.10764935826983205,-1.9005210127206864,-0.31779529555445474,0.13702505280200766,-2.145440313116586,-0.34564863814293023,0.023241322253260772,-0.9997298839886303,-0.2326742686682384,0.2788333131146729,-1.5384504748646133,-0.39163317380050106,0.4334692156230828,-1.8537181664424427,-0.45553216246911277,0.5536554951763841,-2.097597709131636,-0.4827577671354819,0.14725875097390975,-0.8523830620438523,-0.3078735308880224,0.5531647255750058,-1.0786798733253593,-0.4275048766164436,0.5523626727812337,-0.8937484239223721,-0.3753277192087191,0.48071142580240905,-0.7884829275855352,-0.30839378134884754,0.29603440364859673,-0.6674474010895155,-0.38445845543638263,0.6134571708258154,-0.8051638915277912,-0.4218022812527243,0.5919709506628954,-0.6722713615529377,-0.3490696874976167,0.5033742790908953,-0.602001131809289,-0.2800744429904616,0.0,0.0,0.0,0.0,0.0,0.0,0.0,0.0,0.0,0.0,0.0,0.0,0.0,0.0,0.0,0.0,0.0,0.0,0.0,0.0,0.0,0.0,0.0,0.0,0.0,0.0,0.0,0.0,0.0,0.0,0.0,0.0,0.0,0.0,0.0,0.0,0.0,0.0,0.0,0.0,0.0,0.0,0.0,0.0,0.0,0.0,0.0,0.0,0.0,0.0,0.0,0.0,0.0,0.0,0.0,0.0,0.0,0.0,0.0,0.0,0.0,0.0,0.0
dois,0.0,0.0,0.0,-0.024121692675864104,-0.4208921818057137,0.02312933421488823,0.0515983625403127,-0.827577733120673,-0.03011488361024518,0.22924365841269015,-1.0661542450957249,-0.1042395912189309,0.40096436480218584,-1.193967786880119,-0.17235502427894125,-0.06619897064569777,-1.0660999714105535,-0.1267293266051366,0.051173670953846416,-1.5833807378892772,-0.2387499198443757,0.10242073473195872,-1.8958001756692822,-0.28560701342514894,0.13036687197314,-2.13601242250583,-0.30727877344998294,0.037537160855960754,-0.9992952324287722,-0.21206559952744802,0.28948424187155847,-1.5456130372206225,-0.3448953095705069,0.4363279879163161,-1.8604444469093586,-0.3960502314331123,0.5444901384437031,-2.104331638978433,-0.41435680711607104,0.16689996965342968,-0.8613524941014102,-0.28744152565858483,0.5472291093055921,-1.0890303566969053,-0.39387937653821925,0.5454526329105043,-0.9151791614658628,-0.35421625992691635,0.47349658111024917,-0.8087637601560038,-0.2957317385565543,0.31632097564812234,-0.6817241117824402,-0.36333325224143737,0.612096771123892,-0.8212378265969454,-0.39296005432098624,0.5886039131003095,-0.6934995278760844,-0.32478715591306856,0.5044394892178836,-0.6133286604279986,-0.25910178085062635,0.0,0.0,0.0,0.0,0.0,0.0,0.0,0.0,0.0,0.0,0.0,0.0,0.0,0.0,0.0,0.0,0.0,0.0,0.0,0.0,0.0,0.0,0.0,0.0,0.0,0.0,0.0,0.0,0.0,0.0,0.0,0.0,0.0,0.0,0.0,0.0,0.0,0.0,0.0,0.0,0.0,0.0,0.0,0.0,0.0,0.0,0.0,0.0,0.0,0.0,0.0,0.0,0.0,0.0,0.0,0.0,0.0,0.0,0.0,0.0,0.0,0.0,0.0
dois,0.0,0.0,0.0,-0.05281913643252329,-0.42798751663575424,0.018830837453589842,0.023763529341773813,-0.8424954811702056,-0.033496357510585405,0.21615019696458587,-1.068425820404824,-0.10363025563281646,0.39450915002755116,-1.1800841407530855,-0.16712254592145215,-0.08547301176196448,-1.0701070184325765,-0.1259463364052418,0.009375076435063051,-1.590342784871431,-0.22831411471124988,0.04983845623938002,-1.9043284929990263,-0.2739036719578266,0.06704913417752743,-2.1447735248318334,-0.2956719648701992,0.037050412952522524,-0.9993133977386911,-0.20391727979557475,0.2883851477857995,-1.5427793901342532,-0.3159329046711991,0.44017757586476064,-1.8580773167759344,-0.3614906054377677,0.5504521293871492,-2.1034991392944318,-0.38006457215094497,0.18015303010268222,-0.8643113480909392,-0.27208430951996504,0.5399673673554851,-1.0859917425786336,-0.36334464945259065,0.5261318218215378,-0.9153199251501402,-0.3259558179799615,0.4459796070261948,-0.8007492264002669,-0.2729110171731322,0.3357100481503534,-0.6911929030513508,-0.3412532653417028,0.6066723703859176,-0.8238012683414069,-0.3644812437074642,0.5736908462429869,-0.6919421000334153,-0.2967966656229825,0.4855993910287073,-0.6018336816772546,-0.23277113438236247,0.0,0.0,0.0,0.0,0.0,0.0,0.0,0.0,0.0,0.0,0.0,0.0,0.0,0.0,0.0,0.0,0.0,0.0,0.0,0.0,0.0,0.0,0.0,0.0,0.0,0.0,0.0,0.0,0.0,0.0,0.0,0.0,0.0,0.0,0.0,0.0,0.0,0.0,0.0,0.0,0.0,0.0,0.0,0.0,0.0,0.0,0.0,0.0,0.0,0.0,0.0,0.0,0.0,0.0,0.0,0.0,0.0,0.0,0.0,0.0,0.0,0.0,0.0
dois,0.0,0.0,0.0,-0.056596467437457,-0.43021825054068147,0.019803651640142524,0.020158095485314078,-0.8492407304823563,-0.031453372656911324,0.21264231383998303,-1.0775267202350165,-0.10045792225689613,0.3887481817732037,-1.1916043324749337,-0.1638357400053809,-0.0925111496190999,-1.0690946233828504,-0.12825099652443492,0.0023106475180021133,-1.5913163022237171,-0.23149784144821484,0.04160938407737309,-1.9070789785916789,-0.27686125761032593,0.059386042767184094,-2.1503031404629525,-0.29852739731771316,0.03372398665429074,-0.9994311845865833,-0.20712834976287015,0.2872476740623563,-1.5483039576519289,-0.3204480263637539,0.43735137043749694,-1.867287106070747,-0.3661281711049501,0.5470573990181716,-2.1166214010506517,-0.3844189636414777,0.1778952146616686,-0.8631285053998276,-0.27574783531975683,0.5332679495269984,-1.0909932800909812,-0.36843143164239595,0.5146697328634906,-0.9200888523560906,-0.32938033181843906,0.4332419460031027,-0.8073548532944599,-0.27465625963125845,0.33302834460703745,-0.6875150190131323,-0.3450700270482839,0.597443144675593,-0.8280919623195465,-0.36870999939426696,0.564858324724959,-0.6955756921961371,-0.2983548248783347,0.4801689501942781,-0.605143458943291,-0.23211896077715813,0.0,0.0,0.0,0.0,0.0,0.0,0.0,0.0,0.0,0.0,0.0,0.0,0.0,0.0,0.0,0.0,0.0,0.0,0.0,0.0,0.0,0.0,0.0,0.0,0.0,0.0,0.0,0.0,0.0,0.0,0.0,0.0,0.0,0.0,0.0,0.0,0.0,0.0,0.0,0.0,0.0,0.0,0.0,0.0,0.0,0.0,0.0,0.0,0.0,0.0,0.0,0.0,0.0,0.0,0.0,0.0,0.0,0.0,0.0,0.0,0.0,0.0,0.0
dois,0.0,0.0,0.0,-0.05756992376502208,-0.4253898295435783,0.015153179437638527,0.021399607453183225,-0.8514265662366894,-0.038645663419457736,0.21738587812705457,-1.0893131193683399,-0.10821913108089758,0.39670225834195816,-1.2156490958244703,-0.1715636399180776,-0.09454494799153039,-1.0709033678247437,-0.14057389992941602,0.00036018087965374794,-1.6001400318749046,-0.24658995671164186,0.03968271311785751,-1.9227769940140274,-0.2923674235989392,0.05681663407719491,-2.1697051763795456,-0.3134896449158138,0.03171744720894653,-0.9994968752039937,-0.2174417902791178,0.2867066397678407,-1.5572161974236791,-0.3344536222069756,0.438823411212577,-1.8796219041878905,-0.3796630981580433,0.5497473440791917,-2.1295393092336012,-0.39668680554124897,0.178630212842905,-0.8621149718341781,-0.2835226337223857,0.5354609290615332,-1.0947426814894776,-0.3794382067385478,0.5131658085984936,-0.9237064088384846,-0.33886545804509727,0.4284018484819767,-0.809544520785475,-0.28209156695203846,0.33551038908565,-0.6855138792633589,-0.3502845153795558,0.600758277774851,-0.8349256213802034,-0.3756835996890911,0.566469792577912,-0.7020292617500421,-0.3031888390307655,0.4804659693067502,-0.6102034007789638,-0.23469233626220737,0.0,0.0,0.0,0.0,0.0,0.0,0.0,0.0,0.0,0.0,0.0,0.0,0.0,0.0,0.0,0.0,0.0,0.0,0.0,0.0,0.0,0.0,0.0,0.0,0.0,0.0,0.0,0.0,0.0,0.0,0.0,0.0,0.0,0.0,0.0,0.0,0.0,0.0,0.0,0.0,0.0,0.0,0.0,0.0,0.0,0.0,0.0,0.0,0.0,0.0,0.0,0.0,0.0,0.0,0.0,0.0,0.0,0.0,0.0,0.0,0.0,0.0,0.0
dois,0.0,0.0,0.0,-0.06751269414813311,-0.4612637220649005,0.017059219859037085,0.002931733493853384,-0.8847458227766722,-0.039479983134446416,0.1901965756260003,-1.1120385639763988,-0.11105720394041045,0.3677105679384763,-1.216769753927236,-0.18127505707080746,-0.06902105254780447,-1.0728808228200326,-0.15301194702353793,-0.01053526224328309,-1.5993967339191912,-0.2558161976860634,0.007661835680998608,-1.9201219504109401,-0.3030823814834791,0.0129711962732728,-2.172748481740771,-0.32631829710785876,0.08735953525386436,-0.9961768475527972,-0.23040220376746395,0.3438071395719143,-1.5528030170476859,-0.3286811569278594,0.491588915816218,-1.8700304527970608,-0.36521146579859287,0.5995155542716647,-2.1147713209656653,-0.38013838961369995,0.24990058700622056,-0.8469022106117664,-0.29520611856830115,0.5493619388156563,-1.10539576577916,-0.3754390922869152,0.49720772234596894,-0.9302696900236169,-0.32651087512149374,0.40393479717606107,-0.7986982569982841,-0.2688551328945412,0.40827262963622424,-0.662393418996654,-0.3603425194367095,0.6110102767636186,-0.8461552721419948,-0.3741667562812635,0.5599044417890036,-0.7111855231399055,-0.2886391257336195,0.4780750458791928,-0.6062615011147292,-0.21333110288332768,0.0,0.0,0.0,0.0,0.0,0.0,0.0,0.0,0.0,0.0,0.0,0.0,0.0,0.0,0.0,0.0,0.0,0.0,0.0,0.0,0.0,0.0,0.0,0.0,0.0,0.0,0.0,0.0,0.0,0.0,0.0,0.0,0.0,0.0,0.0,0.0,0.0,0.0,0.0,0.0,0.0,0.0,0.0,0.0,0.0,0.0,0.0,0.0,0.0,0.0,0.0,0.0,0.0,0.0,0.0,0.0,0.0,0.0,0.0,0.0,0.0,0.0,0.0
dois,0.0,0.0,0.0,-0.06727414099924675,-0.4508342731288816,0.010301989633149504,0.001281308598499789,-0.8686919045233239,-0.049882128396683566,0.1951500446282476,-1.0968930811072002,-0.12348255461467571,0.3771992815924015,-1.2009881736065977,-0.1939752299261115,-0.07675372559098452,-1.0744694766880645,-0.15454099315969413,-0.017635367881479416,-1.6081268925540158,-0.25924632631777444,0.005545425796344058,-1.9327908577370059,-0.3064433208641099,0.01258999929164207,-2.1914948839674375,-0.32740847842679704,0.07735003133071187,-0.9970039983135162,-0.22818315214013743,0.34316275408189834,-1.5493725386057866,-0.32754488384472247,0.4911194038845509,-1.868151008374391,-0.3625459765260821,0.5965674794220807,-2.122308827290997,-0.3736154217794336,0.2406162134487727,-0.8494186477061736,-0.29068470338787994,0.5430340964407883,-1.0942546937883033,-0.37706209839277394,0.4910574566902972,-0.9271564889513251,-0.33280713160948316,0.3981223304218046,-0.7974382962436302,-0.2739091088068123,0.4019025171620595,-0.663785176800117,-0.3534440266381575,0.6052304873622922,-0.831147553143169,-0.36917800602576384,0.553052391240406,-0.6943499736409261,-0.28598791575579047,0.4762725556749839,-0.5891495588903404,-0.20989741871278828,0.0,0.0,0.0,0.0,0.0,0.0,0.0,0.0,0.0,0.0,0.0,0.0,0.0,0.0,0.0,0.0,0.0,0.0,0.0,0.0,0.0,0.0,0.0,0.0,0.0,0.0,0.0,0.0,0.0,0.0,0.0,0.0,0.0,0.0,0.0,0.0,0.0,0.0,0.0,0.0,0.0,0.0,0.0,0.0,0.0,0.0,0.0,0.0,0.0,0.0,0.0,0.0,0.0,0.0,0.0,0.0,0.0,0.0,0.0,0.0,0.0,0.0,0.0
dois,0.0,0.0,0.0,-0.08622515305669361,-0.471582100500168,0.0060112481511948685,-0.007086073997788969,-0.9023529106087315,-0.0584414813737224,0.19799154859504456,-1.131571696650729,-0.13019233199379782,0.38011987798859764,-1.211715889788516,-0.20189761226559338,-0.06592229614105465,-1.0779458269061644,-0.19280410684621535,-0.05369536041284397,-1.6412511347572931,-0.29238499125453926,-0.05258890577605394,-1.9805749892435294,-0.33325948788372184,-0.051469026805619024,-2.249511772151758,-0.3510218225598441,0.12473469667265634,-0.9921901306936994,-0.25969649205839523,0.37772284476629997,-1.5739531076398656,-0.3496376026666076,0.5261624140446614,-1.909630939430373,-0.3766336744042513,0.6385792317092186,-2.1672098147972263,-0.3854861998735921,0.30992456380392913,-0.8360967170710387,-0.3109998040198905,0.5546712239285242,-1.152768061420438,-0.38431071520742227,0.47671861906382224,-1.0023270819289607,-0.3299598327376981,0.38326630489495417,-0.8613052466560855,-0.2684284617471604,0.47547449920161505,-0.6508056409929726,-0.36150570069204585,0.5986117001705296,-0.8883136898384608,-0.36712332368353234,0.5289850776101706,-0.7598041231893072,-0.2710028409457962,0.46642965699169975,-0.6410282513216117,-0.18778857179925784,0.0,0.0,0.0,0.0,0.0,0.0,0.0,0.0,0.0,0.0,0.0,0.0,0.0,0.0,0.0,0.0,0.0,0.0,0.0,0.0,0.0,0.0,0.0,0.0,0.0,0.0,0.0,0.0,0.0,0.0,0.0,0.0,0.0,0.0,0.0,0.0,0.0,0.0,0.0,0.0,0.0,0.0,0.0,0.0,0.0,0.0,0.0,0.0,0.0,0.0,0.0,0.0,0.0,0.0,0.0,0.0,0.0,0.0,0.0,0.0,0.0,0.0,0.0
dois,0.0,0.0,0.0,-0.12175195443372391,-0.5032622230630247,0.005474743953569075,-0.04305769170297007,-0.925674831825285,-0.060562890208656586,0.17840884977397292,-1.1194967577030153,-0.1284273372694937,0.37143018192669,-1.1709432734619687,-0.19593259688007889,-0.07847835114009533,-1.0817009363280548,-0.21449035606487254,-0.09401296153896814,-1.6618465073483775,-0.31524519399331513,-0.11116381673416505,-2.0177286348170003,-0.36501338701261526,-0.11086253536762351,-2.2993620466086084,-0.39005654354760644,0.15812337773706145,-0.9874193624863868,-0.26806516722470825,0.37929146109989365,-1.5782161238438892,-0.3409746697501691,0.5311882228211715,-1.9374386967004895,-0.36617159271219374,0.666249258094764,-2.1997587763755173,-0.38154403414703675,0.3674251966927443,-0.8248430434630297,-0.30220472545614624,0.5399831919054109,-1.1853534227498403,-0.3484688252769278,0.44235633281445574,-1.071137670138005,-0.2888439858188241,0.35456353414285796,-0.9172193252356986,-0.2323121706443029,0.5294193879529935,-0.6473580694368807,-0.3361086933552803,0.5725842288077412,-0.919405329260672,-0.3283439425270908,0.4827402700248877,-0.8244182111924937,-0.22881123679969495,0.43088129052985696,-0.6995250523280501,-0.14528408686474398,0.0,0.0,0.0,0.0,0.0,0.0,0.0,0.0,0.0,0.0,0.0,0.0,0.0,0.0,0.0,0.0,0.0,0.0,0.0,0.0,0.0,0.0,0.0,0.0,0.0,0.0,0.0,0.0,0.0,0.0,0.0,0.0,0.0,0.0,0.0,0.0,0.0,0.0,0.0,0.0,0.0,0.0,0.0,0.0,0.0,0.0,0.0,0.0,0.0,0.0,0.0,0.0,0.0,0.0,0.0,0.0,0.0,0.0,0.0,0.0,0.0,0.0,0.0
dois,0.0,0.0,0.0,-0.11801226066999577,-0.4984690054429505,0.01355419714955445,-0.03215954802616201,-0.9140173186896117,-0.049725437586987165,0.18934873965913027,-1.0941378593953643,-0.1168024192504031,0.3770840769278698,-1.1477745137100925,-0.18271993415249912,-0.07697368087993743,-1.0800897969798744,-0.2020117537848868,-0.09787837104104105,-1.658363848928358,-0.306803262874485,-0.11579080741993339,-2.01335465781745,-0.3618182034780044,-0.1143736619875299,-2.290475731870049,-0.3915396975870572,0.15241014855439386,-0.9883173309305202,-0.2618710234875577,0.3762213972914058,-1.5709348312459481,-0.33636263889679935,0.5336049843664996,-1.92304188613448,-0.3642105172910841,0.670856277397663,-2.185730361780736,-0.3830803046845481,0.3566437020088335,-0.8252307240823717,-0.3029979920396906,0.5457703894187506,-1.1891927097705124,-0.3492945895878012,0.4548672512767951,-1.0605811107496024,-0.28498596456219905,0.3654428215560968,-0.9035816607691055,-0.22758695400155868,0.5181641091902265,-0.6388299607210288,-0.3441790775172304,0.5756636748487516,-0.8882233571178392,-0.34101789117057285,0.4885573642375036,-0.783355392912494,-0.24293882545069584,0.43322353931860963,-0.6619127574057017,-0.16084471277969611,0.0,0.0,0.0,0.0,0.0,0.0,0.0,0.0,0.0,0.0,0.0,0.0,0.0,0.0,0.0,0.0,0.0,0.0,0.0,0.0,0.0,0.0,0.0,0.0,0.0,0.0,0.0,0.0,0.0,0.0,0.0,0.0,0.0,0.0,0.0,0.0,0.0,0.0,0.0,0.0,0.0,0.0,0.0,0.0,0.0,0.0,0.0,0.0,0.0,0.0,0.0,0.0,0.0,0.0,0.0,0.0,0.0,0.0,0.0,0.0,0.0,0.0,0.0
dois,0.0,0.0,0.0,-0.11740121369469038,-0.5013332248647978,0.009445187971720823,-0.03483027738372068,-0.9202187998236095,-0.05519968281553377,0.18813945709097712,-1.0991935671969313,-0.12360029205314757,0.3765719195340583,-1.1490698562087784,-0.1904613598067744,-0.07821761863196289,-1.083167668817506,-0.20135199248077856,-0.10075995070510851,-1.6636531673650357,-0.3063590030610315,-0.11625694507008001,-2.0181730984821336,-0.3601769879343804,-0.11228629558316539,-2.2946343223399257,-0.3885206858809988,0.15102544582446364,-0.9885298754784915,-0.26059256109237516,0.3748959449312445,-1.5751508740766373,-0.3393638677752915,0.5322218063870167,-1.9275218324246148,-0.36841976486498523,0.6704734997574576,-2.1894938348793858,-0.38642778574358255,0.3549785191841203,-0.8244297996640332,-0.3019092844863529,0.5453009728897489,-1.192596094802895,-0.3557242672556844,0.4530795397176762,-1.061600286702386,-0.2943257695979822,0.36385594090401613,-0.9034467785257116,-0.23622293169558017,0.5161837661646763,-0.6393318075098556,-0.34322820942327675,0.5749280035904086,-0.8943806912466742,-0.34443128592991806,0.48724908736386535,-0.7865138930577449,-0.24759690311639532,0.4323336666885784,-0.6631367578193221,-0.1653599842340793,0.0,0.0,0.0,0.0,0.0,0.0,0.0,0.0,0.0,0.0,0.0,0.0,0.0,0.0,0.0,0.0,0.0,0.0,0.0,0.0,0.0,0.0,0.0,0.0,0.0,0.0,0.0,0.0,0.0,0.0,0.0,0.0,0.0,0.0,0.0,0.0,0.0,0.0,0.0,0.0,0.0,0.0,0.0,0.0,0.0,0.0,0.0,0.0,0.0,0.0,0.0,0.0,0.0,0.0,0.0,0.0,0.0,0.0,0.0,0.0,0.0,0.0,0.0
dois,0.0,0.0,0.0,-0.1685670545009329,-0.4946588773228392,0.004696163954419089,-0.10728103681781227,-0.9198847099520745,-0.07326272598610732,0.1035152408047735,-1.1416797539092012,-0.14719235637995856,0.2955473283571131,-1.2251420015044887,-0.22297840641778813,-0.09125285966596133,-1.066433521375173,-0.2949324536037892,-0.1481243417754008,-1.7044618825072637,-0.41259682177173673,-0.1748733739659697,-2.09166508388984,-0.469922883359767,-0.1744328579744032,-2.394195738181875,-0.5008846295900791,0.1735297162305753,-0.9848286336134505,-0.3378130750547757,0.3844487170185371,-1.6198026292601786,-0.4153348637504489,0.536216831317572,-2.0144075628085485,-0.43389590290241153,0.6763227465260249,-2.2899324038285265,-0.4487611836060682,0.39483554674852916,-0.8274941771566863,-0.3531193265393803,0.5194961148892717,-1.2395904502482094,-0.36912759790984606,0.4057281022706182,-1.1523092312660599,-0.2801265753901008,0.31913130632365055,-0.9912978376446193,-0.21495627156819205,0.5585336960999815,-0.6539952466688507,-0.37008408994648995,0.551089283699935,-0.9303602585952346,-0.34225570261870686,0.44216764666448444,-0.8622554787656551,-0.23145770954706898,0.391248447978575,-0.7446312719984636,-0.14345530830339293,0.0,0.0,0.0,0.0,0.0,0.0,0.0,0.0,0.0,0.0,0.0,0.0,0.0,0.0,0.0,0.0,0.0,0.0,0.0,0.0,0.0,0.0,0.0,0.0,0.0,0.0,0.0,0.0,0.0,0.0,0.0,0.0,0.0,0.0,0.0,0.0,0.0,0.0,0.0,0.0,0.0,0.0,0.0,0.0,0.0,0.0,0.0,0.0,0.0,0.0,0.0,0.0,0.0,0.0,0.0,0.0,0.0,0.0,0.0,0.0,0.0,0.0,0.0
dois,0.0,0.0,0.0,-0.16967430869918382,-0.5049756229523165,0.0002272665007150187,-0.09961001966887112,-0.926563992310269,-0.08243137154438572,0.11928601105852321,-1.1343258322178926,-0.15960122195182622,0.30904312985359844,-1.2051276019761143,-0.23904439116150897,-0.08659655475710254,-1.0628426898558605,-0.29961218875232304,-0.1508534441040977,-1.6976444368563806,-0.41809228944771615,-0.18126975563591907,-2.0807718705671068,-0.4791472914225638,-0.18327294096972166,-2.3781039958090284,-0.5148135064691679,0.1712379571898661,-0.9852297001295899,-0.3406172728008033,0.383604561604731,-1.6111284940195083,-0.4179043341932934,0.538058810705224,-1.998222201276896,-0.4388242064954091,0.677526621626968,-2.2761303343962065,-0.45764775119319717,0.38703384002820135,-0.8269170777210852,-0.3542646690179052,0.4945441063318579,-1.2592067839091787,-0.3718511200763061,0.3748910952358101,-1.163338605290577,-0.2841331685808721,0.28415325970626126,-0.9984870891937647,-0.22243786570595786,0.5479593189254099,-0.6458053437249957,-0.3697926967816204,0.5312197455142976,-0.9351007807400326,-0.35256743307046845,0.424575744094358,-0.8618806533749059,-0.2478410799403048,0.37834975036941615,-0.7408138010872565,-0.16429723177378389,0.0,0.0,0.0,0.0,0.0,0.0,0.0,0.0,0.0,0.0,0.0,0.0,0.0,0.0,0.0,0.0,0.0,0.0,0.0,0.0,0.0,0.0,0.0,0.0,0.0,0.0,0.0,0.0,0.0,0.0,0.0,0.0,0.0,0.0,0.0,0.0,0.0,0.0,0.0,0.0,0.0,0.0,0.0,0.0,0.0,0.0,0.0,0.0,0.0,0.0,0.0,0.0,0.0,0.0,0.0,0.0,0.0,0.0,0.0,0.0,0.0,0.0,0.0
dois,0.0,0.0,0.0,-0.17503336686826898,-0.5052580837374014,-0.0007094969172605117,-0.110989875219096,-0.9321028630436357,-0.08575428831692998,0.09700504302391073,-1.1544639595387685,-0.1640774546599956,0.28287769627604514,-1.2390130493355147,-0.24457086344006032,-0.08943823141753164,-1.0630988681326476,-0.31283533732011304,-0.15500780624251917,-1.6989045118891688,-0.4371685851600589,-0.18631466799995208,-2.0849122727547096,-0.5025713909799401,-0.186718240604933,-2.38394573387414,-0.54181187228122,0.17100337219248288,-0.9852704434310405,-0.35330680592983144,0.38358311007461804,-1.6164143832627598,-0.434716151184086,0.5395568625244175,-2.0065065169624994,-0.45644389494724535,0.6828209436043298,-2.2834058309741807,-0.47684035235656486,0.3865030354548886,-0.8258921150220067,-0.3653510088598115,0.49734389494938824,-1.2709141567263988,-0.38021431391362204,0.373875979744698,-1.1787666628713422,-0.2847396700697444,0.2805092409084693,-1.0122227190375348,-0.2202223790101082,0.5463528742195167,-0.6439383237054576,-0.3799673755669997,0.5287336519457383,-0.9320083652670623,-0.3619397579466844,0.41868623827938956,-0.8590200160330199,-0.25452584074906975,0.3702818490738757,-0.7380248392452008,-0.16975205662744253,0.0,0.0,0.0,0.0,0.0,0.0,0.0,0.0,0.0,0.0,0.0,0.0,0.0,0.0,0.0,0.0,0.0,0.0,0.0,0.0,0.0,0.0,0.0,0.0,0.0,0.0,0.0,0.0,0.0,0.0,0.0,0.0,0.0,0.0,0.0,0.0,0.0,0.0,0.0,0.0,0.0,0.0,0.0,0.0,0.0,0.0,0.0,0.0,0.0,0.0,0.0,0.0,0.0,0.0,0.0,0.0,0.0,0.0,0.0,0.0,0.0,0.0,0.0
dois,0.0,0.0,0.0,-0.19553349954150473,-0.48944015202771246,0.002618195996005904,-0.14136486935909168,-0.9188573849802217,-0.07397280224573523,0.07615892200802825,-1.1518152992695554,-0.14069895030092372,0.27768686375794593,-1.2132698141784186,-0.21007111849427149,-0.08962171269341912,-1.048941373811835,-0.3137077974049274,-0.17497703041454452,-1.7130604347028864,-0.4158643939761337,-0.1979923760331702,-2.099543849730877,-0.4617304015880518,-0.19701005021225126,-2.401085169673377,-0.48930260888175636,0.1914410783969453,-0.9815041077357826,-0.3434223184133521,0.37759571847482515,-1.6425701367186905,-0.41552852010430985,0.5183281581753371,-2.0382954590131135,-0.4317913847523187,0.6407083075567513,-2.314580928793894,-0.44560869930386654,0.40484113333051364,-0.8328533536502406,-0.34062791599751824,0.44026164794096784,-1.3142541055088202,-0.34283470441279673,0.32513050083452416,-1.2244428309327018,-0.24587507142105208,0.2424701072945341,-1.0583955291481033,-0.1779677106650788,0.5555792949907427,-0.6614242758889783,-0.33848553269326703,0.4901388309198934,-0.9871489321399807,-0.3083568147957725,0.38293448812127306,-0.9201141719117742,-0.19866802135280973,0.33876754370577367,-0.792044660826262,-0.11093695183491031,0.0,0.0,0.0,0.0,0.0,0.0,0.0,0.0,0.0,0.0,0.0,0.0,0.0,0.0,0.0,0.0,0.0,0.0,0.0,0.0,0.0,0.0,0.0,0.0,0.0,0.0,0.0,0.0,0.0,0.0,0.0,0.0,0.0,0.0,0.0,0.0,0.0,0.0,0.0,0.0,0.0,0.0,0.0,0.0,0.0,0.0,0.0,0.0,0.0,0.0,0.0,0.0,0.0,0.0,0.0,0.0,0.0,0.0,0.0,0.0,0.0,0.0,0.0
dois,0.0,0.0,0.0,-0.19479638883696218,-0.48985550114092774,0.0008213657984933278,-0.13620605655700166,-0.920859990566747,-0.07910393099437012,0.08481336533498134,-1.1521705710093004,-0.14916189728265372,0.2901294804897497,-1.2121431072657287,-0.22092002914998615,-0.0864075904550445,-1.0472546004331251,-0.32510109475860843,-0.1719864474718294,-1.7260832006945948,-0.4309400303924191,-0.19675548103085808,-2.117010926309675,-0.4767395772035256,-0.19728595456671866,-2.4184887263298664,-0.5032750329489766,0.1948484125434925,-0.9808333681769198,-0.3522191178592624,0.38493322041166916,-1.6534084665073192,-0.4280728370570394,0.5254308821933638,-2.0625791251371637,-0.4449660633837145,0.6466785105282159,-2.341625733202838,-0.4596145228638551,0.40866234074258734,-0.834520549765001,-0.34610752425975205,0.44425202480867854,-1.3181682625283058,-0.34707374892241327,0.3223705766530255,-1.2362607928009477,-0.24727915117316787,0.23436749904730117,-1.069100630858394,-0.17785160423430144,0.5580190367762152,-0.6691701397267075,-0.3410937220146876,0.4876799005834662,-1.0043023699751863,-0.30888344043230137,0.37863975417773876,-0.9446287947492772,-0.1984379703503374,0.33421220992894896,-0.8161243501431269,-0.1106871235859108,0.0,0.0,0.0,0.0,0.0,0.0,0.0,0.0,0.0,0.0,0.0,0.0,0.0,0.0,0.0,0.0,0.0,0.0,0.0,0.0,0.0,0.0,0.0,0.0,0.0,0.0,0.0,0.0,0.0,0.0,0.0,0.0,0.0,0.0,0.0,0.0,0.0,0.0,0.0,0.0,0.0,0.0,0.0,0.0,0.0,0.0,0.0,0.0,0.0,0.0,0.0,0.0,0.0,0.0,0.0,0.0,0.0,0.0,0.0,0.0,0.0,0.0,0.0
dois,0.0,0.0,0.0,-0.20651663541800686,-0.48028533435247744,-0.007948628536857674,-0.16000683955810993,-0.9218872405496161,-0.08337326115076449,0.04784323025769704,-1.1626547262844336,-0.1462526964609074,0.24950287766175225,-1.2121173593296968,-0.21071104270921223,-0.08775758351606906,-1.028883622065672,-0.3247041920717481,-0.18129175562427569,-1.6808363638502901,-0.4268302295347855,-0.20308121810026597,-2.060122381619181,-0.4729082592281993,-0.2026908420954595,-2.3573940482650495,-0.5034598935064107,0.19675682851493007,-0.9804523193061182,-0.34151975034408744,0.35298262087122423,-1.6339965314514218,-0.42382223936575986,0.4809896111739309,-2.040081678897963,-0.45263941908840283,0.5897007182741418,-2.3147450290584537,-0.4764026261701464,0.40281027378621276,-0.8611358392153096,-0.324616869339169,0.3836803580133394,-1.3365270327141976,-0.32718678820651753,0.26562843041326534,-1.2596283835395385,-0.23676752237702392,0.17724684190444903,-1.0957272755347314,-0.17418485215320245,0.5429214965297189,-0.7272215474102071,-0.30948922287712205,0.42958174222559253,-1.0577125984928715,-0.28527082571266393,0.31692212895658567,-0.9997845417824203,-0.18997702935597732,0.26464577848313947,-0.8663743896042265,-0.11275282672906392,0.0,0.0,0.0,0.0,0.0,0.0,0.0,0.0,0.0,0.0,0.0,0.0,0.0,0.0,0.0,0.0,0.0,0.0,0.0,0.0,0.0,0.0,0.0,0.0,0.0,0.0,0.0,0.0,0.0,0.0,0.0,0.0,0.0,0.0,0.0,0.0,0.0,0.0,0.0,0.0,0.0,0.0,0.0,0.0,0.0,0.0,0.0,0.0,0.0,0.0,0.0,0.0,0.0,0.0,0.0,0.0,0.0,0.0,0.0,0.0,0.0,0.0,0.0
dois,0.0,0.0,0.0,-0.22377372961807884,-0.48873734587127765,-0.01869967661930504,-0.1814914236213882,-0.9245589501351391,-0.10634376202591489,0.01938428236729717,-1.177525891102831,-0.18001655319218002,0.2178915567211248,-1.248458106348399,-0.25489551413595246,-0.10377665485677555,-1.0250302403000546,-0.35572062910169094,-0.20978979259662467,-1.7006629549995775,-0.47208291727430063,-0.23629556924305822,-2.0949114258865156,-0.5222658797753796,-0.2371688124513505,-2.398059737109069,-0.5522088660233128,0.19061042539474254,-0.9816657607000641,-0.3719205921037254,0.35312545859296374,-1.6672487681548005,-0.46530565970463256,0.48133672390735976,-2.085802808327625,-0.4905905296425325,0.5875695916252587,-2.3595618542314925,-0.508690873119502,0.40325020026495023,-0.8638268026166823,-0.35471398335158966,0.37802334347185357,-1.3568274915781353,-0.36389245205977216,0.2635743468141621,-1.2809846505408276,-0.2632347652452351,0.18572029111954436,-1.1169958896259322,-0.19167930675458583,0.5426917858374396,-0.7289762859428395,-0.3400204237277413,0.42471534075455986,-1.0849715260449635,-0.315672694531133,0.30800493909908216,-1.0291052829679566,-0.20899737274196423,0.2560948048203208,-0.8955559775944991,-0.12253694932801185,0.0,0.0,0.0,0.0,0.0,0.0,0.0,0.0,0.0,0.0,0.0,0.0,0.0,0.0,0.0,0.0,0.0,0.0,0.0,0.0,0.0,0.0,0.0,0.0,0.0,0.0,0.0,0.0,0.0,0.0,0.0,0.0,0.0,0.0,0.0,0.0,0.0,0.0,0.0,0.0,0.0,0.0,0.0,0.0,0.0,0.0,0.0,0.0,0.0,0.0,0.0,0.0,0.0,0.0,0.0,0.0,0.0,0.0,0.0,0.0,0.0,0.0,0.0
dois,0.0,0.0,0.0,-0.2227466929461503,-0.48945789333519846,-0.016153355853830022,-0.18224173636294966,-0.9266436436908042,-0.10384319012303038,0.017079270942249848,-1.1839077956593327,-0.17691638518599864,0.2158403453313076,-1.2538901218617795,-0.25169898550232,-0.10408264282703589,-1.0273389627067464,-0.362817440502768,-0.20984480713935458,-1.7083786172524356,-0.47923458477350495,-0.23543758150155514,-2.105032516500025,-0.5312550767934476,-0.2352597171956849,-2.410539900725464,-0.5634153138946532,0.1914314845872924,-0.9815059789469982,-0.37714577586159154,0.35305759725784125,-1.6669794870348913,-0.4682802645949383,0.4842593480461667,-2.0892188131714065,-0.4936456831803445,0.5928688661996925,-2.3676507583804893,-0.5139127177869225,0.40416523503921886,-0.8641931707525269,-0.3566976884230053,0.3765151681601717,-1.3641920542367112,-0.35884900780302925,0.2608821587141257,-1.2955113398564122,-0.25637442188631426,0.18058051424506738,-1.132534539787505,-0.18653230418920602,0.5433686614865653,-0.7330945618531862,-0.3388642963912328,0.42699120050308886,-1.088601363079702,-0.31076603364244404,0.30977182998761726,-1.0362441003153826,-0.20481046095933253,0.2576833738398858,-0.9028805288055135,-0.12018534833665113,0.0,0.0,0.0,0.0,0.0,0.0,0.0,0.0,0.0,0.0,0.0,0.0,0.0,0.0,0.0,0.0,0.0,0.0,0.0,0.0,0.0,0.0,0.0,0.0,0.0,0.0,0.0,0.0,0.0,0.0,0.0,0.0,0.0,0.0,0.0,0.0,0.0,0.0,0.0,0.0,0.0,0.0,0.0,0.0,0.0,0.0,0.0,0.0,0.0,0.0,0.0,0.0,0.0,0.0,0.0,0.0,0.0,0.0,0.0,0.0,0.0,0.0,0.0
dois,0.0,0.0,0.0,-0.22278710373282973,-0.49170750729731816,-0.012478924557720993,-0.1837260784662315,-0.9363148425198418,-0.09858995782167446,0.021469554285839642,-1.1870871544480293,-0.16714670263997283,0.22165016457264855,-1.250422304741478,-0.23801008457003164,-0.1038576358537376,-1.0277514598683333,-0.3764014458693774,-0.2109671741999601,-1.704699616987372,-0.4866861823465241,-0.24076066768049081,-2.0982223353073106,-0.5343149558552823,-0.24388864436211244,-2.4028269600412626,-0.5651187792522185,0.19198617286747444,-0.9813976306409652,-0.38720498162445505,0.34944680998719024,-1.6733617207413132,-0.47698149494418285,0.477667368102334,-2.0962105273181324,-0.5030595141841679,0.5886952760971016,-2.3757690347411384,-0.5258264560084831,0.4041443730832006,-0.863821170546169,-0.3592025576387243,0.38277002839108387,-1.3696552444881174,-0.3539257784902803,0.26010814927929776,-1.2961799239654015,-0.2455489279640679,0.17551937392501182,-1.12973278367008,-0.1746579798595454,0.5429584273409156,-0.7340152263264714,-0.3330395397899946,0.4221647751326053,-1.082349631397251,-0.2981717792214605,0.30316337731154974,-1.0268467596292976,-0.18844096254205475,0.2527165113478843,-0.8970204631391995,-0.10321608290086352,0.0,0.0,0.0,0.0,0.0,0.0,0.0,0.0,0.0,0.0,0.0,0.0,0.0,0.0,0.0,0.0,0.0,0.0,0.0,0.0,0.0,0.0,0.0,0.0,0.0,0.0,0.0,0.0,0.0,0.0,0.0,0.0,0.0,0.0,0.0,0.0,0.0,0.0,0.0,0.0,0.0,0.0,0.0,0.0,0.0,0.0,0.0,0.0,0.0,0.0,0.0,0.0,0.0,0.0,0.0,0.0,0.0,0.0,0.0,0.0,0.0,0.0,0.0
dois,0.0,0.0,0.0,-0.2283426801884618,-0.4946274334241819,-0.02600471035158874,-0.1881874460934727,-0.9451111622146245,-0.11695210034155729,0.015230035072808124,-1.2016348066133362,-0.19153655917434795,0.2115444503783385,-1.2750265452915839,-0.2674763858136487,-0.10979767548367259,-1.0244638125483674,-0.37259997132312844,-0.21418632349941932,-1.709995368343227,-0.4879633461106503,-0.2485690599035865,-2.109375465009357,-0.5358347999443371,-0.25655781200573824,-2.4181388496178746,-0.565146072183332,0.1901669175820339,-0.9817517728312732,-0.3869695591893554,0.3562747779496392,-1.687076918652254,-0.4769071021776667,0.48279545826500203,-2.118515088977816,-0.5002186902606001,0.5886392526392599,-2.4015581395117436,-0.5197412946050669,0.4079065316047825,-0.8644477693594745,-0.36742477402180845,0.3963261031491852,-1.3985939070144093,-0.3801062290075364,0.2776373976444735,-1.3164459808465567,-0.28158447900017314,0.1937010854940232,-1.137345993362667,-0.2127807433932293,0.5536867749031102,-0.7327444395486666,-0.3503835394098592,0.43144562251968716,-1.1039520084507262,-0.3354357034617522,0.3131854884808892,-1.0435942979047874,-0.23447130349464892,0.26241228383193665,-0.9027163328738759,-0.15247388001145099,0.0,0.0,0.0,0.0,0.0,0.0,0.0,0.0,0.0,0.0,0.0,0.0,0.0,0.0,0.0,0.0,0.0,0.0,0.0,0.0,0.0,0.0,0.0,0.0,0.0,0.0,0.0,0.0,0.0,0.0,0.0,0.0,0.0,0.0,0.0,0.0,0.0,0.0,0.0,0.0,0.0,0.0,0.0,0.0,0.0,0.0,0.0,0.0,0.0,0.0,0.0,0.0,0.0,0.0,0.0,0.0,0.0,0.0,0.0,0.0,0.0,0.0,0.0
dois,0.0,0.0,0.0,-0.22957512242566588,-0.49148698542398633,-0.0249710341761875,-0.1928957666533234,-0.9433946208882815,-0.1145822187012549,0.00881743787625663,-1.2064998635982118,-0.18783627770147493,0.20500771369576085,-1.2832614073321116,-0.2623297115490581,-0.1118156326703696,-1.0209999883269056,-0.3685638985974275,-0.21975594245572214,-1.7070740407301348,-0.48432148475420705,-0.2521824604754827,-2.105740699628014,-0.5337341697351657,-0.25728446081070766,-2.4170123154426655,-0.5645384767241781,0.18765523648578772,-0.982234957746599,-0.38263542458119754,0.35155078027205006,-1.6893323874192483,-0.4703454614616269,0.4793053519750315,-2.117828340726243,-0.49139149383800457,0.5864941444449377,-2.402141151993787,-0.50943774418383,0.4036922289807948,-0.8668997400567404,-0.36335055455824083,0.3916567121906668,-1.404016288593356,-0.37459788437142855,0.2717043485786708,-1.323749490512275,-0.2759187540030268,0.1866030560454479,-1.1463315524355355,-0.20713530277575543,0.5452680316409119,-0.7342064252854155,-0.34669669762328303,0.4250584184113084,-1.1026612170222705,-0.3324831645117158,0.3047937304410704,-1.0464240059691825,-0.23345410933236177,0.2519468473631246,-0.9077463710381788,-0.15255368830250582,0.0,0.0,0.0,0.0,0.0,0.0,0.0,0.0,0.0,0.0,0.0,0.0,0.0,0.0,0.0,0.0,0.0,0.0,0.0,0.0,0.0,0.0,0.0,0.0,0.0,0.0,0.0,0.0,0.0,0.0,0.0,0.0,0.0,0.0,0.0,0.0,0.0,0.0,0.0,0.0,0.0,0.0,0.0,0.0,0.0,0.0,0.0,0.0,0.0,0.0,0.0,0.0,0.0,0.0,0.0,0.0,0.0,0.0,0.0,0.0,0.0,0.0,0.0
dois,0.0,0.0,0.0,-0.21840184619710787,-0.4819214389583788,-0.016852782194248274,-0.17888153724910616,-0.9270943503165882,-0.10224928363886328,0.02116965013885633,-1.1920201062734055,-0.17348430379938326,0.21232883743996236,-1.2758789193787956,-0.24601969861149714,-0.1086076741350927,-1.0196331351490442,-0.352924376789981,-0.2096928542164754,-1.702308357108051,-0.464744065353925,-0.23860452482477776,-2.096778858751621,-0.5097503824755655,-0.24254489207699614,-2.4028032644329556,-0.5361818628005807,0.18329233808545717,-0.9830584513644987,-0.3712735082173597,0.3505059283132383,-1.6780932465793539,-0.4584494821009472,0.4769868850289498,-2.1006925662493665,-0.4786718778386959,0.5845737127323591,-2.385210048127188,-0.4939746116192405,0.3993593729728867,-0.869856968286831,-0.3563534182825865,0.3835361144289072,-1.3931374061344997,-0.36810033788389246,0.2636515030047556,-1.2999511502858658,-0.2697059705600978,0.18335023973970252,-1.1220213107302794,-0.19966050309003364,0.5462247667465012,-0.7347108971030567,-0.3434375656446747,0.4274372319894782,-1.086404989577872,-0.3266873599344398,0.3118305391879777,-1.016749160667806,-0.22569885617624258,0.26576387198805246,-0.8778193482893404,-0.14270727481701453,0.0,0.0,0.0,0.0,0.0,0.0,0.0,0.0,0.0,0.0,0.0,0.0,0.0,0.0,0.0,0.0,0.0,0.0,0.0,0.0,0.0,0.0,0.0,0.0,0.0,0.0,0.0,0.0,0.0,0.0,0.0,0.0,0.0,0.0,0.0,0.0,0.0,0.0,0.0,0.0,0.0,0.0,0.0,0.0,0.0,0.0,0.0,0.0,0.0,0.0,0.0,0.0,0.0,0.0,0.0,0.0,0.0,0.0,0.0,0.0,0.0,0.0,0.0
dois,0.0,0.0,0.0,-0.21676261326128657,-0.48851298740486976,-0.012461018113301551,-0.1812728851610831,-0.9269953642317315,-0.09829844900635062,0.011743161530112149,-1.1919414234018377,-0.17041868971980095,0.19988394310388868,-1.2771928483739254,-0.244079679356951,-0.09610499684181892,-1.0175279020793542,-0.354212451645321,-0.20591275718995114,-1.6962201305334896,-0.4682629656506134,-0.23916020739154897,-2.09208918086896,-0.5176679802820441,-0.24324978758150564,-2.397416885538388,-0.548732915009235,0.19550508112771284,-0.9807026885112768,-0.3744084696316278,0.3528628125692667,-1.6751421953223784,-0.46657988100503117,0.47496959036308634,-2.101751220053113,-0.49125488109095555,0.5796425301947469,-2.3809208049935924,-0.5109541862861532,0.4076302403689102,-0.8661523308106713,-0.36007078627720696,0.3874138198969673,-1.4036625239730354,-0.36857590474972735,0.2636299784271882,-1.3313929976184808,-0.2663794585349987,0.17888280105962337,-1.1582041759228119,-0.196647874093069,0.5472275564559652,-0.730837265941502,-0.34802317011742623,0.42760238150187163,-1.09467035397456,-0.3304834319009875,0.3081942366985238,-1.0359505552812778,-0.22881848247901737,0.25746918468699437,-0.8962147912984394,-0.14634119345647117,0.0,0.0,0.0,0.0,0.0,0.0,0.0,0.0,0.0,0.0,0.0,0.0,0.0,0.0,0.0,0.0,0.0,0.0,0.0,0.0,0.0,0.0,0.0,0.0,0.0,0.0,0.0,0.0,0.0,0.0,0.0,0.0,0.0,0.0,0.0,0.0,0.0,0.0,0.0,0.0,0.0,0.0,0.0,0.0,0.0,0.0,0.0,0.0,0.0,0.0,0.0,0.0,0.0,0.0,0.0,0.0,0.0,0.0,0.0,0.0,0.0,0.0,0.0
dois,0.0,0.0,0.0,-0.21126153446005158,-0.48358863755953707,-0.00440795345136626,-0.1779164949271026,-0.9182548984242325,-0.08535841811722104,0.0060804451076429695,-1.1893659941865156,-0.1539744349123071,0.1898790283700751,-1.2761305409975805,-0.2237304330596684,-0.0959195899598382,-1.0186871389893377,-0.3437745187845474,-0.2038753653968435,-1.6897064533792894,-0.4586181548593247,-0.23680081977380754,-2.079861835730368,-0.5083309975865927,-0.24294307268833473,-2.3753991317203162,-0.5379669901091774,0.19011264554323218,-0.9817622838572245,-0.36422228390080796,0.35010664630098043,-1.669532875318238,-0.45673754342243733,0.4699736301959464,-2.089085357572672,-0.48170820371988565,0.5681128555818646,-2.354069856582965,-0.5001366982554006,0.4002989419883684,-0.86965762534798,-0.3496661029228068,0.38137431727611815,-1.3872302100125093,-0.3534858321952788,0.26050860635185114,-1.3236480834209723,-0.25023502289922295,0.1750154760793144,-1.1594790606065757,-0.17926313653763518,0.5412873144103066,-0.7371425042314755,-0.3368675304003718,0.4201097055001988,-1.0932374284919477,-0.31234627003800014,0.3039566356400379,-1.0401488788758044,-0.20873918093882535,0.25205278103602347,-0.9073729124773834,-0.12448163671544583,0.0,0.0,0.0,0.0,0.0,0.0,0.0,0.0,0.0,0.0,0.0,0.0,0.0,0.0,0.0,0.0,0.0,0.0,0.0,0.0,0.0,0.0,0.0,0.0,0.0,0.0,0.0,0.0,0.0,0.0,0.0,0.0,0.0,0.0,0.0,0.0,0.0,0.0,0.0,0.0,0.0,0.0,0.0,0.0,0.0,0.0,0.0,0.0,0.0,0.0,0.0,0.0,0.0,0.0,0.0,0.0,0.0,0.0,0.0,0.0,0.0,0.0,0.0
dois,0.0,0.0,0.0,-0.21042315095567546,-0.48611659463781143,-0.005268104696744727,-0.1745098264361886,-0.9219336261081751,-0.08593353405192257,0.012876292406153433,-1.1867936940615746,-0.15490651930307983,0.19767518143132645,-1.2707238283750681,-0.22524665913350425,-0.09827838173553141,-1.0219658905541198,-0.3395987971587452,-0.2070048972362138,-1.697418455874088,-0.45348057169217504,-0.2385451310019817,-2.0901556236932217,-0.5016109110219207,-0.2438751086762488,-2.388196244422292,-0.5296580018890694,0.1893367906366728,-0.9819122057044636,-0.3621488787836977,0.3500512923129967,-1.6746111476844108,-0.45345774962480406,0.46812897909507684,-2.094837017345078,-0.4770613019793732,0.563503765229225,-2.360429168022467,-0.4942690724475422,0.40121167106349687,-0.867514884768896,-0.35090904476826607,0.3862116964600687,-1.3918755246388406,-0.3592599740340651,0.26719311187050865,-1.3285574069566572,-0.26032070895837794,0.18261316360282986,-1.1646316900762432,-0.19121190165806906,0.5434737796454175,-0.7329833073668622,-0.34115455835915226,0.42396376898240834,-1.091094342598049,-0.3195786168643621,0.3077990360869081,-1.0369923770202425,-0.21784342646471616,0.2556067445776163,-0.9028650371947555,-0.13503582696645378,0.0,0.0,0.0,0.0,0.0,0.0,0.0,0.0,0.0,0.0,0.0,0.0,0.0,0.0,0.0,0.0,0.0,0.0,0.0,0.0,0.0,0.0,0.0,0.0,0.0,0.0,0.0,0.0,0.0,0.0,0.0,0.0,0.0,0.0,0.0,0.0,0.0,0.0,0.0,0.0,0.0,0.0,0.0,0.0,0.0,0.0,0.0,0.0,0.0,0.0,0.0,0.0,0.0,0.0,0.0,0.0,0.0,0.0,0.0,0.0,0.0,0.0,0.0
dois,0.0,0.0,0.0,-0.21274527524658335,-0.4795069205748813,-0.012787791601299716,-0.17652236187596015,-0.9233402254050141,-0.09204450398674151,0.019193863845189715,-1.1764992091958528,-0.15945658011147648,0.2108448206983208,-1.248728828879562,-0.2286287082397734,-0.09833566157078225,-1.0321516402249031,-0.3274567518888443,-0.20303763323805418,-1.6971762886419306,-0.4321033685131491,-0.23431275235922694,-2.0799852886694294,-0.4723143829409633,-0.24134044203971822,-2.3747218773726355,-0.49387280569713643,0.1890941986479792,-0.9819589523181091,-0.34950798543336625,0.34892581468117495,-1.673898361279685,-0.4298805239996504,0.4626013395467723,-2.088143949785413,-0.44732092940200335,0.5565133992328563,-2.3566722921232057,-0.45939463938092767,0.3998632920012743,-0.859199712917129,-0.34061173723308796,0.38946669577767445,-1.3613076791144794,-0.3556566137097119,0.2698889651783083,-1.2929153231403963,-0.268949592481804,0.1862560694561467,-1.1327897148963488,-0.2048046385576957,0.5405983099277282,-0.7223477792315307,-0.3326584453843207,0.4273745425751193,-1.069320871033909,-0.31569246768293713,0.312953816734559,-1.008776584311429,-0.21789993031316343,0.26277210380530486,-0.8747155874142412,-0.13729269013734713,0.0,0.0,0.0,0.0,0.0,0.0,0.0,0.0,0.0,0.0,0.0,0.0,0.0,0.0,0.0,0.0,0.0,0.0,0.0,0.0,0.0,0.0,0.0,0.0,0.0,0.0,0.0,0.0,0.0,0.0,0.0,0.0,0.0,0.0,0.0,0.0,0.0,0.0,0.0,0.0,0.0,0.0,0.0,0.0,0.0,0.0,0.0,0.0,0.0,0.0,0.0,0.0,0.0,0.0,0.0,0.0,0.0,0.0,0.0,0.0,0.0,0.0,0.0
dois,0.0,0.0,0.0,-0.21510635477232923,-0.4783861717100641,-0.008898538888221404,-0.18103875702360678,-0.9253565299396894,-0.08495505876474531,0.017614628585636418,-1.1754453459709377,-0.1485459096966635,0.21024798131331154,-1.2401537217917764,-0.21443000337015744,-0.09706462609264264,-1.0322481705390627,-0.3278451336377626,-0.20396699097121557,-1.7032825439787707,-0.4308816021009538,-0.23658186136064493,-2.0868238778997874,-0.47108145956325476,-0.24390448169270915,-2.3812516763194846,-0.4931864332188318,0.18930373901766182,-0.9819185782914656,-0.34867477738580954,0.349049989653144,-1.675762668644549,-0.4249650653882015,0.46332405906473395,-2.0909028162461953,-0.4407608287234037,0.5586840747276477,-2.3627795178701425,-0.4530028340387792,0.39837012474837213,-0.862148728262266,-0.337770282173709,0.3913761073302498,-1.3727544844297164,-0.3492830708761893,0.2707733382832007,-1.3036381548762506,-0.2627469027698601,0.1853189818411492,-1.1394926124259566,-0.19976190486734993,0.5378162772939861,-0.7278499547510278,-0.3274402577252812,0.42402205063120674,-1.0726129825394397,-0.3117645238226612,0.30933083425689717,-1.0108548834246118,-0.2171438131570822,0.2593482686849442,-0.8753822138132749,-0.13871199487246713,0.0,0.0,0.0,0.0,0.0,0.0,0.0,0.0,0.0,0.0,0.0,0.0,0.0,0.0,0.0,0.0,0.0,0.0,0.0,0.0,0.0,0.0,0.0,0.0,0.0,0.0,0.0,0.0,0.0,0.0,0.0,0.0,0.0,0.0,0.0,0.0,0.0,0.0,0.0,0.0,0.0,0.0,0.0,0.0,0.0,0.0,0.0,0.0,0.0,0.0,0.0,0.0,0.0,0.0,0.0,0.0,0.0,0.0,0.0,0.0,0.0,0.0,0.0
dois,0.0,0.0,0.0,-0.2104109857929106,-0.47885197526439355,-0.005974318796093532,-0.17659682510841201,-0.9129021846630575,-0.07867853976436875,0.022379653738177182,-1.1529564748072587,-0.14109664179967113,0.21590077388837683,-1.2145671359898074,-0.20540861594278173,-0.09980878665461933,-1.0255227903116473,-0.3055219598904194,-0.20123493855835534,-1.6947546453353814,-0.4018398368224501,-0.23266394478586877,-2.072140187659965,-0.43560487097308825,-0.2390158287040657,-2.3633807878876123,-0.4524763992184649,0.1831932530192604,-0.9830769207179167,-0.3282240320229146,0.34354021827096026,-1.666676585838558,-0.400567343923571,0.45749826318486936,-2.071509435625497,-0.4145792247980073,0.5528134008793639,-2.3394648753107914,-0.4231739187011173,0.39115417200989105,-0.8624180710192786,-0.32050364753370975,0.38869566796356864,-1.363538110665158,-0.33554477011789624,0.27377169469137347,-1.279936861562457,-0.2529015224466188,0.1907931686328422,-1.1089391004683198,-0.1890597715637241,0.5314972481442871,-0.7189778458983747,-0.31264724650546466,0.42385570515742893,-1.0574106737474083,-0.2983846638110717,0.3135014521263224,-0.9950194314063461,-0.20439803483124647,0.2645648923414375,-0.8601843787013147,-0.1243516552043595,0.0,0.0,0.0,0.0,0.0,0.0,0.0,0.0,0.0,0.0,0.0,0.0,0.0,0.0,0.0,0.0,0.0,0.0,0.0,0.0,0.0,0.0,0.0,0.0,0.0,0.0,0.0,0.0,0.0,0.0,0.0,0.0,0.0,0.0,0.0,0.0,0.0,0.0,0.0,0.0,0.0,0.0,0.0,0.0,0.0,0.0,0.0,0.0,0.0,0.0,0.0,0.0,0.0,0.0,0.0,0.0,0.0,0.0,0.0,0.0,0.0,0.0,0.0
dois,0.0,0.0,0.0,-0.2119278250738009,-0.489126904019375,-0.01454603950536722,-0.1758024140148557,-0.9277608013226704,-0.09352381907986126,0.02445315261507738,-1.1678643615650552,-0.16198862655278232,0.21364908103806576,-1.2274714473862964,-0.2325502042033551,-0.09254374757272178,-1.0230845649962494,-0.3181176035200218,-0.20222222694318684,-1.6950930654372423,-0.42635308202488703,-0.23903561970859388,-2.081372527726851,-0.4711956227758054,-0.2484863590513133,-2.377968141702307,-0.4958606781411404,0.1961502848320235,-0.9805738451337136,-0.343231196649966,0.3492106626528924,-1.6746779173809043,-0.42511109075167514,0.45707895952503685,-2.0891021481261594,-0.44459631252911835,0.5499606005229997,-2.3624395683517148,-0.45734003979376,0.4059240050646997,-0.8593786259883379,-0.33934251056655346,0.39133073606151025,-1.3822866512805885,-0.36351932637491763,0.27119742853236234,-1.308619855660492,-0.2814639599424302,0.19011986003953335,-1.1380831530535886,-0.2174115579471991,0.5422405715834508,-0.7179802300473088,-0.336454110970414,0.4317102335654906,-1.0842336835051072,-0.332385722037365,0.3172427383371191,-1.0298536692110731,-0.2396864386680793,0.2678045181528745,-0.8932808736958903,-0.15971166538870277,0.0,0.0,0.0,0.0,0.0,0.0,0.0,0.0,0.0,0.0,0.0,0.0,0.0,0.0,0.0,0.0,0.0,0.0,0.0,0.0,0.0,0.0,0.0,0.0,0.0,0.0,0.0,0.0,0.0,0.0,0.0,0.0,0.0,0.0,0.0,0.0,0.0,0.0,0.0,0.0,0.0,0.0,0.0,0.0,0.0,0.0,0.0,0.0,0.0,0.0,0.0,0.0,0.0,0.0,0.0,0.0,0.0,0.0,0.0,0.0,0.0,0.0,0.0
dois,0.0,0.0,0.0,-0.2148643560445165,-0.48669459861883996,-0.01548748002609807,-0.18236541517523944,-0.9304168778473475,-0.0957817779388769,0.018937447670817925,-1.1807259202472526,-0.16355506566843755,0.2106716385428119,-1.2460079885498208,-0.2322063484772925,-0.10497065333211232,-1.0234523852640882,-0.3282757371525157,-0.20958938437063263,-1.704030508088581,-0.4356302811995803,-0.24524458951081982,-2.0929581689091337,-0.4773005846718722,-0.25636042280304644,-2.389685637674647,-0.5000075050005137,0.18634844162000172,-0.9824837191046968,-0.34961228503764635,0.3468463904675825,-1.6818767858772674,-0.4322332860771147,0.46054502018099075,-2.098898633779524,-0.4508684751257217,0.554107376378299,-2.3706360328792933,-0.4637819953673005,0.4011743083191979,-0.8690207159210632,-0.3405095893580481,0.3895633558142305,-1.4017324308498236,-0.36134194751267884,0.26977816726378595,-1.3282866206547057,-0.27624000466710097,0.18481645531253826,-1.1578566273041233,-0.21163429348915389,0.5452666910538966,-0.7356056086693677,-0.33237688726011144,0.4245537575311249,-1.10350553307253,-0.3267391293645209,0.30924230008961623,-1.0480141057641703,-0.23511948493472976,0.25836793876398373,-0.9123108828082345,-0.15649102921037175,0.0,0.0,0.0,0.0,0.0,0.0,0.0,0.0,0.0,0.0,0.0,0.0,0.0,0.0,0.0,0.0,0.0,0.0,0.0,0.0,0.0,0.0,0.0,0.0,0.0,0.0,0.0,0.0,0.0,0.0,0.0,0.0,0.0,0.0,0.0,0.0,0.0,0.0,0.0,0.0,0.0,0.0,0.0,0.0,0.0,0.0,0.0,0.0,0.0,0.0,0.0,0.0,0.0,0.0,0.0,0.0,0.0,0.0,0.0,0.0,0.0,0.0,0.0
dois,0.0,0.0,0.0,-0.2132960334090847,-0.48559456056221184,-0.01356401369859656,-0.17775495107053604,-0.922892333249792,-0.09239389394148284,0.022808914849372693,-1.1644397706099554,-0.16050656122925433,0.21341919760801695,-1.2240479585145247,-0.23039045799371205,-0.09420843261238544,-1.0228138056542047,-0.31822057597231,-0.20218265404120825,-1.6936604589250683,-0.42488350922983414,-0.2379353051037005,-2.0793754229105046,-0.46845551315976,-0.24708845782101532,-2.3757109488254686,-0.492682561123005,0.1942367841716493,-0.9809546736086515,-0.3423497083974039,0.34801111831363724,-1.6716243309994405,-0.42369117714733756,0.45714883087504,-2.0859941301120135,-0.4432749690231144,0.5508258783935878,-2.3591237419097135,-0.4564642809639939,0.40440047830366715,-0.8614974433660456,-0.33689695561245353,0.39261612774982974,-1.3857427085916254,-0.3580840374478309,0.27297374066149566,-1.3088903011945525,-0.27395339567010535,0.19116123727520118,-1.1366996349335554,-0.2092295485506078,0.5426862301843753,-0.7213333006025107,-0.3325240107293641,0.4319784477848063,-1.0849345432169917,-0.32601474860351737,0.31853245154475357,-1.0275164884676578,-0.23282274564895905,0.2699396590453547,-0.8894297151927799,-0.15277320092126973,0.0,0.0,0.0,0.0,0.0,0.0,0.0,0.0,0.0,0.0,0.0,0.0,0.0,0.0,0.0,0.0,0.0,0.0,0.0,0.0,0.0,0.0,0.0,0.0,0.0,0.0,0.0,0.0,0.0,0.0,0.0,0.0,0.0,0.0,0.0,0.0,0.0,0.0,0.0,0.0,0.0,0.0,0.0,0.0,0.0,0.0,0.0,0.0,0.0,0.0,0.0,0.0,0.0,0.0,0.0,0.0,0.0,0.0,0.0,0.0,0.0,0.0,0.0
dois,0.0,0.0,0.0,-0.20757567947472458,-0.4790757950216794,-0.012633770695299765,-0.17172216915713284,-0.9039932460416514,-0.09007926448698791,0.026041663521074745,-1.1303672948267849,-0.15894030270193435,0.21546422235050622,-1.1839613305412315,-0.22996683885048522,-0.09481529783419068,-1.0236282083699277,-0.30476648429491304,-0.20091836684258002,-1.6599448017716008,-0.41562740932438547,-0.2360565247628309,-2.0360792863796835,-0.4654181168870079,-0.24536654121664628,-2.3219442453168155,-0.49370162819604607,0.19017162523539954,-0.9817508609394374,-0.33135974645713917,0.3360098642689637,-1.641710606962704,-0.4134382396749022,0.4456949129082495,-2.041348438085176,-0.43626406171234483,0.5399159344475106,-2.300672043730508,-0.4517354804749752,0.40144474144199405,-0.8579043232477258,-0.33033317496230175,0.3764871438411835,-1.3281986893079956,-0.3520132558494121,0.2633303550277824,-1.2587054214535862,-0.2726673532684054,0.18508107750418235,-1.0982884156179598,-0.21170332823944388,0.5434378442773212,-0.7107365214453617,-0.33092444107788954,0.42347283250744416,-1.0468716091749408,-0.3247926388659348,0.3157316907941659,-0.9897370674116394,-0.23349309671712273,0.2677479604439399,-0.8561399567962332,-0.15495492559281052,0.0,0.0,0.0,0.0,0.0,0.0,0.0,0.0,0.0,0.0,0.0,0.0,0.0,0.0,0.0,0.0,0.0,0.0,0.0,0.0,0.0,0.0,0.0,0.0,0.0,0.0,0.0,0.0,0.0,0.0,0.0,0.0,0.0,0.0,0.0,0.0,0.0,0.0,0.0,0.0,0.0,0.0,0.0,0.0,0.0,0.0,0.0,0.0,0.0,0.0,0.0,0.0,0.0,0.0,0.0,0.0,0.0,0.0,0.0,0.0,0.0,0.0,0.0
dois,0.0,0.0,0.0,-0.20791179277107164,-0.4735777125122947,-0.008434689276572128,-0.17232830046131653,-0.8992098147707069,-0.08371680017477523,0.026494956739677646,-1.1250699297719433,-0.15013495171088476,0.21872185876891959,-1.176698370596656,-0.21875985990807806,-0.09875407628432353,-1.023854585104158,-0.3039856624875468,-0.20291143836673092,-1.668890357659328,-0.4090100057868283,-0.2360500591009085,-2.045579735584411,-0.45253966671737195,-0.24509101704810904,-2.3335547220525936,-0.4764931854350396,0.18598186862641716,-0.9825531764450339,-0.3296488172272657,0.3354987149192096,-1.6473333936940056,-0.4045363988357657,0.44393954146125253,-2.0459950317841,-0.4214622725743023,0.5349379276163762,-2.3050979275695975,-0.43338537270733496,0.39687653643175674,-0.8597666214050761,-0.3268409310771384,0.3754020941061134,-1.330607814201559,-0.3415540421517034,0.2635858099410354,-1.2540931854107191,-0.25995630211673065,0.1848982009053528,-1.0906315260127857,-0.19884108153045096,0.5396647778892067,-0.7120004703540775,-0.3252927095327008,0.41942806087529777,-1.0357180788085298,-0.31306724285427995,0.31210772767202616,-0.9737271242011674,-0.22079202248521104,0.2642548534627343,-0.8398614342339841,-0.1427837385761711,0.0,0.0,0.0,0.0,0.0,0.0,0.0,0.0,0.0,0.0,0.0,0.0,0.0,0.0,0.0,0.0,0.0,0.0,0.0,0.0,0.0,0.0,0.0,0.0,0.0,0.0,0.0,0.0,0.0,0.0,0.0,0.0,0.0,0.0,0.0,0.0,0.0,0.0,0.0,0.0,0.0,0.0,0.0,0.0,0.0,0.0,0.0,0.0,0.0,0.0,0.0,0.0,0.0,0.0,0.0,0.0,0.0,0.0,0.0,0.0,0.0,0.0,0.0
dois,0.0,0.0,0.0,-0.20631073074571415,-0.475332908657092,-0.004485015982445775,-0.17020707892960632,-0.8923600489463103,-0.07790944958178583,0.01834531578986618,-1.1261637074858657,-0.1456867862300663,0.1969290462395403,-1.2010461254289257,-0.21614893747608152,-0.0872676110218428,-1.0091634265489708,-0.29426638860743565,-0.19888728853312104,-1.6512023183145041,-0.4052631828039553,-0.2384203622909498,-2.026574012032843,-0.4528416828350721,-0.24816641122143437,-2.314484122297238,-0.47918403170731927,0.19421583020096178,-0.9809588224280116,-0.3271769557720336,0.3397092758961311,-1.6460956210155357,-0.4142831007308912,0.44164152251959266,-2.0476930270234948,-0.43725571148667935,0.5346118697560771,-2.311787159443217,-0.45053176559118996,0.39959333506283806,-0.8588129431274686,-0.3321688483022087,0.38009111226722625,-1.352025687026514,-0.35985368357437514,0.26058437711498145,-1.2774771254810124,-0.277496199574327,0.18682849137373914,-1.1150166873356182,-0.21176272586348435,0.5354097412504818,-0.702445850517403,-0.33778672157780615,0.42843074759896216,-1.054023281711421,-0.3358867642698327,0.3179554541479505,-1.0034313813129951,-0.24272351038384116,0.27163028114162685,-0.8729702662143615,-0.16082904230945727,0.0,0.0,0.0,0.0,0.0,0.0,0.0,0.0,0.0,0.0,0.0,0.0,0.0,0.0,0.0,0.0,0.0,0.0,0.0,0.0,0.0,0.0,0.0,0.0,0.0,0.0,0.0,0.0,0.0,0.0,0.0,0.0,0.0,0.0,0.0,0.0,0.0,0.0,0.0,0.0,0.0,0.0,0.0,0.0,0.0,0.0,0.0,0.0,0.0,0.0,0.0,0.0,0.0,0.0,0.0,0.0,0.0,0.0,0.0,0.0,0.0,0.0,0.0
dois,0.0,0.0,0.0,-0.20166118320650883,-0.4801768772342916,0.0029111773262693913,-0.16000296757410173,-0.8887268465906301,-0.06858153363701673,0.035605498273178715,-1.1131394529549885,-0.13699005087154772,0.22534558939658964,-1.186604152258812,-0.2085258020542231,-0.10328634676890845,-1.015539553243613,-0.2754177942106142,-0.20118301934011948,-1.6581684449703766,-0.3864725428934379,-0.23900130006233294,-2.033789506719773,-0.43479506678993757,-0.24964232439873585,-2.3207494082634597,-0.45945649565566765,0.1724387163888129,-0.9850202480610125,-0.31284899229393415,0.3355264043938979,-1.6459661431611416,-0.38604093426319813,0.4424797474580236,-2.0423991396136953,-0.40032544248808855,0.5340851573965942,-2.3041886240289933,-0.4097879954829096,0.3854342883709784,-0.8643407577346637,-0.32468203863143213,0.384522100905327,-1.346152300667072,-0.34391002198593795,0.2758951843088386,-1.2576791055502539,-0.26373769591118684,0.20526431698758427,-1.090356903529742,-0.20256423300496337,0.5341119903857294,-0.7073379866757693,-0.33746178636685664,0.4335194073961043,-1.035498735552053,-0.3290913695710748,0.33263568647436215,-0.9688989881885809,-0.23655986932435719,0.2923050329794194,-0.837472080723908,-0.15749795942249378,0.0,0.0,0.0,0.0,0.0,0.0,0.0,0.0,0.0,0.0,0.0,0.0,0.0,0.0,0.0,0.0,0.0,0.0,0.0,0.0,0.0,0.0,0.0,0.0,0.0,0.0,0.0,0.0,0.0,0.0,0.0,0.0,0.0,0.0,0.0,0.0,0.0,0.0,0.0,0.0,0.0,0.0,0.0,0.0,0.0,0.0,0.0,0.0,0.0,0.0,0.0,0.0,0.0,0.0,0.0,0.0,0.0,0.0,0.0,0.0,0.0,0.0,0.0
dois,0.0,0.0,0.0,-0.21222518233739399,-0.48357158445617915,-0.003266239054957046,-0.17654276327343987,-0.9005136798996165,-0.0802046462206479,0.02362786967568982,-1.1388448906479156,-0.15272764295502161,0.22349949711806794,-1.2197379280651472,-0.22781473341500402,-0.11633066625862537,-1.0186287956889195,-0.2882916262291527,-0.21266191657115657,-1.6770704102310428,-0.40129849169037063,-0.24806559240628914,-2.064849337627237,-0.4503863243070202,-0.25333446920451913,-2.3626922277289304,-0.47626060291410033,0.16481706517968903,-0.9863241531188184,-0.3241975806599331,0.33294181032417564,-1.6571761390785316,-0.40171975540111904,0.44231430081579465,-2.067028627762984,-0.41744786946883,0.5365210239059033,-2.3420192279489456,-0.42790228075657427,0.3808040489406237,-0.8627792944733947,-0.33414057479086856,0.39209985816477755,-1.3730057686392734,-0.35733095724273756,0.2814196293029703,-1.2810326878763865,-0.27260711713117636,0.20673602172031635,-1.1039045090595079,-0.20755851363223896,0.5313819352122523,-0.7034704200231636,-0.3455505304624831,0.44337683824157254,-1.0448451713701734,-0.3391100695873178,0.33968052371603424,-0.9778408302157257,-0.24334243233335787,0.29750253859538217,-0.8399746482922549,-0.16155580107795428,0.0,0.0,0.0,0.0,0.0,0.0,0.0,0.0,0.0,0.0,0.0,0.0,0.0,0.0,0.0,0.0,0.0,0.0,0.0,0.0,0.0,0.0,0.0,0.0,0.0,0.0,0.0,0.0,0.0,0.0,0.0,0.0,0.0,0.0,0.0,0.0,0.0,0.0,0.0,0.0,0.0,0.0,0.0,0.0,0.0,0.0,0.0,0.0,0.0,0.0,0.0,0.0,0.0,0.0,0.0,0.0,0.0,0.0,0.0,0.0,0.0,0.0,0.0
dois,0.0,0.0,0.0,-0.21466922571003863,-0.4797603928489773,-0.00748273806911911,-0.17867028940514487,-0.9179664893562953,-0.08438283495805537,0.025056323247234568,-1.1761456288908358,-0.15155187130606523,0.22596357248309637,-1.2547389550269294,-0.2198363505811832,-0.11237541984034372,-1.0312365571552904,-0.31124581087809117,-0.2158801730621156,-1.7034318253879208,-0.4166735971141473,-0.2490631795088224,-2.092783193830811,-0.45947657561393807,-0.2546515017055628,-2.391556881482409,-0.4838082120398917,0.1666829132186154,-0.9860105508770965,-0.33942993408669164,0.33043109546080107,-1.667676671724508,-0.4234021353613519,0.4468789901660406,-2.08359609047648,-0.4435051043539454,0.5486622945831247,-2.362582730837494,-0.45710948050074235,0.3769233980513631,-0.8628817757142827,-0.3377769504351183,0.38936853623454365,-1.4014352625447792,-0.3622179113583219,0.27244365160600104,-1.318552735341955,-0.27480641771053316,0.19137102167046396,-1.142545651120447,-0.20748815891747038,0.5246181843317852,-0.7148750849950983,-0.33675756130231194,0.43290509447169195,-1.0864470763745404,-0.33071844723233185,0.3202349379842396,-1.026070562633228,-0.2356425646787185,0.2741144210897275,-0.8874858306581954,-0.15435894258375893,0.0,0.0,0.0,0.0,0.0,0.0,0.0,0.0,0.0,0.0,0.0,0.0,0.0,0.0,0.0,0.0,0.0,0.0,0.0,0.0,0.0,0.0,0.0,0.0,0.0,0.0,0.0,0.0,0.0,0.0,0.0,0.0,0.0,0.0,0.0,0.0,0.0,0.0,0.0,0.0,0.0,0.0,0.0,0.0,0.0,0.0,0.0,0.0,0.0,0.0,0.0,0.0,0.0,0.0,0.0,0.0,0.0,0.0,0.0,0.0,0.0,0.0,0.0
dois,0.0,0.0,0.0,-0.2077317080084189,-0.46615094633135506,-0.003609919907403527,-0.17121606358584843,-0.8891103922399081,-0.07775529750391157,0.023235557428284117,-1.1315048192752584,-0.14240411254244992,0.21449040576107742,-1.2093298481564367,-0.21133189667051094,-0.1053779524836643,-1.0249376214060186,-0.3082004774592709,-0.20464507566676648,-1.6654678889073316,-0.4126127424186199,-0.23871911822783806,-2.0466526581001703,-0.4600107591829512,-0.24738885223020357,-2.3413883422435933,-0.4869700060832971,0.17776488655625713,-0.9840729876933118,-0.33228850760257883,0.3287486427369625,-1.6426276204282302,-0.4028181917508578,0.4379585330510802,-2.0492606191741287,-0.4185259610299709,0.5335758891741558,-2.323000986884345,-0.4316132686444251,0.388663771252897,-0.8584675928992637,-0.32596624939227437,0.3872366767902065,-1.327042572694376,-0.32972470402063603,0.27433647695973584,-1.2523799905481805,-0.2410859040123392,0.1981188213303795,-1.0894287769675177,-0.17859467403604293,0.529861389325528,-0.7086802446047513,-0.3205074441455821,0.43224056015232115,-1.0294864850058445,-0.2951182376518576,0.3252778030508566,-0.963156864191463,-0.1931443818355718,0.2840095016146595,-0.8270917859482372,-0.11087998777202933,0.0,0.0,0.0,0.0,0.0,0.0,0.0,0.0,0.0,0.0,0.0,0.0,0.0,0.0,0.0,0.0,0.0,0.0,0.0,0.0,0.0,0.0,0.0,0.0,0.0,0.0,0.0,0.0,0.0,0.0,0.0,0.0,0.0,0.0,0.0,0.0,0.0,0.0,0.0,0.0,0.0,0.0,0.0,0.0,0.0,0.0,0.0,0.0,0.0,0.0,0.0,0.0,0.0,0.0,0.0,0.0,0.0,0.0,0.0,0.0,0.0,0.0,0.0
dois,0.0,0.0,0.0,-0.20953484658196317,-0.46896870951734443,-0.002417965520421136,-0.17698831403946846,-0.8911897071372292,-0.07385774037894201,0.008053781938659507,-1.1435216354081643,-0.1360997441291143,0.1900549968905491,-1.2280780068449142,-0.20178145957110577,-0.10090159451055537,-1.0146756502488201,-0.30398769143645404,-0.2012677497108602,-1.659262939081797,-0.412716134960218,-0.2341154248345282,-2.0450610172310957,-0.4644912063799586,-0.24190384084524894,-2.3450116709571853,-0.49536676074342156,0.18189576797393522,-0.9833178171848471,-0.3266330688209677,0.331755291459405,-1.6468240961453733,-0.39955073006600145,0.4383685076100258,-2.0530803675034845,-0.4163808545648963,0.52955405079348,-2.3261503807703785,-0.43076401065605047,0.3896910084170436,-0.8670063035350459,-0.31951418732077885,0.3851255846674468,-1.3547835797502197,-0.3254630310365675,0.27126961371728003,-1.2786246344213559,-0.23499873711239966,0.19379836460793007,-1.1087574883599145,-0.17061355547874474,0.5265549988618128,-0.7235787767074013,-0.3134981615061532,0.4269067977027331,-1.0620450151209038,-0.29606736582926807,0.3163911018769252,-0.9987991551318656,-0.19933022082975527,0.27135233041554785,-0.8599924655167224,-0.11891059217259567,0.0,0.0,0.0,0.0,0.0,0.0,0.0,0.0,0.0,0.0,0.0,0.0,0.0,0.0,0.0,0.0,0.0,0.0,0.0,0.0,0.0,0.0,0.0,0.0,0.0,0.0,0.0,0.0,0.0,0.0,0.0,0.0,0.0,0.0,0.0,0.0,0.0,0.0,0.0,0.0,0.0,0.0,0.0,0.0,0.0,0.0,0.0,0.0,0.0,0.0,0.0,0.0,0.0,0.0,0.0,0.0,0.0,0.0,0.0,0.0,0.0,0.0,0.0
dois,0.0,0.0,0.0,-0.20953028618994632,-0.469986025095503,-0.0017776338825025598,-0.1749078522076002,-0.893317248889629,-0.07434138409313126,0.01140343303723445,-1.1448253548125642,-0.1384555239011785,0.19557912258813903,-1.2321555594591274,-0.20561530901730868,-0.10142743111441557,-1.017206367937592,-0.30341241306797734,-0.20314941784224172,-1.6635523693165235,-0.4134886017625896,-0.23629866877731484,-2.0497494718033185,-0.46440905972215224,-0.2439523899567556,-2.3481683265267264,-0.49393080158084324,0.1820602078745722,-0.9832873845975384,-0.32826807407587083,0.3329589427276693,-1.653313119418635,-0.4032074701602737,0.4389391614763128,-2.0602726128354885,-0.4186878390731328,0.5278672830779361,-2.328934060960466,-0.43117054439690145,0.3914371415545119,-0.8669813851773144,-0.3238315157648081,0.3827654350951769,-1.3595935201757203,-0.3323016433195944,0.2669764604225983,-1.2853856196138513,-0.24127752971473043,0.18901695809524177,-1.1172813001103206,-0.17582025613258592,0.5294703297824506,-0.7239183426158842,-0.32044419370728977,0.42415387361453116,-1.0681134615498917,-0.3035312072658698,0.3113741719640189,-1.0072308951563873,-0.20591624306918566,0.26469763672416385,-0.8691348000009282,-0.12486225313178595,0.0,0.0,0.0,0.0,0.0,0.0,0.0,0.0,0.0,0.0,0.0,0.0,0.0,0.0,0.0,0.0,0.0,0.0,0.0,0.0,0.0,0.0,0.0,0.0,0.0,0.0,0.0,0.0,0.0,0.0,0.0,0.0,0.0,0.0,0.0,0.0,0.0,0.0,0.0,0.0,0.0,0.0,0.0,0.0,0.0,0.0,0.0,0.0,0.0,0.0,0.0,0.0,0.0,0.0,0.0,0.0,0.0,0.0,0.0,0.0,0.0,0.0,0.0
dois,0.0,0.0,0.0,-0.2071879048612914,-0.48548850046248687,-0.007722379148054244,-0.16261057768130155,-0.9208353145319176,-0.0857181739079595,0.0429913088981888,-1.1585834230877325,-0.1538605831503836,0.24183581124978365,-1.2225464181392698,-0.2254710608164088,-0.09280654633873604,-1.0292550933741307,-0.31771371908878615,-0.19164121667227738,-1.6780839771962097,-0.42134851172882054,-0.21925956167781654,-2.0628830209208,-0.4653793709985432,-0.22233737258302952,-2.362258119095641,-0.4914302087687738,0.19141458419146287,-0.9815092750243419,-0.3439351789358033,0.34670787814653903,-1.6606878206935454,-0.41716740154426335,0.45739998169410273,-2.072565764120364,-0.43105160685242894,0.553078569736157,-2.344711146995034,-0.44324759108434675,0.40134294210144794,-0.8559404263552983,-0.3400122688730404,0.3978923194016821,-1.3666860395502896,-0.34950581076867554,0.27692498280549355,-1.2957500730553528,-0.2601047515393626,0.19619132053498378,-1.126572607882436,-0.19592754993048506,0.5411645465825811,-0.708240684120509,-0.3370976142634319,0.4390514778713369,-1.0793474169765402,-0.31952841527090364,0.3244618956434845,-1.02335855803395,-0.22099738746242473,0.27702889011619186,-0.8828330565215506,-0.1405259138817381,0.0,0.0,0.0,0.0,0.0,0.0,0.0,0.0,0.0,0.0,0.0,0.0,0.0,0.0,0.0,0.0,0.0,0.0,0.0,0.0,0.0,0.0,0.0,0.0,0.0,0.0,0.0,0.0,0.0,0.0,0.0,0.0,0.0,0.0,0.0,0.0,0.0,0.0,0.0,0.0,0.0,0.0,0.0,0.0,0.0,0.0,0.0,0.0,0.0,0.0,0.0,0.0,0.0,0.0,0.0,0.0,0.0,0.0,0.0,0.0,0.0,0.0,0.0
dois,0.0,0.0,0.0,-0.20972488486430096,-0.480156374881786,-0.011501114271024557,-0.16989241439824507,-0.9152426530967515,-0.0899303136387928,0.033574212215962435,-1.1520142872682662,-0.15772976773867417,0.22879736669150352,-1.2112224016467275,-0.2287657208687783,-0.09316745017904486,-1.0250538790412007,-0.3207101752381793,-0.19540521537691122,-1.6881089081898233,-0.4270667444384279,-0.22523770103789836,-2.0746514768399917,-0.4717189533771411,-0.2297619485307476,-2.3750148700443807,-0.49772198913123816,0.1913936022872457,-0.9815133666963032,-0.3433779848356224,0.34181204624882483,-1.6612954968618188,-0.4200294769120412,0.4519552094471579,-2.068752840010807,-0.43482359574464946,0.5482421061115512,-2.339725875975364,-0.44658520728638373,0.40183486611401653,-0.8599482344093161,-0.3363494453224849,0.388770666782442,-1.3657119182882322,-0.35017680031253673,0.2727020008391413,-1.282884299930147,-0.2618211106565385,0.1960039025357238,-1.108446227131551,-0.19645008134459077,0.5425503504714139,-0.715740999251409,-0.330552271647322,0.4300448959371008,-1.0831338977072023,-0.31876751041419626,0.31561573273258037,-1.0254278198588462,-0.223934867816749,0.26955705219008036,-0.886205098517477,-0.14436987286448108,0.0,0.0,0.0,0.0,0.0,0.0,0.0,0.0,0.0,0.0,0.0,0.0,0.0,0.0,0.0,0.0,0.0,0.0,0.0,0.0,0.0,0.0,0.0,0.0,0.0,0.0,0.0,0.0,0.0,0.0,0.0,0.0,0.0,0.0,0.0,0.0,0.0,0.0,0.0,0.0,0.0,0.0,0.0,0.0,0.0,0.0,0.0,0.0,0.0,0.0,0.0,0.0,0.0,0.0,0.0,0.0,0.0,0.0,0.0,0.0,0.0,0.0,0.0
dois,0.0,0.0,0.0,-0.21181823975521427,-0.4755059262484942,-0.005867900689297771,-0.17709296014313083,-0.8983679463469293,-0.0845358862207136,0.01803822030594751,-1.1350801951115506,-0.15560107351797017,0.21172847537971573,-1.2049306891533231,-0.23028722625498782,-0.10123363880548722,-1.0230376826046883,-0.3118551475772197,-0.20184997490562306,-1.6905189500578113,-0.42774523741602705,-0.2350514697188593,-2.0811751694158476,-0.47799523124582,-0.2424197439568956,-2.381707817674329,-0.5039488741832271,0.18240217770627032,-0.9832240057931917,-0.33970948211628843,0.3451779961554654,-1.6757227427967918,-0.41716830105103625,0.4559618740187992,-2.079239435182982,-0.4284055234473383,0.5505430059065713,-2.3455204835339334,-0.43470332298279496,0.3961115457046796,-0.8554199737411029,-0.33919426912568673,0.3926726034298116,-1.343958858717747,-0.3537753526083479,0.27855487666046275,-1.2604813038810634,-0.26227826572700635,0.20541596829658126,-1.0909771621416169,-0.1929565356440598,0.5386691124146662,-0.6971573699929342,-0.3397973476299976,0.4447899379432924,-1.0435313038281184,-0.3220124354867549,0.33866455497025344,-0.9780950074762453,-0.21761045947376795,0.2970449570227659,-0.838915481364827,-0.1302225095046703,0.0,0.0,0.0,0.0,0.0,0.0,0.0,0.0,0.0,0.0,0.0,0.0,0.0,0.0,0.0,0.0,0.0,0.0,0.0,0.0,0.0,0.0,0.0,0.0,0.0,0.0,0.0,0.0,0.0,0.0,0.0,0.0,0.0,0.0,0.0,0.0,0.0,0.0,0.0,0.0,0.0,0.0,0.0,0.0,0.0,0.0,0.0,0.0,0.0,0.0,0.0,0.0,0.0,0.0,0.0,0.0,0.0,0.0,0.0,0.0,0.0,0.0,0.0
tres,0.0,0.0,0.0,-0.22597034932911372,-0.6199420723098792,-0.09085616029170099,-0.07703321811996858,-1.2337367126323018,-0.23139726281654394,0.2880988408900404,-1.5645743280578928,-0.3174970427078369,0.5171764583393634,-1.6987271033312472,-0.407856189231882,-0.2044078951640451,-1.2454242262498971,-0.625651051131794,-0.1153544855622201,-2.111167660679508,-0.7954925314488862,-0.06308520106572757,-2.632612063243281,-0.854942255352374,-0.03963264377556092,-3.058326751715613,-0.8837839097035148,0.07516017539816601,-0.9971714737366473,-0.6533271482077923,0.3413530793367896,-1.9801964610607166,-0.8706140365995825,0.48342112349908123,-2.5149403957934666,-0.9389789585851569,0.5564055287969689,-2.9121941612482014,-0.9655472194171623,0.37181120690017333,-0.7428736516557135,-0.6377615205810887,0.7952206557672186,-1.6321115361435834,-0.8371589648573,0.9974421654689349,-2.15558461021922,-0.8805860318858032,1.1283940299639916,-2.512410337984753,-0.8820394834665563,0.6314957565416236,-0.5355294715244867,-0.6013057134591752,0.7814612509494105,-1.2598273769520532,-0.6841262468870389,0.6443357951818441,-1.4107319517812356,-0.6067314429972254,0.5401831704234092,-1.4151149589478704,-0.539429431526966,0.0,0.0,0.0,0.0,0.0,0.0,0.0,0.0,0.0,0.0,0.0,0.0,0.0,0.0,0.0,0.0,0.0,0.0,0.0,0.0,0.0,0.0,0.0,0.0,0.0,0.0,0.0,0.0,0.0,0.0,0.0,0.0,0.0,0.0,0.0,0.0,0.0,0.0,0.0,0.0,0.0,0.0,0.0,0.0,0.0,0.0,0.0,0.0,0.0,0.0,0.0,0.0,0.0,0.0,0.0,0.0,0.0,0.0,0.0,0.0,0.0,0.0,0.0
tres,0.0,0.0,0.0,-0.1580738592255849,-0.5881799621430267,-0.08250319656858632,0.017091805978760012,-1.1280992647179788,-0.21123343286472512,0.3903857330676522,-1.3946467380437093,-0.2992615274017721,0.6335528096276639,-1.4621103116704395,-0.39715911266294246,-0.11126746866125095,-1.1774252367819051,-0.53153706610825,-0.035898854888178844,-1.9744579174899137,-0.6689831039971675,0.015106953319497995,-2.45116729691606,-0.7163737497244947,0.03313660736124032,-2.845392852844895,-0.7471145266242877,0.15832429747444757,-0.9873871666318247,-0.5718867700058282,0.4052184133256371,-1.8688945685575862,-0.7661195944663417,0.535289994723734,-2.4047163559490774,-0.8520192229621064,0.598644135760678,-2.8143208929504855,-0.9008194474194546,0.42381509410601126,-0.7708264769149504,-0.5756116503465848,0.8020145019840054,-1.5324468438017087,-0.7683285461793274,0.9896093311213883,-1.9639191305457049,-0.8428301254632335,1.10480712584548,-2.252189099429683,-0.8715271535362734,0.6523097708873101,-0.5904356335431278,-0.5625726260985577,0.7481409167528003,-1.1820996235179186,-0.6719997622417438,0.6045541330017699,-1.216148516969154,-0.6424716246145473,0.500221040377476,-1.1543255035709463,-0.6122033556039448,0.0,0.0,0.0,0.0,0.0,0.0,0.0,0.0,0.0,0.0,0.0,0.0,0.0,0.0,0.0,0.0,0.0,0.0,0.0,0.0,0.0,0.0,0.0,0.0,0.0,0.0,0.0,0.0,0.0,0.0,0.0,0.0,0.0,0.0,0.0,0.0,0.0,0.0,0.0,0.0,0.0,0.0,0.0,0.0,0.0,0.0,0.0,0.0,0.0,0.0,0.0,0.0,0.0,0.0,0.0,0.0,0.0,0.0,0.0,0.0,0.0,0.0,0.0
tres,0.0,0.0,0.0,-0.129410901079524,-0.5914777211430439,-0.07446272733721404,0.05892255768175969,-1.129682611939045,-0.18271826459328397,0.43443327734211573,-1.3485699854880169,-0.25754888824428457,0.6544561580256288,-1.396156010716358,-0.34053072751460267,-0.09761372184758814,-1.1797012046381172,-0.4466893681476171,-0.02544413268225325,-1.9468094364336854,-0.579603374947529,0.029145621099543124,-2.411610246488636,-0.6378807129776208,0.06281754578422137,-2.7867705479851694,-0.6778321079843864,0.1540586890352062,-0.9880616986467767,-0.4926212524616355,0.3731869026542594,-1.8252214511975358,-0.6689254118256466,0.4916138412798651,-2.330142244308309,-0.7619132663065505,0.5507098700224118,-2.7151632500350003,-0.8185406429493092,0.4116605658908186,-0.7605666513353547,-0.5088763433153611,0.7791517250320227,-1.5244967873607786,-0.6926441447274809,0.950293506460861,-1.9087060544595122,-0.7679312885937971,1.0498122649865007,-2.1639289942105147,-0.7991345611786872,0.6378737812416158,-0.5579001461765418,-0.5103420744635189,0.7547237553671088,-1.1481420515372995,-0.6217991759475929,0.6233432625392021,-1.1710749919836747,-0.59163428822156,0.5229338095688153,-1.08789330097479,-0.5595514114219539,0.0,0.0,0.0,0.0,0.0,0.0,0.0,0.0,0.0,0.0,0.0,0.0,0.0,0.0,0.0,0.0,0.0,0.0,0.0,0.0,0.0,0.0,0.0,0.0,0.0,0.0,0.0,0.0,0.0,0.0,0.0,0.0,0.0,0.0,0.0,0.0,0.0,0.0,0.0,0.0,0.0,0.0,0.0,0.0,0.0,0.0,0.0,0.0,0.0,0.0,0.0,0.0,0.0,0.0,0.0,0.0,0.0,0.0,0.0,0.0,0.0,0.0,0.0
tres,0.0,0.0,0.0,-0.1258089007257167,-0.5678410857822176,-0.021262571640142492,0.06268278714086227,-1.0445791170756842,-0.1169120398432388,0.43726366350717566,-1.1966511364706358,-0.1756044254554864,0.6600761438471437,-1.217765825985759,-0.24052217800699868,-0.06489926800321166,-1.135493882695768,-0.45442947651709453,-0.03532913688099437,-1.8158085068452419,-0.5557024002780468,-0.03365875428082449,-2.232540358999061,-0.5785146032451958,-0.033200746148519845,-2.588961500498957,-0.5976051874221464,0.1796016985569579,-0.9837394115696777,-0.4902704291612707,0.33858425241874157,-1.751466083494624,-0.6753680361088701,0.42645839498202814,-2.2130482230788835,-0.7581692769661678,0.47686411218382013,-2.5803180727384185,-0.8065956150039763,0.42402986210601096,-0.7969132628597015,-0.48225267592714155,0.7509421723163345,-1.4314167814611312,-0.6659706960856054,0.917811214523701,-1.8012294389933423,-0.7387724963412157,1.035329804796436,-2.075004481187696,-0.7655982112522803,0.626945476272734,-0.6407461119288494,-0.4479379377582112,0.6505866270384947,-1.1861441937976935,-0.527043404137469,0.4659495634631921,-1.212286377735365,-0.4902658505935238,0.36780626103458053,-1.1775815910016794,-0.4606388468487971,0.0,0.0,0.0,0.0,0.0,0.0,0.0,0.0,0.0,0.0,0.0,0.0,0.0,0.0,0.0,0.0,0.0,0.0,0.0,0.0,0.0,0.0,0.0,0.0,0.0,0.0,0.0,0.0,0.0,0.0,0.0,0.0,0.0,0.0,0.0,0.0,0.0,0.0,0.0,0.0,0.0,0.0,0.0,0.0,0.0,0.0,0.0,0.0,0.0,0.0,0.0,0.0,0.0,0.0,0.0,0.0,0.0,0.0,0.0,0.0,0.0,0.0,0.0
tres,0.0,0.0,0.0,-0.11015026247936789,-0.5857955120665528,-0.004238371914107716,0.08285264904154498,-1.0636093055917886,-0.0808790796564737,0.44671828580242084,-1.1990188384790137,-0.13169787332901114,0.6671518069429747,-1.2261806604612857,-0.18907524350699714,-0.055492509743907154,-1.129468014414325,-0.3803745276375005,-0.030107452018069327,-1.7892876712362293,-0.47728350488427995,-0.023987567979057337,-2.203818674243632,-0.5026087584642007,-0.02329728248670087,-2.5607970507659794,-0.5248501998581332,0.18357989664763247,-0.9830047922298469,-0.4351618192425307,0.3343971254702797,-1.727801064771291,-0.6080579222235917,0.4191935195938821,-2.201708683934302,-0.697817913338641,0.4638459578015981,-2.586430299375365,-0.7546719420699763,0.420938211762223,-0.7955490278720415,-0.45214851381778415,0.7463274940683933,-1.4255145727478795,-0.6331827988127645,0.9209923800637826,-1.7899155779884413,-0.7151065342569654,1.0417611518560916,-2.064752776194102,-0.7502073749996874,0.6219728274357822,-0.6325407275821909,-0.4439909487873222,0.6625248933166723,-1.1811829323877212,-0.5304450137943701,0.4880283122239376,-1.2289370946012665,-0.5031167259053204,0.38563037364359604,-1.2030584503820665,-0.4814370241919485,0.0,0.0,0.0,0.0,0.0,0.0,0.0,0.0,0.0,0.0,0.0,0.0,0.0,0.0,0.0,0.0,0.0,0.0,0.0,0.0,0.0,0.0,0.0,0.0,0.0,0.0,0.0,0.0,0.0,0.0,0.0,0.0,0.0,0.0,0.0,0.0,0.0,0.0,0.0,0.0,0.0,0.0,0.0,0.0,0.0,0.0,0.0,0.0,0.0,0.0,0.0,0.0,0.0,0.0,0.0,0.0,0.0,0.0,0.0,0.0,0.0,0.0,0.0
tres,0.0,0.0,0.0,-0.09875262056616883,-0.5962181954261413,-0.012073560381854502,0.10349637629669609,-1.0707552032782408,-0.08735599420207474,0.46936290555041416,-1.208075679496016,-0.14033521408763527,0.6893093385218615,-1.235514916120102,-0.1962337224010796,-0.048565261266119174,-1.1258155831300558,-0.34889847394036166,-0.045044988294980395,-1.790523077099443,-0.44173649779901947,-0.048036503807298965,-2.2092609654199817,-0.4620394096822862,-0.04702344195035581,-2.569430776454475,-0.48108367117097467,0.19458903261429245,-0.9808848599026462,-0.4051706749344908,0.32889488942636014,-1.7245257820443647,-0.5795544023037252,0.4196468364300596,-2.2037511255282936,-0.669305936100976,0.4785785806962179,-2.595104466187578,-0.7235285804766901,0.434832674609246,-0.7968208205443003,-0.42865073772663925,0.7553121902095267,-1.4269447106542477,-0.6137003482333393,0.9269635897311989,-1.781618134697,-0.6935609297982731,1.0394005878606343,-2.046137095966346,-0.7222353473556155,0.6370764072938705,-0.6366362635020981,-0.42982472258785004,0.6799832618601813,-1.2119240862441436,-0.5167251920727813,0.5176770947598978,-1.2893563462549023,-0.49080094207814956,0.42124349093582786,-1.2843164804983487,-0.467665390506405,0.0,0.0,0.0,0.0,0.0,0.0,0.0,0.0,0.0,0.0,0.0,0.0,0.0,0.0,0.0,0.0,0.0,0.0,0.0,0.0,0.0,0.0,0.0,0.0,0.0,0.0,0.0,0.0,0.0,0.0,0.0,0.0,0.0,0.0,0.0,0.0,0.0,0.0,0.0,0.0,0.0,0.0,0.0,0.0,0.0,0.0,0.0,0.0,0.0,0.0,0.0,0.0,0.0,0.0,0.0,0.0,0.0,0.0,0.0,0.0,0.0,0.0,0.0
tres,0.0,0.0,0.0,-0.11423553976643057,-0.5401817910291391,-0.01773662654906801,0.048787434272141,-1.0125562638668844,-0.08361300838616265,0.3784246425362256,-1.1739906758096437,-0.13370779889129192,0.6002989245371065,-1.2104951032789455,-0.18618979672172162,-0.06650629534387208,-1.105913417020891,-0.27175072977232195,-0.08163716125638414,-1.7655525797820844,-0.35057984177053625,-0.08995522038918738,-2.1530760086993097,-0.3685121929282698,-0.10281955037119614,-2.4729260962515904,-0.3814305252222107,0.16693881579552314,-0.9859672569516639,-0.3253772253523177,0.2849776511077037,-1.7406411216895656,-0.4457698092643375,0.3693640338737797,-2.1919070062067294,-0.5087536068920463,0.42386733965907597,-2.5358414152577295,-0.5465399328684422,0.39551250681728556,-0.807229397253929,-0.35631004766872476,0.6892504541247586,-1.4410802917173031,-0.4967659806718849,0.8267367921889163,-1.772058403642715,-0.5616712955170693,0.9094751464499827,-2.0067872228279087,-0.5873848050295789,0.5928209171370928,-0.6282448725939389,-0.37087254102220846,0.6428797120144591,-1.1483278688620164,-0.450303839116423,0.5085089028636646,-1.1844510868441969,-0.4247151877745371,0.41790224854078833,-1.136546139761528,-0.3985206602969393,0.0,0.0,0.0,0.0,0.0,0.0,0.0,0.0,0.0,0.0,0.0,0.0,0.0,0.0,0.0,0.0,0.0,0.0,0.0,0.0,0.0,0.0,0.0,0.0,0.0,0.0,0.0,0.0,0.0,0.0,0.0,0.0,0.0,0.0,0.0,0.0,0.0,0.0,0.0,0.0,0.0,0.0,0.0,0.0,0.0,0.0,0.0,0.0,0.0,0.0,0.0,0.0,0.0,0.0,0.0,0.0,0.0,0.0,0.0,0.0,0.0,0.0,0.0
tres,0.0,0.0,0.0,-0.11714266692964875,-0.5443600523349272,-0.007585920299893235,0.04647592391861584,-1.0086025858435195,-0.061278205919851225,0.3659894178374312,-1.1622903859918237,-0.10619865488100545,0.574926931209911,-1.1945352479334364,-0.1577646418084924,-0.05461962472040571,-1.095871774710017,-0.23552055292158136,-0.07560427542805308,-1.7303482766152114,-0.3139534677863266,-0.08487559740285501,-2.1250628610460294,-0.34330241234297354,-0.08958346752592225,-2.444436626494109,-0.3650538109644412,0.18412543363624054,-0.9829027544412857,-0.29890513908759914,0.287863684911805,-1.7139830794958422,-0.40104413387567794,0.36663798967296674,-2.1597777306139574,-0.46283063600435936,0.423039048943764,-2.48113790248559,-0.503906323502913,0.40857542803126257,-0.8041697638799973,-0.34253007804903013,0.6839522429823014,-1.4323732436804524,-0.4654558208563185,0.7958508852323695,-1.7163194278051364,-0.5226056964504171,0.8561250301199258,-1.895985550749963,-0.547919895205012,0.5965398772622764,-0.625923409098328,-0.37236376177476055,0.6381094421443125,-1.1172517480209492,-0.44797414084035564,0.513465301224072,-1.139613544880444,-0.4223619328448687,0.4318640122499583,-1.07477815510614,-0.39725915443925663,0.0,0.0,0.0,0.0,0.0,0.0,0.0,0.0,0.0,0.0,0.0,0.0,0.0,0.0,0.0,0.0,0.0,0.0,0.0,0.0,0.0,0.0,0.0,0.0,0.0,0.0,0.0,0.0,0.0,0.0,0.0,0.0,0.0,0.0,0.0,0.0,0.0,0.0,0.0,0.0,0.0,0.0,0.0,0.0,0.0,0.0,0.0,0.0,0.0,0.0,0.0,0.0,0.0,0.0,0.0,0.0,0.0,0.0,0.0,0.0,0.0,0.0,0.0
tres,0.0,0.0,0.0,-0.10885441354374548,-0.5353803949876988,0.00776505200129811,0.05828840741540035,-0.9925078501306195,-0.0380813163622851,0.3605452085844551,-1.1389743157626924,-0.07669215575222506,0.5668247329169092,-1.1763917993815975,-0.12278483142208345,-0.037670528950722024,-1.0884133599088268,-0.21481061734608978,-0.05645861323028734,-1.7008362236897343,-0.28368111074709434,-0.06397926934208098,-2.087419318471093,-0.30609270051474896,-0.07066171279223112,-2.404423984336082,-0.3244271904048757,0.1975208864633734,-0.9802986786743737,-0.28042262049211175,0.3060224453033511,-1.6898691539515354,-0.38122832521154176,0.38049485599431443,-2.119369082554137,-0.44168486197669427,0.427034730146787,-2.4459558468322915,-0.4808306359087717,0.41629279632880734,-0.810020966283034,-0.32474442738336673,0.684867456366376,-1.440060516468174,-0.4436831758470719,0.8043460525915519,-1.7665769756094947,-0.5029375147076641,0.8780098877579491,-1.999871747152603,-0.5316248014769259,0.598108525278454,-0.6359151458362037,-0.3530037698414677,0.6345127643544116,-1.129105547821833,-0.4205910615932994,0.5032674272977896,-1.1788672312883315,-0.39394451764514127,0.4189185403522877,-1.1432324945607037,-0.3706233136378396,0.0,0.0,0.0,0.0,0.0,0.0,0.0,0.0,0.0,0.0,0.0,0.0,0.0,0.0,0.0,0.0,0.0,0.0,0.0,0.0,0.0,0.0,0.0,0.0,0.0,0.0,0.0,0.0,0.0,0.0,0.0,0.0,0.0,0.0,0.0,0.0,0.0,0.0,0.0,0.0,0.0,0.0,0.0,0.0,0.0,0.0,0.0,0.0,0.0,0.0,0.0,0.0,0.0,0.0,0.0,0.0,0.0,0.0,0.0,0.0,0.0,0.0,0.0
tres,0.0,0.0,0.0,-0.10497871857033356,-0.5432784820259641,0.02085299638290158,0.05825896133753906,-0.9986402237434228,-0.026770242373785762,0.3713177906278492,-1.1350434893773151,-0.06560648544564364,0.5994970535580414,-1.17892472581429,-0.10889122536449325,-0.07359720400167709,-1.0931788260190636,-0.2052503525207766,-0.09950547237908088,-1.6979446537564162,-0.2592328920162443,-0.10634195553148372,-2.057583722976866,-0.26429675438610334,-0.11003774316757386,-2.3620985721944048,-0.2726522812254995,0.14624742247088157,-0.9892480434252187,-0.27229951287597615,0.2622153952740008,-1.6945709332205383,-0.3632352431973264,0.32935799568495516,-2.1045232436427463,-0.40976375617408106,0.36786422992847323,-2.422124572269158,-0.44155969532021644,0.36540840062819996,-0.8245464467568019,-0.31753334655739784,0.6440040203611428,-1.4272108543264255,-0.43992862167499275,0.7512328783190091,-1.7891052051822265,-0.5131259482476249,0.8109925640856881,-2.0666907791857647,-0.5538632752634006,0.561839425526889,-0.6462671506905329,-0.34280918611427996,0.5879862671386096,-1.0938345979382351,-0.4116948393828217,0.4346889582308569,-1.097106962063164,-0.3923482822053078,0.3298321650627465,-1.0337108951549299,-0.37807177839338185,0.0,0.0,0.0,0.0,0.0,0.0,0.0,0.0,0.0,0.0,0.0,0.0,0.0,0.0,0.0,0.0,0.0,0.0,0.0,0.0,0.0,0.0,0.0,0.0,0.0,0.0,0.0,0.0,0.0,0.0,0.0,0.0,0.0,0.0,0.0,0.0,0.0,0.0,0.0,0.0,0.0,0.0,0.0,0.0,0.0,0.0,0.0,0.0,0.0,0.0,0.0,0.0,0.0,0.0,0.0,0.0,0.0,0.0,0.0,0.0,0.0,0.0,0.0
tres,0.0,0.0,0.0,-0.1502571220746773,-0.563342772951971,-0.000244916504638684,-0.011028610395354337,-1.0396080977118702,-0.056992949140519854,0.30158327053935224,-1.2089098856481688,-0.10086193687124448,0.5275094653912408,-1.259958073813635,-0.1535340793123711,-0.11850353914057127,-1.0921662053155536,-0.26544905599131513,-0.15077271128882447,-1.749025435914059,-0.34341296494459644,-0.1578335698951976,-2.1610226365417637,-0.36076839772302494,-0.1559220335954343,-2.4895927891780585,-0.37208490256669424,0.13850483008705602,-0.9903617581684764,-0.3272197145298297,0.2550312774017439,-1.7691476975154974,-0.43264342657322347,0.31909573665322527,-2.2292577983504547,-0.48005092646782394,0.35605548524774466,-2.560425463739573,-0.5066265154790487,0.3821487269809975,-0.8272564670867454,-0.36550967615572383,0.6150912198201971,-1.5466953742579859,-0.49238468454633066,0.6902629846628764,-1.944810799467894,-0.553453620451491,0.7312033390711064,-2.222371183190414,-0.5814194436484522,0.5850862127167846,-0.6545723567766427,-0.3858431008189674,0.5735100208679565,-1.1837651281174508,-0.460178247179882,0.41602979383032124,-1.2206895995552127,-0.4318646869083655,0.31985483822474664,-1.1640507675674263,-0.4051969416809556,0.0,0.0,0.0,0.0,0.0,0.0,0.0,0.0,0.0,0.0,0.0,0.0,0.0,0.0,0.0,0.0,0.0,0.0,0.0,0.0,0.0,0.0,0.0,0.0,0.0,0.0,0.0,0.0,0.0,0.0,0.0,0.0,0.0,0.0,0.0,0.0,0.0,0.0,0.0,0.0,0.0,0.0,0.0,0.0,0.0,0.0,0.0,0.0,0.0,0.0,0.0,0.0,0.0,0.0,0.0,0.0,0.0,0.0,0.0,0.0,0.0,0.0,0.0
tres,0.0,0.0,0.0,-0.14720173821291427,-0.568018320346926,-0.0031533954740894,-0.002331513482304831,-1.0415917674375774,-0.06412020657466075,0.31846947667795267,-1.2054627469778707,-0.11069073028771405,0.546841438283931,-1.257253740351693,-0.1665143491271471,-0.10713758081052913,-1.086221457386566,-0.2810219030991286,-0.14325933468656607,-1.7447845862505584,-0.36463947760002735,-0.15293245146274986,-2.1611643803131475,-0.38561640249994766,-0.15530630373219476,-2.496718565668476,-0.39952087782423656,0.15278786594476135,-0.9882590085701448,-0.3429728192953202,0.2691347089961745,-1.7668410782178103,-0.4574754409426094,0.33168637873965573,-2.23207522433667,-0.5091319294620478,0.3650025399250032,-2.5689816587098395,-0.5377907520572482,0.3967998331240709,-0.8276846940475737,-0.3805211310809132,0.6343420304018347,-1.5399028749953914,-0.5151627944707156,0.7120141195145611,-1.947367186156436,-0.5790556965068124,0.7543984136503257,-2.2342792894291144,-0.6078435515961541,0.5972853669811947,-0.6564631826256372,-0.3997107543237065,0.5834816262882135,-1.1747273796848263,-0.4779270552616108,0.41951588851003535,-1.205733484800399,-0.4491826550328797,0.319592894631965,-1.1424332537795232,-0.42199236911067506,0.0,0.0,0.0,0.0,0.0,0.0,0.0,0.0,0.0,0.0,0.0,0.0,0.0,0.0,0.0,0.0,0.0,0.0,0.0,0.0,0.0,0.0,0.0,0.0,0.0,0.0,0.0,0.0,0.0,0.0,0.0,0.0,0.0,0.0,0.0,0.0,0.0,0.0,0.0,0.0,0.0,0.0,0.0,0.0,0.0,0.0,0.0,0.0,0.0,0.0,0.0,0.0,0.0,0.0,0.0,0.0,0.0,0.0,0.0,0.0,0.0,0.0,0.0
tres,0.0,0.0,0.0,-0.1291984694061169,-0.5426871084513171,0.017728051743090348,0.01745624637894011,-1.0067105794035742,-0.03733388862667181,0.3263041725112981,-1.1776998874463342,-0.0773006730013943,0.549819516068374,-1.242277353454293,-0.12143144447417542,-0.12084350378361583,-1.0933957703821227,-0.2804435023629251,-0.1313086283988565,-1.7174690076519177,-0.34645633292632777,-0.13951107271246468,-2.096968427497858,-0.3481365250800476,-0.14736268992698048,-2.428307207634562,-0.3537012355419328,0.10238800407799736,-0.9947445383720003,-0.3430738288158029,0.21061240597704492,-1.7181362532675253,-0.47224849310050415,0.28293390971276805,-2.1515476020680713,-0.5236408711512995,0.3227204835250927,-2.4976414846298147,-0.5528165754236104,0.33511094388951584,-0.8411449066341331,-0.37625613164283084,0.622164333374333,-1.4569228666389586,-0.523206375019267,0.7504341923804503,-1.824752721036265,-0.5847351352784973,0.8219220253154478,-2.1103940946466726,-0.6085795105668722,0.5428363995667435,-0.6753876693478136,-0.3870106745705033,0.5844922722937679,-1.1774560780612164,-0.4483432005766484,0.43395921770109,-1.1903678635624815,-0.410015515554795,0.33371564075521515,-1.13443467615706,-0.38151562393293753,0.0,0.0,0.0,0.0,0.0,0.0,0.0,0.0,0.0,0.0,0.0,0.0,0.0,0.0,0.0,0.0,0.0,0.0,0.0,0.0,0.0,0.0,0.0,0.0,0.0,0.0,0.0,0.0,0.0,0.0,0.0,0.0,0.0,0.0,0.0,0.0,0.0,0.0,0.0,0.0,0.0,0.0,0.0,0.0,0.0,0.0,0.0,0.0,0.0,0.0,0.0,0.0,0.0,0.0,0.0,0.0,0.0,0.0,0.0,0.0,0.0,0.0,0.0
tres,0.0,0.0,0.0,-0.1441608434420708,-0.5500490705992914,-0.005591528173064707,0.005957585534153841,-1.0236125481178413,-0.07374179705221129,0.34288619973437046,-1.1872080348905898,-0.11960154367567215,0.5717026054180264,-1.2352785698108357,-0.17098270902186652,-0.12614390155553232,-1.0901561536969215,-0.33076585445070883,-0.147188589788546,-1.7460839347914245,-0.4057692459502016,-0.16367690734941376,-2.147971996494714,-0.4132087076725358,-0.17596432808794626,-2.4885476162053153,-0.4211125414582313,0.1198293959801528,-0.992794498302157,-0.3815742104935048,0.22030817235084035,-1.7457581078656217,-0.5249165457494626,0.28600214047359923,-2.2035586774370755,-0.5857274847142091,0.32622752082481393,-2.552084734451721,-0.6216226064210154,0.3614288322002669,-0.8404101766168871,-0.4002324659630317,0.6346994265517826,-1.4845608979232163,-0.5557365117687718,0.7598111812944187,-1.8558072005443118,-0.6181500839048524,0.8418174654828381,-2.1242916244078356,-0.6428076475308563,0.5590171928020818,-0.6887405627289175,-0.3972923588163064,0.5660968782551457,-1.1916955668513811,-0.46390950322884006,0.39482182583038516,-1.1881228955797283,-0.42326299193757305,0.2913131338260999,-1.112344779339212,-0.3939656485495623,0.0,0.0,0.0,0.0,0.0,0.0,0.0,0.0,0.0,0.0,0.0,0.0,0.0,0.0,0.0,0.0,0.0,0.0,0.0,0.0,0.0,0.0,0.0,0.0,0.0,0.0,0.0,0.0,0.0,0.0,0.0,0.0,0.0,0.0,0.0,0.0,0.0,0.0,0.0,0.0,0.0,0.0,0.0,0.0,0.0,0.0,0.0,0.0,0.0,0.0,0.0,0.0,0.0,0.0,0.0,0.0,0.0,0.0,0.0,0.0,0.0,0.0,0.0
tres,0.0,0.0,0.0,-0.11122090936510193,-0.5589948560802386,0.025509099114734132,0.053150418704455936,-1.0098148919299401,-0.038284992523980405,0.38351676939815066,-1.1500199629634709,-0.0885629577727818,0.6081123388974401,-1.1766045653511248,-0.14392627627421323,-0.10270344934895373,-1.1266807265696521,-0.31484650089696514,-0.08417604824156906,-1.7905671757284134,-0.39379077291443504,-0.07661335414942438,-2.1756651542593697,-0.4023349669544883,-0.07700771712908316,-2.5039822336395643,-0.4094049240844155,0.087567656571577,-0.9961585744862924,-0.38491652206033244,0.21286453530151717,-1.7413283059918592,-0.5509674693723139,0.29783971409549115,-2.1848993751326478,-0.6195311727968691,0.33602153605315493,-2.5341218831736403,-0.6545091026248095,0.3089591894329058,-0.8314616693580423,-0.41944748791022796,0.6376242446485783,-1.4464569355992523,-0.5772006638538539,0.7988791080719941,-1.791292318063308,-0.6292997128776548,0.8908687167057033,-2.054733291346056,-0.6421929545741101,0.5279169145612139,-0.6570223078858435,-0.4311166003283066,0.6532583018282501,-1.1731987952138592,-0.46856540425214144,0.5510411226978936,-1.1299139538715524,-0.39804220525652423,0.47054873393396546,-1.0174923255625206,-0.3481673547675046,0.0,0.0,0.0,0.0,0.0,0.0,0.0,0.0,0.0,0.0,0.0,0.0,0.0,0.0,0.0,0.0,0.0,0.0,0.0,0.0,0.0,0.0,0.0,0.0,0.0,0.0,0.0,0.0,0.0,0.0,0.0,0.0,0.0,0.0,0.0,0.0,0.0,0.0,0.0,0.0,0.0,0.0,0.0,0.0,0.0,0.0,0.0,0.0,0.0,0.0,0.0,0.0,0.0,0.0,0.0,0.0,0.0,0.0,0.0,0.0,0.0,0.0,0.0
tres,0.0,0.0,0.0,-0.11176199448294484,-0.5107116862978092,0.014521707285376058,0.0154360814368032,-0.9809382385135317,-0.04243218526953657,0.3100048180591094,-1.1795239758234657,-0.09095025878092446,0.539227247892471,-1.24575377086987,-0.14393368789083086,-0.13145055657734908,-1.1257179059361577,-0.27990201247473484,-0.07086299899803299,-1.812817176135222,-0.3678373965185984,-0.01769472821793617,-2.197390038131943,-0.38589543957472905,0.008870210426266902,-2.5075012776946357,-0.39427934460481906,0.041668325147306555,-0.9991314981920139,-0.3561094256613944,0.20556765946616767,-1.76345701419255,-0.5065217686739006,0.31662528665858986,-2.1958852468302417,-0.5597000392797801,0.3671141880603959,-2.5340700118931507,-0.5789593022841109,0.25456782768066805,-0.8368949086273606,-0.4067110258296841,0.5917981568170614,-1.4351227344483142,-0.5450465719454622,0.7628480234933072,-1.769342021152724,-0.5840016961871042,0.85196880659312,-2.0392689973039557,-0.5893849235681387,0.47120857890242634,-0.6436597350339522,-0.4412078335837485,0.6639113530122003,-1.1228064238134254,-0.4697820072959533,0.6147725010824675,-1.0868987282311582,-0.39581212811956834,0.5534604305782055,-0.9925120514725404,-0.34181372581666175,0.0,0.0,0.0,0.0,0.0,0.0,0.0,0.0,0.0,0.0,0.0,0.0,0.0,0.0,0.0,0.0,0.0,0.0,0.0,0.0,0.0,0.0,0.0,0.0,0.0,0.0,0.0,0.0,0.0,0.0,0.0,0.0,0.0,0.0,0.0,0.0,0.0,0.0,0.0,0.0,0.0,0.0,0.0,0.0,0.0,0.0,0.0,0.0,0.0,0.0,0.0,0.0,0.0,0.0,0.0,0.0,0.0,0.0,0.0,0.0,0.0,0.0,0.0
tres,0.0,0.0,0.0,-0.08692569182635318,-0.5153429983964628,0.03228049493940864,0.037625699766650755,-0.9711704654948492,-0.013764464758666654,0.31588106667322036,-1.1626301679099569,-0.05500892043741401,0.530641126905801,-1.2263711608064374,-0.09939911803101265,-0.09998874434173396,-1.125998024934204,-0.24509554699963657,-0.04161045430746596,-1.771963866344339,-0.3181007563316082,0.004218063981976826,-2.1367303740336365,-0.3316816419968843,0.022600429493988144,-2.446770311228409,-0.34208991048246185,0.06022456438024086,-0.9981848535442772,-0.3243658261360695,0.20872744629815482,-1.726495555070153,-0.4665258565806471,0.3182057676354289,-2.1455345334148372,-0.5264518488940356,0.37062670025623107,-2.4721610647339483,-0.5559567085314732,0.26586848498499444,-0.8468182404979588,-0.3769042670485787,0.597779475146416,-1.4194074090916384,-0.5102366649059851,0.7724500025565666,-1.7559824541484768,-0.5607975593464044,0.8654007684390642,-2.017049032501173,-0.5771828885122776,0.4865843377506429,-0.6730058365933489,-0.41214444891027907,0.6549007394354986,-1.1266180020955348,-0.44093259332541657,0.5914917857071104,-1.0856935344498257,-0.3817854846646866,0.5220643019678786,-0.9869245432474331,-0.34131003099682283,0.0,0.0,0.0,0.0,0.0,0.0,0.0,0.0,0.0,0.0,0.0,0.0,0.0,0.0,0.0,0.0,0.0,0.0,0.0,0.0,0.0,0.0,0.0,0.0,0.0,0.0,0.0,0.0,0.0,0.0,0.0,0.0,0.0,0.0,0.0,0.0,0.0,0.0,0.0,0.0,0.0,0.0,0.0,0.0,0.0,0.0,0.0,0.0,0.0,0.0,0.0,0.0,0.0,0.0,0.0,0.0,0.0,0.0,0.0,0.0,0.0,0.0,0.0
tres,0.0,0.0,0.0,-0.10193898398507671,-0.5031274039152079,0.013622896493936222,0.00798020824119744,-0.9602276632627302,-0.04263900961483993,0.2683750257665869,-1.1736074535681027,-0.09188675164115226,0.48358573390572124,-1.2472191672879096,-0.14308927702159663,-0.11472334772113187,-1.120626199098044,-0.26617887224771464,-0.062012322524849096,-1.777454804008244,-0.3506405310522306,-0.011452683035201404,-2.1523982076322654,-0.3671173244744906,0.01474309658119527,-2.4624160225034517,-0.37599209466542316,0.05233817177563316,-0.9986294186409613,-0.3404135410180783,0.20156928249027692,-1.7376599651969296,-0.48919912409927596,0.31275589008693583,-2.162116442394364,-0.5408198214087435,0.36767998998190743,-2.494021969661935,-0.5599438741176158,0.262906031830686,-0.8437803157520688,-0.39043630020797293,0.5929713378202174,-1.4191342220991578,-0.5252843934174288,0.7605401097249602,-1.7509714763987245,-0.5605058021519614,0.8505490724184569,-2.0130430608426977,-0.5634503064832317,0.48221283179022373,-0.6561052263351664,-0.4260357866049416,0.6588617653095583,-1.1224545405933906,-0.4545077254287224,0.596478879442651,-1.0986443072195917,-0.3857555226972227,0.5262738007573473,-1.0102323880837183,-0.33526802068320166,0.0,0.0,0.0,0.0,0.0,0.0,0.0,0.0,0.0,0.0,0.0,0.0,0.0,0.0,0.0,0.0,0.0,0.0,0.0,0.0,0.0,0.0,0.0,0.0,0.0,0.0,0.0,0.0,0.0,0.0,0.0,0.0,0.0,0.0,0.0,0.0,0.0,0.0,0.0,0.0,0.0,0.0,0.0,0.0,0.0,0.0,0.0,0.0,0.0,0.0,0.0,0.0,0.0,0.0,0.0,0.0,0.0,0.0,0.0,0.0,0.0,0.0,0.0
tres,0.0,0.0,0.0,-0.08073578351872494,-0.49166756175802123,0.0006354273413836993,0.013163447520567044,-0.9666695820231799,-0.051969836897448586,0.23668444162818855,-1.2255414961458646,-0.10071967512839984,0.4349796857676628,-1.3790502280056816,-0.14947447284299623,-0.12257985510728243,-1.1166320735210713,-0.21954920013657075,-0.04908813089705599,-1.7466193547346536,-0.3166741561757355,0.00863592791572606,-2.1114199719595175,-0.3519041276565514,0.04254566389463967,-2.409016232902317,-0.3716942486236787,0.03598196191999626,-0.9993524395409199,-0.29324897817830514,0.1832494280939866,-1.7164814806975783,-0.4307184954481355,0.29545027141398034,-2.11820678084631,-0.48774707399453887,0.3591103431868245,-2.444525576986495,-0.5120287059211681,0.23833140930967062,-0.8451396007072569,-0.35080176017562387,0.5439360488573792,-1.4342441119368519,-0.478746693882777,0.7023510372280087,-1.7484557607210036,-0.5119010865321586,0.7817430102345464,-2.0059929450762035,-0.5160769019094883,0.4542980620475016,-0.6602819028745969,-0.3984413027370036,0.639012703225158,-1.100829901293758,-0.4428074813147643,0.6180737632753563,-1.1073127147886679,-0.38766347162757475,0.5723121187184285,-1.062475070931148,-0.34250506792641394,0.0,0.0,0.0,0.0,0.0,0.0,0.0,0.0,0.0,0.0,0.0,0.0,0.0,0.0,0.0,0.0,0.0,0.0,0.0,0.0,0.0,0.0,0.0,0.0,0.0,0.0,0.0,0.0,0.0,0.0,0.0,0.0,0.0,0.0,0.0,0.0,0.0,0.0,0.0,0.0,0.0,0.0,0.0,0.0,0.0,0.0,0.0,0.0,0.0,0.0,0.0,0.0,0.0,0.0,0.0,0.0,0.0,0.0,0.0,0.0,0.0,0.0,0.0
tres,0.0,0.0,0.0,-0.07920912912640399,-0.4892939778215525,0.0036061453381835704,0.012639263101076059,-0.9465893279390473,-0.04917942851251841,0.23413567908734043,-1.1789387231599056,-0.10087863791886803,0.42881250761289735,-1.2947085668733658,-0.15384302445155043,-0.11241007130825985,-1.1050089779206176,-0.20759313755193443,-0.04837663095232324,-1.7286270489695896,-0.3003852088633386,0.011117825218069977,-2.0832996603000837,-0.33543962061767923,0.04222157132793364,-2.375242741952091,-0.355239989272232,0.0424082021549654,-0.9991003675256974,-0.2826397103297929,0.17992812213937998,-1.704463575851836,-0.40825065948456746,0.2880429009683847,-2.0999374993082807,-0.45998848936407244,0.3448156923711172,-2.4132052057485907,-0.4819895987105366,0.23848956334749064,-0.8488805050661681,-0.3425755706737764,0.538698678810627,-1.4071098702904228,-0.4620718377348792,0.6930674238836118,-1.7076347690097373,-0.49485564401343834,0.7708461341880677,-1.95320391739845,-0.5006275955027707,0.45040002996440875,-0.6578648973957375,-0.39322075430195674,0.6309704349276154,-1.065269833186096,-0.43162383942461796,0.5990569810238138,-1.0440404026451384,-0.37454406745012914,0.5460585580245871,-0.974657991963968,-0.3300827522317191,0.0,0.0,0.0,0.0,0.0,0.0,0.0,0.0,0.0,0.0,0.0,0.0,0.0,0.0,0.0,0.0,0.0,0.0,0.0,0.0,0.0,0.0,0.0,0.0,0.0,0.0,0.0,0.0,0.0,0.0,0.0,0.0,0.0,0.0,0.0,0.0,0.0,0.0,0.0,0.0,0.0,0.0,0.0,0.0,0.0,0.0,0.0,0.0,0.0,0.0,0.0,0.0,0.0,0.0,0.0,0.0,0.0,0.0,0.0,0.0,0.0,0.0,0.0
tres,0.0,0.0,0.0,-0.07660730345414228,-0.48737934319257054,0.0018474500081908888,0.013159958593215384,-0.9458672027242556,-0.052072712542098366,0.23100414340089478,-1.1810664567415579,-0.10417524488203297,0.42688394758750614,-1.303639427911679,-0.1573639057891088,-0.11231004249658398,-1.1040320960574441,-0.21449807731426665,-0.04666089340940403,-1.7314730747579827,-0.30973990980568583,0.012029151294482227,-2.091318539822322,-0.3446721012152537,0.04369566848703393,-2.3862796739341783,-0.3640731253135231,0.0420373281244454,-0.9991160408301719,-0.28871797923078296,0.1786762173190333,-1.7071829371086378,-0.4180561427132752,0.2886659527978015,-2.10575771369144,-0.469306294290505,0.3492900524960608,-2.419992460439057,-0.49002859656592734,0.239777682036135,-0.84890788328236,-0.3476134998098391,0.5397487732002506,-1.4102656684728485,-0.46860820384799123,0.6929491262350217,-1.7116861829318801,-0.4994570797275316,0.7709730131774559,-1.95683296373527,-0.5034243729194754,0.4544141863278578,-0.6564850626543326,-0.39736870653041756,0.6353717221283318,-1.0639295216466618,-0.43665157840628355,0.6022891804229201,-1.0482116914770732,-0.37960631891076224,0.5488807548311965,-0.983612018763285,-0.33461871845675006,0.0,0.0,0.0,0.0,0.0,0.0,0.0,0.0,0.0,0.0,0.0,0.0,0.0,0.0,0.0,0.0,0.0,0.0,0.0,0.0,0.0,0.0,0.0,0.0,0.0,0.0,0.0,0.0,0.0,0.0,0.0,0.0,0.0,0.0,0.0,0.0,0.0,0.0,0.0,0.0,0.0,0.0,0.0,0.0,0.0,0.0,0.0,0.0,0.0,0.0,0.0,0.0,0.0,0.0,0.0,0.0,0.0,0.0,0.0,0.0,0.0,0.0,0.0
tres,0.0,0.0,0.0,-0.085001974373651,-0.4739923937735113,0.013585116420100811,-0.003170765829535083,-0.9441331690410837,-0.026694502814553742,0.19902365741393305,-1.1975369334301222,-0.06497118921613856,0.37909391478196225,-1.338901698143639,-0.10496146396434583,-0.13011064640552966,-1.0975751582128477,-0.18529874677975613,-0.05207895586206707,-1.693338435049727,-0.26511365213043897,0.0027291390334221012,-2.032543002763878,-0.2937964464693683,0.027177232944367226,-2.3121887823885294,-0.312657068063124,0.01370529705404731,-0.9999060780056597,-0.26329378284469634,0.1443617712662614,-1.676384766963245,-0.3882779850298744,0.2357566958604818,-2.058017967628478,-0.4457023231649368,0.2737491480918691,-2.380852474748602,-0.47112883592350874,0.20155244136289252,-0.8600424079549036,-0.3247099812253838,0.4899197364613674,-1.4289368268276537,-0.4517678721736257,0.6440844496580242,-1.735533570448324,-0.4968394123663315,0.7206087716558907,-2.0066635088451488,-0.5113361733789469,0.4069375431944604,-0.6724271245334555,-0.3739949451999362,0.6044415570746409,-1.0561601665059634,-0.42605736392518156,0.5840593484073413,-0.9826989996081285,-0.3748219043325897,0.538721406874454,-0.8776376487556891,-0.3322623722716964,0.0,0.0,0.0,0.0,0.0,0.0,0.0,0.0,0.0,0.0,0.0,0.0,0.0,0.0,0.0,0.0,0.0,0.0,0.0,0.0,0.0,0.0,0.0,0.0,0.0,0.0,0.0,0.0,0.0,0.0,0.0,0.0,0.0,0.0,0.0,0.0,0.0,0.0,0.0,0.0,0.0,0.0,0.0,0.0,0.0,0.0,0.0,0.0,0.0,0.0,0.0,0.0,0.0,0.0,0.0,0.0,0.0,0.0,0.0,0.0,0.0,0.0,0.0
tres,0.0,0.0,0.0,-0.06572742494048404,-0.4759710650028568,0.024343587977342037,0.033041985283690845,-0.9350670603350609,-0.012027033913330765,0.2439610076953294,-1.1550634515195162,-0.050751013730866205,0.42343943107642035,-1.2575753898865047,-0.09209019905235795,-0.11742814209345809,-1.0929585941984248,-0.1599764463823493,-0.043205804091762244,-1.680441172141805,-0.23420737443821116,0.014509885824559544,-2.0083186358210483,-0.25868701056555793,0.03574449972289669,-2.279228061211031,-0.27431375354914816,0.015497725373932026,-0.9998799030424775,-0.24628659184841412,0.14866031138253338,-1.6689252287688556,-0.3685333039766405,0.24310407056361658,-2.036271039030963,-0.42010088362990006,0.2773973014848146,-2.3440019400999397,-0.4389017934054181,0.19302755751640532,-0.8641523768990608,-0.3174255173974388,0.4727897759718438,-1.4019048461542964,-0.43942530299775573,0.6265496772582497,-1.7072266623624908,-0.47684261152124957,0.6997394740694762,-1.9799154799435963,-0.48431062113627965,0.3953519888790729,-0.6752747329292561,-0.3773010638457112,0.5939074714274725,-1.0599442305257998,-0.4167907938255476,0.5758999157031222,-0.9697867582560962,-0.3532658921326581,0.5329004063490783,-0.8430214441205214,-0.3033558092999483,0.0,0.0,0.0,0.0,0.0,0.0,0.0,0.0,0.0,0.0,0.0,0.0,0.0,0.0,0.0,0.0,0.0,0.0,0.0,0.0,0.0,0.0,0.0,0.0,0.0,0.0,0.0,0.0,0.0,0.0,0.0,0.0,0.0,0.0,0.0,0.0,0.0,0.0,0.0,0.0,0.0,0.0,0.0,0.0,0.0,0.0,0.0,0.0,0.0,0.0,0.0,0.0,0.0,0.0,0.0,0.0,0.0,0.0,0.0,0.0,0.0,0.0,0.0
tres,0.0,0.0,0.0,-0.07784992100170002,-0.4756031208032558,0.03457927272163551,-0.006517188296938587,-0.9360702986879309,0.008080242270893384,0.18132538402316067,-1.1849179523100195,-0.022283571801451015,0.35494001984961016,-1.3165165447861238,-0.054943128351918315,-0.1279110648333833,-1.0905957517525455,-0.146869050954096,-0.05231849097223934,-1.6798869612141119,-0.2229321512510736,0.004145485703781601,-2.0100800857454226,-0.24984611926339312,0.025914581123872682,-2.276462867725419,-0.26509154110516275,0.005081913413532409,-0.9999870869946558,-0.23375124286530155,0.14132939689765794,-1.6662372369913505,-0.34969543858452395,0.23037368442647352,-2.0392384470933655,-0.3997175031495798,0.2618485145499045,-2.3444127972232884,-0.4180564377266342,0.18347025258841523,-0.8712627980399628,-0.3055555409915445,0.45330394160874027,-1.425484555161699,-0.4236197366518041,0.6027280421735068,-1.722249422488866,-0.4619011293329463,0.6776507049014189,-1.9854155049029696,-0.4706369541761402,0.3854756069473412,-0.6851350212582203,-0.365316554285007,0.5918583754191925,-1.0670921535824536,-0.41015072890044485,0.5815383655882823,-0.9731930547933364,-0.3527840077590646,0.5456437575500246,-0.8465963403202104,-0.304531168174049,0.0,0.0,0.0,0.0,0.0,0.0,0.0,0.0,0.0,0.0,0.0,0.0,0.0,0.0,0.0,0.0,0.0,0.0,0.0,0.0,0.0,0.0,0.0,0.0,0.0,0.0,0.0,0.0,0.0,0.0,0.0,0.0,0.0,0.0,0.0,0.0,0.0,0.0,0.0,0.0,0.0,0.0,0.0,0.0,0.0,0.0,0.0,0.0,0.0,0.0,0.0,0.0,0.0,0.0,0.0,0.0,0.0,0.0,0.0,0.0,0.0,0.0,0.0
tres,0.0,0.0,0.0,-0.06663236057312494,-0.48734012698460777,0.04392160146540586,0.007961779386039538,-0.9378418966224065,0.019952971777207923,0.19538169151145124,-1.1781276093957618,-0.011186981434857161,0.3639873449258484,-1.2970007364618354,-0.045192443916008435,-0.11111088036883371,-1.0901177522751444,-0.13335910755962316,-0.03418093264191635,-1.67048527942695,-0.2124676413917139,0.02418317589998871,-1.995107959986746,-0.23969352474006486,0.04831719927344221,-2.2533548030240644,-0.2533494582693754,0.012799450754434508,-0.9999180836750502,-0.22724893530051463,0.14393135078305527,-1.6667708097122178,-0.34922788763703166,0.23701972665209023,-2.040198362315485,-0.39949574477942346,0.2740594765130273,-2.3402676288902824,-0.41396794236088424,0.18263989534219588,-0.8664333717613887,-0.30663456650094756,0.4494793970858664,-1.4038911417819566,-0.43207775901761614,0.6068344357103533,-1.7070354966925299,-0.473489393635694,0.6885453301331507,-1.9763274438209746,-0.47942814802081074,0.37983823766545516,-0.6704622484655139,-0.3729278410633127,0.5906627231016046,-1.0493445359121925,-0.41900866680173615,0.5883625177044232,-0.9671612458559918,-0.36156307949387445,0.5587695084582364,-0.8452374738727438,-0.31137443098377077,0.0,0.0,0.0,0.0,0.0,0.0,0.0,0.0,0.0,0.0,0.0,0.0,0.0,0.0,0.0,0.0,0.0,0.0,0.0,0.0,0.0,0.0,0.0,0.0,0.0,0.0,0.0,0.0,0.0,0.0,0.0,0.0,0.0,0.0,0.0,0.0,0.0,0.0,0.0,0.0,0.0,0.0,0.0,0.0,0.0,0.0,0.0,0.0,0.0,0.0,0.0,0.0,0.0,0.0,0.0,0.0,0.0,0.0,0.0,0.0,0.0,0.0,0.0
tres,0.0,0.0,0.0,-0.06989544164866554,-0.4893870138245236,0.04497139987023332,0.00416720177475591,-0.9444392753751046,0.02250491942789152,0.19140608099379863,-1.1859092434675733,-0.006844371618941192,0.3611750904813416,-1.3091819013497006,-0.03863226681487868,-0.11389336111140987,-1.0937008420304184,-0.1323065616557297,-0.03661116954886186,-1.6783331652793818,-0.2089085998960816,0.020587389468250176,-2.0030524567124814,-0.23377268543987761,0.04257750319081136,-2.2613092230290164,-0.24564880145316362,0.010875136907249169,-0.9999408639500882,-0.2250156355521003,0.1458326408038794,-1.667508310948532,-0.3461881977334277,0.23859521476293663,-2.0398275102140517,-0.3946470995793343,0.27464542763276295,-2.3414930385042516,-0.4074894092655133,0.18084886831298885,-0.8652383645480539,-0.3029307490683716,0.4521547613412494,-1.40731539939525,-0.4280602706646693,0.6082983898288091,-1.7138323981718393,-0.46846398358503744,0.6891255030275008,-1.9883213911224713,-0.47347524757645215,0.3774025282986389,-0.670211672008135,-0.3673453233781799,0.590895962600575,-1.0530081373184437,-0.4116811537263688,0.5868174869593066,-0.9723966538984375,-0.3521621136686437,0.5554983590424272,-0.8516064654363152,-0.30053248301043195,0.0,0.0,0.0,0.0,0.0,0.0,0.0,0.0,0.0,0.0,0.0,0.0,0.0,0.0,0.0,0.0,0.0,0.0,0.0,0.0,0.0,0.0,0.0,0.0,0.0,0.0,0.0,0.0,0.0,0.0,0.0,0.0,0.0,0.0,0.0,0.0,0.0,0.0,0.0,0.0,0.0,0.0,0.0,0.0,0.0,0.0,0.0,0.0,0.0,0.0,0.0,0.0,0.0,0.0,0.0,0.0,0.0,0.0,0.0,0.0,0.0,0.0,0.0
tres,0.0,0.0,0.0,-0.06964665119387028,-0.48932833241922624,0.04399824186154098,0.004577042375903447,-0.9434136243760047,0.02081088289830689,0.193221884068746,-1.1826521596154,-0.00890225741525452,0.3629877865167653,-1.3028631694458679,-0.04112768886196595,-0.11420199908987419,-1.0945927420444106,-0.13421441810688417,-0.03701720519756539,-1.6767492068538568,-0.21091600729604262,0.02008074139294198,-1.9991990680298382,-0.23597019396858673,0.041665129211098106,-2.256504722110048,-0.24816867160400055,0.010733524089167695,-0.9999423940710921,-0.22664081321922525,0.1457238863139345,-1.6644990280988614,-0.3482590691203599,0.2391096474676012,-2.0348302319163083,-0.3972401058579849,0.27540861195128646,-2.3358062753193494,-0.41058466922317494,0.18067809073990046,-0.8643264416625299,-0.3042298912834617,0.4499186728459494,-1.4018238908625107,-0.42971670502707987,0.6068907051761839,-1.7079912841675753,-0.47083187104509283,0.6889047420277212,-1.9833863569296517,-0.47636438860463837,0.3771160631946381,-0.6685495002104023,-0.36833957822329094,0.5887611998752836,-1.0495096312435115,-0.412619496534874,0.5856832908615243,-0.9688787154857887,-0.3533431342216087,0.5561058701349005,-0.848901853986366,-0.3020722157402535,0.0,0.0,0.0,0.0,0.0,0.0,0.0,0.0,0.0,0.0,0.0,0.0,0.0,0.0,0.0,0.0,0.0,0.0,0.0,0.0,0.0,0.0,0.0,0.0,0.0,0.0,0.0,0.0,0.0,0.0,0.0,0.0,0.0,0.0,0.0,0.0,0.0,0.0,0.0,0.0,0.0,0.0,0.0,0.0,0.0,0.0,0.0,0.0,0.0,0.0,0.0,0.0,0.0,0.0,0.0,0.0,0.0,0.0,0.0,0.0,0.0,0.0,0.0
tres,0.0,0.0,0.0,-0.06291495008434946,-0.47486570377159365,0.05189932711557707,0.010092412622031463,-0.9221395765733787,0.03673317944620474,0.19006512438391976,-1.1513320923311496,0.012858869662563754,0.35618874042459037,-1.2633236888559267,-0.014124415734815706,-0.10373591744348719,-1.0818214926936602,-0.1068655793705599,-0.023304645757764763,-1.6462931641277754,-0.1719903454328319,0.0358991299870799,-1.9577880117193127,-0.19234257790000855,0.060742491922186816,-2.2049642890528984,-0.20221675976623923,0.02342868963415351,-0.9997255105787921,-0.19933356854975223,0.15627799092114006,-1.6392434671780427,-0.3009340036983179,0.24709527174135285,-1.993345435933699,-0.3429072203463319,0.2811986260714045,-2.2821823822550584,-0.35433446990233286,0.19093161116825372,-0.8700094223833564,-0.27793247878628824,0.4456819763881296,-1.3945458569467617,-0.38623149455051614,0.5932662339097893,-1.6853165354794977,-0.4238019337368956,0.6687712473725134,-1.950428725178719,-0.4310949725258962,0.38265845540568305,-0.6739475437237041,-0.3434324239393123,0.5902674666968399,-1.033709111858368,-0.38034740696125185,0.5907900372830102,-0.9473334859830602,-0.3222036277481579,0.5622188578048578,-0.8276059204125548,-0.27322033927759093,0.0,0.0,0.0,0.0,0.0,0.0,0.0,0.0,0.0,0.0,0.0,0.0,0.0,0.0,0.0,0.0,0.0,0.0,0.0,0.0,0.0,0.0,0.0,0.0,0.0,0.0,0.0,0.0,0.0,0.0,0.0,0.0,0.0,0.0,0.0,0.0,0.0,0.0,0.0,0.0,0.0,0.0,0.0,0.0,0.0,0.0,0.0,0.0,0.0,0.0,0.0,0.0,0.0,0.0,0.0,0.0,0.0,0.0,0.0,0.0,0.0,0.0,0.0
tres,0.0,0.0,0.0,-0.0657430560039193,-0.473527392113567,0.048092314147590985,-2.9808863398687885e-05,-0.9251021252215477,0.03245733445605621,0.172427278479647,-1.1590820918069062,0.007812559410542392,0.34098306545507495,-1.2749420838436434,-0.019166350554511654,-0.1147698766726218,-1.0837984998872308,-0.10305492909157242,-0.036489448056346456,-1.6497767744255387,-0.17006882486525074,0.022308927219452226,-1.9619567641403737,-0.19236278228268916,0.049384265548228855,-2.2085450954996038,-0.20366731979186162,0.011431176150881038,-0.9999346619713748,-0.1950033180802657,0.14296696959771746,-1.642066738055594,-0.29818745049344025,0.23176940403121388,-1.9979075608054806,-0.34294075222392817,0.26669179490906614,-2.288838799060951,-0.3565444127207748,0.17934973330084755,-0.8685764142986411,-0.27412493190315135,0.43867141747521704,-1.401994388902185,-0.38429224815966984,0.5860740243910366,-1.6890105990239985,-0.4227096302155466,0.6621391837905253,-1.9507997510883832,-0.4307982587617491,0.3726866220483847,-0.6715531627774661,-0.3408569753946995,0.5867032790381327,-1.0321598736741615,-0.3824744304548656,0.5879768235046529,-0.9473573180425049,-0.3272037968846413,0.5582729448310051,-0.8305261846139896,-0.2795666183609592,0.0,0.0,0.0,0.0,0.0,0.0,0.0,0.0,0.0,0.0,0.0,0.0,0.0,0.0,0.0,0.0,0.0,0.0,0.0,0.0,0.0,0.0,0.0,0.0,0.0,0.0,0.0,0.0,0.0,0.0,0.0,0.0,0.0,0.0,0.0,0.0,0.0,0.0,0.0,0.0,0.0,0.0,0.0,0.0,0.0,0.0,0.0,0.0,0.0,0.0,0.0,0.0,0.0,0.0,0.0,0.0,0.0,0.0,0.0,0.0,0.0,0.0,0.0
tres,0.0,0.0,0.0,-0.0624705259152029,-0.4759814875111172,0.048554202985807815,0.009971850428345032,-0.9263241294558272,0.03216190603718739,0.18969508715117883,-1.1556701683488115,0.007587369106470016,0.355484730044388,-1.2678262280592767,-0.01982935325567223,-0.10427835003974416,-1.0834291592176801,-0.1099495357907073,-0.023998041875078268,-1.6491159577041514,-0.17718006829721455,0.03522778528513122,-1.96229035852721,-0.198681805573744,0.06036295198213913,-2.210897223455503,-0.2094255745179505,0.02352448983603405,-0.9997232608967115,-0.20174853105655877,0.15550869901057202,-1.6379422945410798,-0.30586749255713547,0.2451405839881342,-1.991871254198864,-0.34902841566407383,0.278809599245544,-2.2814845173965823,-0.3611976010254474,0.19094489414378712,-0.8685012214044028,-0.28012079032967363,0.4432757483099951,-1.391053963134815,-0.3908827016211432,0.5915710929478057,-1.6819908505804706,-0.42906007966392623,0.6687011258430932,-1.9488556180573609,-0.43642432902682093,0.38239698847480724,-0.6718820496195428,-0.3457558072047688,0.5889777075728693,-1.029491438509447,-0.38484660857265673,0.5920895091844349,-0.947281187333551,-0.32798700918231477,0.566829661752278,-0.8324557078667771,-0.2797289785110841,0.0,0.0,0.0,0.0,0.0,0.0,0.0,0.0,0.0,0.0,0.0,0.0,0.0,0.0,0.0,0.0,0.0,0.0,0.0,0.0,0.0,0.0,0.0,0.0,0.0,0.0,0.0,0.0,0.0,0.0,0.0,0.0,0.0,0.0,0.0,0.0,0.0,0.0,0.0,0.0,0.0,0.0,0.0,0.0,0.0,0.0,0.0,0.0,0.0,0.0,0.0,0.0,0.0,0.0,0.0,0.0,0.0,0.0,0.0,0.0,0.0,0.0,0.0
tres,0.0,0.0,0.0,-0.07183778643395972,-0.4697768278814876,0.028867525321833898,0.013030085436451493,-0.9322675427372176,0.004686382710576985,0.21909044470699515,-1.1527023466782036,-0.022668631956746652,0.4017437271744257,-1.2522311097689633,-0.05153939054964053,-0.12246507006887739,-1.0867185724626862,-0.13109548735228338,-0.058270168411456706,-1.67106227744947,-0.19791287248549194,-0.0058632481735290155,-2.000114552055485,-0.21905615072572368,0.014491873242260214,-2.2688342694791617,-0.2321618885300022,0.011593894420454748,-0.999932788547394,-0.2145521877493169,0.13745357381037615,-1.6568989403238688,-0.3266635872381268,0.23126976673773722,-2.0210583996369498,-0.37500929309662095,0.27041491100875037,-2.3248715797772777,-0.3920919836829429,0.19001381090274466,-0.873612366940857,-0.2847615103737051,0.46032963330763527,-1.4015994614679528,-0.398887865406915,0.6080896093993668,-1.7007470329250782,-0.4377972949098916,0.6804708658190768,-1.9726593561378292,-0.44710143113656026,0.389785144470258,-0.6904625859164034,-0.3439925479697274,0.5852538423894798,-1.061366667402725,-0.3799480551515156,0.5663331967408854,-0.9694346093130701,-0.31970205206256225,0.5237338052674108,-0.8470624265639228,-0.2720493561983396,0.0,0.0,0.0,0.0,0.0,0.0,0.0,0.0,0.0,0.0,0.0,0.0,0.0,0.0,0.0,0.0,0.0,0.0,0.0,0.0,0.0,0.0,0.0,0.0,0.0,0.0,0.0,0.0,0.0,0.0,0.0,0.0,0.0,0.0,0.0,0.0,0.0,0.0,0.0,0.0,0.0,0.0,0.0,0.0,0.0,0.0,0.0,0.0,0.0,0.0,0.0,0.0,0.0,0.0,0.0,0.0,0.0,0.0,0.0,0.0,0.0,0.0,0.0
tres,0.0,0.0,0.0,-0.06848424527255045,-0.46401661922707516,0.033928944581026486,0.01614207895754896,-0.918096277004644,0.01256913202894267,0.21713864008271358,-1.1440530042513075,-0.01302434717030798,0.3948118293591938,-1.2459525540912384,-0.04044610811844113,-0.1092495224950031,-1.0886328239157368,-0.12376289166863282,-0.046429757809084614,-1.6633493243820678,-0.18583730591158262,0.001244731323044903,-1.9828139137698964,-0.20329930075801017,0.014950092700007534,-2.2430954062925967,-0.21384934199581143,0.020820070150754533,-0.99978323884676,-0.20743716093853984,0.14402927923955386,-1.644442960098021,-0.31802388181758495,0.2345695786606841,-2.0040847975621943,-0.36393751479943787,0.27038217256661606,-2.300536218753903,-0.37855742861167735,0.19385626316117796,-0.8706977855667579,-0.2776607204410499,0.4607440751381887,-1.3875448546360203,-0.3921959121178376,0.6098312667110846,-1.686303350215135,-0.4315618784193342,0.6853080193185377,-1.9546372125523352,-0.4398534288278992,0.3892691585401726,-0.6823161729792365,-0.336105027357124,0.5813324811455108,-1.0531414004581676,-0.37240136793126577,0.5622112198866653,-0.9612600185794836,-0.3130799784655571,0.5212942353223438,-0.8355635663151726,-0.2654094550051223,0.0,0.0,0.0,0.0,0.0,0.0,0.0,0.0,0.0,0.0,0.0,0.0,0.0,0.0,0.0,0.0,0.0,0.0,0.0,0.0,0.0,0.0,0.0,0.0,0.0,0.0,0.0,0.0,0.0,0.0,0.0,0.0,0.0,0.0,0.0,0.0,0.0,0.0,0.0,0.0,0.0,0.0,0.0,0.0,0.0,0.0,0.0,0.0,0.0,0.0,0.0,0.0,0.0,0.0,0.0,0.0,0.0,0.0,0.0,0.0,0.0,0.0,0.0
tres,0.0,0.0,0.0,-0.0865209463634062,-0.5250782180124811,0.026287721899321315,0.055050008873917464,-0.975294652209036,-0.019577096875541055,0.35436038621012844,-1.1160699124766538,-0.064504736383439,0.5738465618011388,-1.1139350608133252,-0.11810349443415777,-0.10317891323653189,-1.1064128255725358,-0.20872828566132734,-0.07743862721479985,-1.7190750219510915,-0.2635204316960545,-0.05207305242211487,-2.059034221706056,-0.27164644082908534,-0.04462606150287844,-2.3579488798183337,-0.28429826546172315,0.07354624395315602,-0.9972918078478249,-0.2923969504706864,0.18461578753034283,-1.6880488223402703,-0.39819087849549284,0.275508319130246,-2.092581655317523,-0.4571866144612061,0.32163473592803,-2.413604962479358,-0.4967342678146792,0.2800865516367011,-0.8550130342207111,-0.3540532185469275,0.5656800813838421,-1.425163287379143,-0.4739014264969648,0.7181683286041382,-1.7518711108042788,-0.5438546854423931,0.7991011483278385,-2.002711375494921,-0.5829646379089499,0.4941650221911453,-0.6930828604099346,-0.39975346825890906,0.5925477964644621,-1.119838719297791,-0.4450497259908013,0.5127764579743671,-1.0505540775490811,-0.4086994070747008,0.44331015885811265,-0.921023449524622,-0.3881178195619143,0.0,0.0,0.0,0.0,0.0,0.0,0.0,0.0,0.0,0.0,0.0,0.0,0.0,0.0,0.0,0.0,0.0,0.0,0.0,0.0,0.0,0.0,0.0,0.0,0.0,0.0,0.0,0.0,0.0,0.0,0.0,0.0,0.0,0.0,0.0,0.0,0.0,0.0,0.0,0.0,0.0,0.0,0.0,0.0,0.0,0.0,0.0,0.0,0.0,0.0,0.0,0.0,0.0,0.0,0.0,0.0,0.0,0.0,0.0,0.0,0.0,0.0,0.0
tres,0.0,0.0,0.0,-0.1089857937123481,-0.5761251014076658,0.04681647404527909,0.05126594745833301,-1.019381628420627,-0.005775800429278206,0.39039426985667225,-1.1495015375886988,-0.0428641748798503,0.6088255253896748,-1.1657041659631622,-0.08516240030329274,-0.10365211473219679,-1.1152482649833413,-0.31309682857395726,-0.10572295707537688,-1.755340706728074,-0.3769462435848093,-0.12644638661111396,-2.1284998999460765,-0.3705295061314218,-0.14831665056181562,-2.4478760841209946,-0.37002726174237227,0.11349994122376345,-0.9935380029682822,-0.3854281253088918,0.22925122273899484,-1.7207815077962458,-0.554129789449282,0.30609677316060846,-2.161402481630168,-0.6286092949028785,0.35320334005529813,-2.5051838287848405,-0.6687755387271277,0.3412497041670399,-0.8310612529715304,-0.4158395521725744,0.6281669776931091,-1.443043015033423,-0.5818600785540442,0.7766860690910437,-1.8044367149304414,-0.6435147446889797,0.8763645391875609,-2.0881092723978774,-0.6627598606364848,0.5480944070901453,-0.6683596945497738,-0.4176441069543981,0.5750916621743315,-1.17436551927465,-0.4655811059782301,0.4167563137299034,-1.1494726579169727,-0.406103811367719,0.31264368148729066,-1.0735536636299035,-0.36515190598385383,0.0,0.0,0.0,0.0,0.0,0.0,0.0,0.0,0.0,0.0,0.0,0.0,0.0,0.0,0.0,0.0,0.0,0.0,0.0,0.0,0.0,0.0,0.0,0.0,0.0,0.0,0.0,0.0,0.0,0.0,0.0,0.0,0.0,0.0,0.0,0.0,0.0,0.0,0.0,0.0,0.0,0.0,0.0,0.0,0.0,0.0,0.0,0.0,0.0,0.0,0.0,0.0,0.0,0.0,0.0,0.0,0.0,0.0,0.0,0.0,0.0,0.0,0.0
tres,0.0,0.0,0.0,-0.12324252431708319,-0.5676699209191873,0.030417623264814522,0.04232050084596642,-1.0266588278286382,-0.025624115846220534,0.3838691179822682,-1.1590850213907562,-0.0642591401656613,0.5997005582684575,-1.1733718401245046,-0.10858925610213978,-0.11260468959142951,-1.118363531192142,-0.3113923003910775,-0.1198176646350288,-1.756789601833999,-0.3785337489853528,-0.13616788419073567,-2.1387065955080025,-0.3789896398627,-0.14930508369186923,-2.4616256101245275,-0.3817717312617078,0.11003661621121705,-0.9939275341254941,-0.37704983596432756,0.2243268807212419,-1.7245678374304,-0.5332500281245753,0.2985040333019998,-2.175059589760813,-0.6024166664144766,0.3418560202909473,-2.52288611639689,-0.6400092724591151,0.34481948955036923,-0.8270067640809827,-0.40470062116389344,0.6324482791847912,-1.4396895346652623,-0.5702543256690246,0.7752504719788524,-1.7961063510368958,-0.6356429191932927,0.869271269556772,-2.066250872024193,-0.656515336272126,0.5559097504193469,-0.6632205920037304,-0.405375565357992,0.5865450745648172,-1.1712808701534538,-0.4590891599116751,0.42545553666665314,-1.1371671193263977,-0.40146831698948876,0.3198732664458224,-1.0336988171750832,-0.35991728823612773,0.0,0.0,0.0,0.0,0.0,0.0,0.0,0.0,0.0,0.0,0.0,0.0,0.0,0.0,0.0,0.0,0.0,0.0,0.0,0.0,0.0,0.0,0.0,0.0,0.0,0.0,0.0,0.0,0.0,0.0,0.0,0.0,0.0,0.0,0.0,0.0,0.0,0.0,0.0,0.0,0.0,0.0,0.0,0.0,0.0,0.0,0.0,0.0,0.0,0.0,0.0,0.0,0.0,0.0,0.0,0.0,0.0,0.0,0.0,0.0,0.0,0.0,0.0
tres,0.0,0.0,0.0,-0.11858817673141207,-0.5657817427569497,0.030163740758022015,0.04845133287735681,-1.0266750877978925,-0.026477503307822198,0.3900595199326857,-1.1603278818876368,-0.06486196220630967,0.601923975520413,-1.1737369903103432,-0.10886278977671747,-0.10841399215937321,-1.1179956218362417,-0.31687780519135705,-0.11607122066595153,-1.7577715899522197,-0.38486327977771856,-0.13399942876512358,-2.142604607071494,-0.38540257651834686,-0.1483861954485376,-2.4683202795351606,-0.3886933573775574,0.1135368472074118,-0.9935337862026641,-0.3827910382978456,0.22736622095924383,-1.7255594063419044,-0.5420088892157824,0.30264790575096223,-2.1775650268848787,-0.6135919477574789,0.3495133992650102,-2.5260266725858362,-0.652775086033949,0.34772454733646674,-0.8254533732091378,-0.4098984980807868,0.6375091372363763,-1.4420913339780264,-0.5789610307574282,0.7849999073620229,-1.8007701366716526,-0.6468577408835685,0.8855984868219345,-2.0719797906801873,-0.6691008225870767,0.5590946059386757,-0.6615208695477663,-0.4095215614244152,0.5905905349499885,-1.1665070589962734,-0.46727335390951036,0.4310225159101255,-1.126219772210996,-0.41155443531296365,0.32841179925301583,-1.0175243892175319,-0.3708697607109983,0.0,0.0,0.0,0.0,0.0,0.0,0.0,0.0,0.0,0.0,0.0,0.0,0.0,0.0,0.0,0.0,0.0,0.0,0.0,0.0,0.0,0.0,0.0,0.0,0.0,0.0,0.0,0.0,0.0,0.0,0.0,0.0,0.0,0.0,0.0,0.0,0.0,0.0,0.0,0.0,0.0,0.0,0.0,0.0,0.0,0.0,0.0,0.0,0.0,0.0,0.0,0.0,0.0,0.0,0.0,0.0,0.0,0.0,0.0,0.0,0.0,0.0,0.0
tres,0.0,0.0,0.0,-0.16526655791783063,-0.5497156975337433,0.012405990734633228,-0.03575811983783895,-0.9927220820831792,-0.05457155236198717,0.2746492640976868,-1.1684689583079941,-0.09598649656490095,0.4889091626974436,-1.232518319656532,-0.1406926369186115,-0.12078566495026315,-1.1041790311944537,-0.3604882279453005,-0.15668925632129205,-1.7213727182651188,-0.45215956269537155,-0.18948516253630515,-2.1142982633655425,-0.4715216044235782,-0.2067904731056929,-2.4424653441477644,-0.4820502127701551,0.13505347896330655,-0.9908383106339337,-0.4053566086811144,0.2384407202421985,-1.718068901255989,-0.5654945521303137,0.3038511177835579,-2.1724548955456995,-0.6292299397782042,0.34768602091745604,-2.516210213372283,-0.6625531095463941,0.3732578787187082,-0.8292018901099955,-0.4111044323533993,0.6186849117951355,-1.4555411800197,-0.5645423716060415,0.7380972292457796,-1.819733691657461,-0.6126502887634838,0.8322045753850512,-2.0770378810798977,-0.622845182865756,0.5594767242033692,-0.6709735789297796,-0.3920847015578643,0.542706884725023,-1.1598434020491815,-0.43773884791227785,0.3632453900700175,-1.1750550829166773,-0.380068653859884,0.2630344659448039,-1.114974773672139,-0.3356347419711288,0.0,0.0,0.0,0.0,0.0,0.0,0.0,0.0,0.0,0.0,0.0,0.0,0.0,0.0,0.0,0.0,0.0,0.0,0.0,0.0,0.0,0.0,0.0,0.0,0.0,0.0,0.0,0.0,0.0,0.0,0.0,0.0,0.0,0.0,0.0,0.0,0.0,0.0,0.0,0.0,0.0,0.0,0.0,0.0,0.0,0.0,0.0,0.0,0.0,0.0,0.0,0.0,0.0,0.0,0.0,0.0,0.0,0.0,0.0,0.0,0.0,0.0,0.0
tres,0.0,0.0,0.0,-0.1554602873708937,-0.5565836434487365,0.022514947070222953,-0.015396015697699484,-0.9958205249452385,-0.03675589523852751,0.305747565380844,-1.1545753435573505,-0.0734903938051432,0.522667633534164,-1.2231733694085822,-0.11371634746775737,-0.1177726500149746,-1.1002777896160603,-0.3383768059624244,-0.1460204975046028,-1.7095787292787543,-0.4247733978911272,-0.17368347188786418,-2.100451711585534,-0.44183752219097605,-0.1854823628052338,-2.4361252842421472,-0.4537367486116991,0.13486756267841832,-0.990863633673768,-0.3888473627821342,0.2357412452168145,-1.7070851892333756,-0.5457100548246799,0.30511007344459906,-2.1556382839340418,-0.612372293173779,0.3536793694608697,-2.508785258049174,-0.6514907959223364,0.37191059492503337,-0.836949747410446,-0.40123317230998123,0.6270330621238847,-1.448620791525641,-0.5571923510799743,0.7507079084478997,-1.8103179728228505,-0.6145867982446295,0.8442167887035914,-2.0782366905295233,-0.6335443187372856,0.5616519794269195,-0.6873393196572126,-0.3877667370674583,0.5546842870801588,-1.1789890699283236,-0.43574396544566296,0.3714770891228468,-1.2143235311416223,-0.386429118448411,0.26734456586323024,-1.184295248660326,-0.3514371381043797,0.0,0.0,0.0,0.0,0.0,0.0,0.0,0.0,0.0,0.0,0.0,0.0,0.0,0.0,0.0,0.0,0.0,0.0,0.0,0.0,0.0,0.0,0.0,0.0,0.0,0.0,0.0,0.0,0.0,0.0,0.0,0.0,0.0,0.0,0.0,0.0,0.0,0.0,0.0,0.0,0.0,0.0,0.0,0.0,0.0,0.0,0.0,0.0,0.0,0.0,0.0,0.0,0.0,0.0,0.0,0.0,0.0,0.0,0.0,0.0,0.0,0.0,0.0
tres,0.0,0.0,0.0,-0.15662147682219188,-0.5586283463939934,-0.00045241390082944335,-0.012488614722470327,-1.013711331638043,-0.070056121763755,0.304482353541168,-1.1762078494356716,-0.11613600323335747,0.5114727023943968,-1.2295077112917023,-0.16882743092766667,-0.11141992068654358,-1.1011733741484013,-0.34515039100254263,-0.14712305380202323,-1.716816961605017,-0.4363962072144402,-0.18377994761715452,-2.113563240381211,-0.45893164316228596,-0.20976985569719717,-2.4510338169664925,-0.47434507197434744,0.14320550799282597,-0.9896929738461907,-0.39333798619082533,0.24825860040658343,-1.7219330259951104,-0.5464414588901841,0.3144491386554347,-2.176382253013015,-0.6124249680321187,0.35756741338193027,-2.535217040876307,-0.649200123630937,0.3806361276310661,-0.8178456827943413,-0.40663370564350104,0.6275985334577419,-1.4630575555913032,-0.5667824146988977,0.7493878688126177,-1.8337186637942324,-0.6241214559573716,0.839581715934869,-2.105688112960896,-0.6411583933256799,0.5669813479606358,-0.6442271624348328,-0.39650542859772886,0.5557473303359358,-1.160446236920738,-0.4577801169588215,0.38091098334921514,-1.1713515918452753,-0.40586656572975177,0.2841181854855963,-1.097494623441439,-0.3651477061781055,0.0,0.0,0.0,0.0,0.0,0.0,0.0,0.0,0.0,0.0,0.0,0.0,0.0,0.0,0.0,0.0,0.0,0.0,0.0,0.0,0.0,0.0,0.0,0.0,0.0,0.0,0.0,0.0,0.0,0.0,0.0,0.0,0.0,0.0,0.0,0.0,0.0,0.0,0.0,0.0,0.0,0.0,0.0,0.0,0.0,0.0,0.0,0.0,0.0,0.0,0.0,0.0,0.0,0.0,0.0,0.0,0.0,0.0,0.0,0.0,0.0,0.0,0.0
tres,0.0,0.0,0.0,-0.17389930060262196,-0.5717603896669048,-0.0009201201249553393,-0.04186518044773597,-1.027821006043287,-0.07032816750631982,0.2685282134014425,-1.1940287887023453,-0.11195688993607046,0.48829013259121673,-1.2611955538013826,-0.15945810671744512,-0.12513689929734736,-1.102026722628936,-0.36720918413817094,-0.1665840969437788,-1.7182089229721837,-0.4594007770802642,-0.208433129039067,-2.1285525442968805,-0.4786571106473656,-0.22907519310059327,-2.48265635622439,-0.4921112835072933,0.13694552620650285,-0.9905785798471639,-0.40960416030974045,0.22919601738051504,-1.7373974911316918,-0.5695977109107702,0.2997008776212573,-2.2079342403871967,-0.6372103219281704,0.35553842002443264,-2.574216793694696,-0.6753990848322488,0.3803068206815209,-0.8254184215531551,-0.41395271697860725,0.6289496356789901,-1.4738124037598885,-0.5836311698693323,0.748284518450882,-1.856744629349638,-0.6478988731588388,0.840762095831191,-2.1320208355301955,-0.6683424710851474,0.5676418388841301,-0.6619250039225063,-0.39272415773253233,0.5460313062208921,-1.1568443235569723,-0.4597850934503495,0.3584491605531445,-1.1469174122531376,-0.4101543217012816,0.25714593183325196,-1.0467085227750186,-0.37047540469331136,0.0,0.0,0.0,0.0,0.0,0.0,0.0,0.0,0.0,0.0,0.0,0.0,0.0,0.0,0.0,0.0,0.0,0.0,0.0,0.0,0.0,0.0,0.0,0.0,0.0,0.0,0.0,0.0,0.0,0.0,0.0,0.0,0.0,0.0,0.0,0.0,0.0,0.0,0.0,0.0,0.0,0.0,0.0,0.0,0.0,0.0,0.0,0.0,0.0,0.0,0.0,0.0,0.0,0.0,0.0,0.0,0.0,0.0,0.0,0.0,0.0,0.0,0.0
tres,0.0,0.0,0.0,-0.1703574613273663,-0.5679150883554128,0.0065082238864528725,-0.039500144129666265,-1.0121173950411864,-0.06224099321462803,0.26159655714498153,-1.179995377756054,-0.10555820083129736,0.47755640064949484,-1.244455788536843,-0.15459668306740348,-0.11855315057744599,-1.098683533397287,-0.3618930751729005,-0.16473686929041265,-1.7073872731040867,-0.46212845084357057,-0.20720589494276748,-2.1142510250328193,-0.48739640784797383,-0.2320443495399306,-2.4620650909879576,-0.5025639118793045,0.13768597453394776,-0.9904759322753063,-0.4087397215144334,0.2384235376346217,-1.729384835022993,-0.5749180813254663,0.30515657637024224,-2.1967114651268007,-0.6410117863356608,0.35160805176785626,-2.5599396398817076,-0.6737900023225841,0.37721932340547154,-0.8239783904077892,-0.4173783221052716,0.6217567344370678,-1.4550843436325571,-0.580718051667116,0.7407530338193083,-1.833344097116838,-0.6307422257676305,0.8334318964020633,-2.1090472945295815,-0.6397684558721601,0.5606648291578775,-0.6504878598482108,-0.40173595935061857,0.5424932861743694,-1.126579930216968,-0.4574477723939661,0.3640075995247014,-1.1221978564927984,-0.3966679745914752,0.2690654459959681,-1.0349715197876421,-0.3474158274768175,0.0,0.0,0.0,0.0,0.0,0.0,0.0,0.0,0.0,0.0,0.0,0.0,0.0,0.0,0.0,0.0,0.0,0.0,0.0,0.0,0.0,0.0,0.0,0.0,0.0,0.0,0.0,0.0,0.0,0.0,0.0,0.0,0.0,0.0,0.0,0.0,0.0,0.0,0.0,0.0,0.0,0.0,0.0,0.0,0.0,0.0,0.0,0.0,0.0,0.0,0.0,0.0,0.0,0.0,0.0,0.0,0.0,0.0,0.0,0.0,0.0,0.0,0.0
tres,0.0,0.0,0.0,-0.16938646843228328,-0.569806837565748,0.003977410387244595,-0.041423821638746305,-1.0133350250799105,-0.06547808888147766,0.25745853608066244,-1.1813212019081138,-0.10979620364598205,0.4735155047211464,-1.2450988634941178,-0.15969278195487965,-0.1183452436253542,-1.099439247272992,-0.35951637160923267,-0.16476979904551137,-1.7055893447321802,-0.4605204617270032,-0.20717711268548258,-2.11103413760037,-0.48761441007534706,-0.23244079677709428,-2.4596480246471204,-0.504082517015566,0.1374470990722111,-0.9905091089720648,-0.4056875522105341,0.23901009261885292,-1.7277717555627279,-0.5706025778486351,0.3060984610743817,-2.1941048971654395,-0.637002645478781,0.3527866210659621,-2.5587937815028683,-0.6703766927691073,0.3769172075117829,-0.8230466954753166,-0.41436586409302173,0.6221778584187129,-1.4518251491892578,-0.5750486077838076,0.7403086002849678,-1.8285766706033162,-0.6242517793645058,0.8321627330860867,-2.103187020034392,-0.6332530283833081,0.5603384657402326,-0.6489734928246413,-0.3996018544612026,0.5455513404569978,-1.126929069098763,-0.45334987179748837,0.3689547988396761,-1.1311163042409125,-0.39280685797332343,0.2748341835960263,-1.052551517371674,-0.3439961140586615,0.0,0.0,0.0,0.0,0.0,0.0,0.0,0.0,0.0,0.0,0.0,0.0,0.0,0.0,0.0,0.0,0.0,0.0,0.0,0.0,0.0,0.0,0.0,0.0,0.0,0.0,0.0,0.0,0.0,0.0,0.0,0.0,0.0,0.0,0.0,0.0,0.0,0.0,0.0,0.0,0.0,0.0,0.0,0.0,0.0,0.0,0.0,0.0,0.0,0.0,0.0,0.0,0.0,0.0,0.0,0.0,0.0,0.0,0.0,0.0,0.0,0.0,0.0
tres,0.0,0.0,0.0,-0.16430926787889,-0.5567649138322631,0.006729085179851684,-0.03766891564914281,-1.0037466249941545,-0.058910097938540094,0.2588094914850089,-1.1773469686257683,-0.1014663332177238,0.46879661261980565,-1.244071120255736,-0.14998862510440059,-0.10811952468510821,-1.099206079978003,-0.33914933958488347,-0.15879096116076535,-1.7144137198413318,-0.4328388972518138,-0.2006148938126887,-2.1189246934344106,-0.45398939679022804,-0.22846857671383566,-2.4590727003273174,-0.4654474531280392,0.14573448091377045,-0.9893237392647535,-0.38871956484283254,0.2475583149988172,-1.728283698543026,-0.5538169801626004,0.3110298890677426,-2.189008491711728,-0.617959683375364,0.35364805906889196,-2.5472057123167273,-0.646316916721442,0.3774307090521534,-0.8215535623090026,-0.40192687654077713,0.6209022706720001,-1.4695693795791798,-0.5666067436678104,0.733212785306876,-1.850065153665561,-0.6125024173664969,0.8184202336509646,-2.1287625863064927,-0.6156530243691507,0.551452247740222,-0.6446791139984644,-0.39117301896539264,0.5453442112927505,-1.151168293771928,-0.44575743399343315,0.37763762431021675,-1.154455711273753,-0.37805712670555885,0.2860696207608695,-1.0661053037188897,-0.3219134472952713,0.0,0.0,0.0,0.0,0.0,0.0,0.0,0.0,0.0,0.0,0.0,0.0,0.0,0.0,0.0,0.0,0.0,0.0,0.0,0.0,0.0,0.0,0.0,0.0,0.0,0.0,0.0,0.0,0.0,0.0,0.0,0.0,0.0,0.0,0.0,0.0,0.0,0.0,0.0,0.0,0.0,0.0,0.0,0.0,0.0,0.0,0.0,0.0,0.0,0.0,0.0,0.0,0.0,0.0,0.0,0.0,0.0,0.0,0.0,0.0,0.0,0.0,0.0
tres,0.0,0.0,0.0,-0.1617673003728596,-0.5595344686219204,0.011264793029657801,-0.03638569734196252,-1.0076596942085092,-0.0521073700335208,0.259063783032394,-1.179650720472806,-0.09247105187618637,0.4663150616745611,-1.249676881374797,-0.1392097622112178,-0.10411893227378358,-1.100712358189326,-0.33934743910333354,-0.15151933369721074,-1.7135734694337914,-0.4271145261949265,-0.1896612968733281,-2.1108109835538347,-0.44368079022127827,-0.21292726527133132,-2.4500709873660553,-0.4535884050769844,0.14970211560217692,-0.9887311447427114,-0.3882792135362931,0.24521949284474434,-1.721450743461597,-0.5522495528095436,0.3088906449193651,-2.177177486640567,-0.6193118224512058,0.3544058699798818,-2.535087621200501,-0.6525289130083701,0.3794202574842026,-0.8231534172840048,-0.3995025565061458,0.6167855961242332,-1.4668343736712706,-0.5686075282478571,0.7306878566895858,-1.8476701248092655,-0.6253338357659808,0.8194267820418488,-2.1278792980416332,-0.637124595242568,0.5536104693450417,-0.6580215521106245,-0.384703908045285,0.5392237740956388,-1.1697624421964132,-0.44418904099891815,0.3627832327871752,-1.1784154213189917,-0.385348320568923,0.26612653868666036,-1.0962094573718375,-0.3373906613489078,0.0,0.0,0.0,0.0,0.0,0.0,0.0,0.0,0.0,0.0,0.0,0.0,0.0,0.0,0.0,0.0,0.0,0.0,0.0,0.0,0.0,0.0,0.0,0.0,0.0,0.0,0.0,0.0,0.0,0.0,0.0,0.0,0.0,0.0,0.0,0.0,0.0,0.0,0.0,0.0,0.0,0.0,0.0,0.0,0.0,0.0,0.0,0.0,0.0,0.0,0.0,0.0,0.0,0.0,0.0,0.0,0.0,0.0,0.0,0.0,0.0,0.0,0.0
tres,0.0,0.0,0.0,-0.15790738741811633,-0.562557852786501,0.011189586432023441,-0.0315807285795843,-1.0074193336679873,-0.051390940273340326,0.25993321967957395,-1.1738319133079265,-0.09081526849856256,0.4654616120185893,-1.2456276792926735,-0.13692789920699255,-0.10163820507832468,-1.102178993834316,-0.3360476752505942,-0.14482403385733034,-1.7034231489849512,-0.42239752444561884,-0.1841747805271497,-2.0975544250104194,-0.4413998549469886,-0.20670320087866445,-2.437086436017063,-0.4548949670432743,0.15234386252417656,-0.9883275507397407,-0.38391359952942267,0.24692253754775456,-1.7061655246269087,-0.544010317759608,0.3117214595195353,-2.1576432953208187,-0.6161064774755413,0.36201480368615485,-2.5112124030504686,-0.6566506859430175,0.38090590806914437,-0.8240321505551531,-0.3939075505720457,0.6176551389912395,-1.4570879463640547,-0.5604992777661215,0.7303823939117627,-1.8270404394336137,-0.6229532633088476,0.8202641924376077,-2.096544930103076,-0.6423043889320703,0.5534699022736138,-0.6652345381321958,-0.37808681406289535,0.5285035219033892,-1.1540211825022697,-0.4424714464808965,0.34723559853490377,-1.1489294671528802,-0.3919935113372644,0.25017943800167025,-1.0570200802844938,-0.3513758339967061,0.0,0.0,0.0,0.0,0.0,0.0,0.0,0.0,0.0,0.0,0.0,0.0,0.0,0.0,0.0,0.0,0.0,0.0,0.0,0.0,0.0,0.0,0.0,0.0,0.0,0.0,0.0,0.0,0.0,0.0,0.0,0.0,0.0,0.0,0.0,0.0,0.0,0.0,0.0,0.0,0.0,0.0,0.0,0.0,0.0,0.0,0.0,0.0,0.0,0.0,0.0,0.0,0.0,0.0,0.0,0.0,0.0,0.0,0.0,0.0,0.0,0.0,0.0
tres,0.0,0.0,0.0,-0.17786385095668394,-0.5757972791956427,-0.008711524830060168,-0.05189423684714804,-1.0334460856009418,-0.08400589327638733,0.25059023206529957,-1.2070609125290737,-0.1299449985730232,0.46765496822331853,-1.278112033399545,-0.1824535717137143,-0.12204539437079491,-1.0970805742250596,-0.38830356388927273,-0.17231911327583435,-1.7396952781055117,-0.48722037467990836,-0.20759957420428687,-2.1553459409717868,-0.5069496806454437,-0.22544074538982764,-2.5058048063763243,-0.5173585267931007,0.14856986154322396,-0.9889019143681679,-0.42788147753083666,0.2485038936787924,-1.7635671525812417,-0.5973353425373059,0.31620858149774617,-2.242291159042406,-0.663250285729673,0.36552978445176687,-2.607399062866059,-0.6958350900218786,0.3918878350442478,-0.8289379183383748,-0.4288697584485986,0.6344483211475956,-1.496007976580568,-0.6041394084910214,0.7467028733981109,-1.8944996302596333,-0.6649878062058417,0.8369870795679872,-2.182932554666762,-0.6807740245879357,0.5697449709459513,-0.6712646319336217,-0.4044655698862188,0.5358542344395215,-1.1671180137524086,-0.4720013229796068,0.33839045181026645,-1.1550875548167223,-0.4159362705975096,0.23202208318840659,-1.0467661270517699,-0.3701285376876431,0.0,0.0,0.0,0.0,0.0,0.0,0.0,0.0,0.0,0.0,0.0,0.0,0.0,0.0,0.0,0.0,0.0,0.0,0.0,0.0,0.0,0.0,0.0,0.0,0.0,0.0,0.0,0.0,0.0,0.0,0.0,0.0,0.0,0.0,0.0,0.0,0.0,0.0,0.0,0.0,0.0,0.0,0.0,0.0,0.0,0.0,0.0,0.0,0.0,0.0,0.0,0.0,0.0,0.0,0.0,0.0,0.0,0.0,0.0,0.0,0.0,0.0,0.0
tres,0.0,0.0,0.0,-0.17465568007313412,-0.5873382216536847,-0.01312471670622171,-0.03502732813770527,-1.0389940974783662,-0.09640577257858192,0.28163977279151303,-1.199086118609796,-0.14795082849085134,0.5001540931812619,-1.2632580632451127,-0.2057028249302472,-0.12369455403804057,-1.10153080559163,-0.4134985469390184,-0.1723673839020842,-1.7455700404647787,-0.5241224085444467,-0.21350866327486448,-2.1722919599104333,-0.5514318194968518,-0.23584368768421282,-2.5334698736968426,-0.5666290956280008,0.1530046162561019,-0.9882254739705524,-0.45272112168649936,0.2586292153198446,-1.7622896685714535,-0.6368944401533141,0.3263259374131847,-2.2467321845146984,-0.7095061864512295,0.3762917278003163,-2.621464967117137,-0.7452380265263292,0.402419288559319,-0.8240107643055855,-0.4513869106218515,0.6450147584330496,-1.494217184113859,-0.6357814887139152,0.7619868048594537,-1.8948795544460935,-0.6950833559713023,0.8572181895183406,-2.1818512923998843,-0.7077616138163324,0.5839601127878743,-0.6655637378888357,-0.42450667533078357,0.5413398758264778,-1.1584222514187255,-0.4927310051573014,0.3419386020623001,-1.145466032935227,-0.4322473616322136,0.2396955124466469,-1.0358765027854182,-0.38265426767030497,0.0,0.0,0.0,0.0,0.0,0.0,0.0,0.0,0.0,0.0,0.0,0.0,0.0,0.0,0.0,0.0,0.0,0.0,0.0,0.0,0.0,0.0,0.0,0.0,0.0,0.0,0.0,0.0,0.0,0.0,0.0,0.0,0.0,0.0,0.0,0.0,0.0,0.0,0.0,0.0,0.0,0.0,0.0,0.0,0.0,0.0,0.0,0.0,0.0,0.0,0.0,0.0,0.0,0.0,0.0,0.0,0.0,0.0,0.0,0.0,0.0,0.0,0.0
tres,0.0,0.0,0.0,-0.1880657068220155,-0.5784121398868993,-0.008345025596419491,-0.06237149258845029,-1.039908661366005,-0.08998387310594884,0.2278112498918282,-1.2418843634314662,-0.13694367504876276,0.4372046935749811,-1.3386615416854464,-0.1884853772135561,-0.12026686696766516,-1.111285211632916,-0.4369409796158837,-0.17187264280874917,-1.7608005703653133,-0.5587434945245111,-0.21264455503746577,-2.196484904406273,-0.5904076824004201,-0.23746013177304012,-2.5601118146994364,-0.6046605322588855,0.1488043338367307,-0.9888666594801377,-0.4707423826275141,0.2555950838542761,-1.774143369431064,-0.6721745464880645,0.3243641981773438,-2.2668438642588984,-0.7431364870621247,0.36689557913671256,-2.6449179099323072,-0.7721245713562033,0.3955775233112718,-0.8243791727793962,-0.4610078335901353,0.638432863217373,-1.502368315284308,-0.6497386047131092,0.7536857278775949,-1.9136830030578338,-0.694808010016926,0.8464214101770741,-2.2074995506408595,-0.6923035383319927,0.5743062168744387,-0.6675943649157285,-0.42464541782654003,0.5469584930895419,-1.1870585738229367,-0.48146844623181745,0.3524779046282362,-1.191333673659647,-0.4060848454236101,0.2495495046580708,-1.0969547294014934,-0.34343462769353666,0.0,0.0,0.0,0.0,0.0,0.0,0.0,0.0,0.0,0.0,0.0,0.0,0.0,0.0,0.0,0.0,0.0,0.0,0.0,0.0,0.0,0.0,0.0,0.0,0.0,0.0,0.0,0.0,0.0,0.0,0.0,0.0,0.0,0.0,0.0,0.0,0.0,0.0,0.0,0.0,0.0,0.0,0.0,0.0,0.0,0.0,0.0,0.0,0.0,0.0,0.0,0.0,0.0,0.0,0.0,0.0,0.0,0.0,0.0,0.0,0.0,0.0,0.0
tres,0.0,0.0,0.0,-0.17029609174151933,-0.5617594891238464,0.008090594456133424,-0.03343590553709077,-1.0119671031181414,-0.06111265643610164,0.2664029728501991,-1.1816418305277911,-0.1022621135292887,0.4719610964313243,-1.2512343491560887,-0.15147318900103135,-0.10189730325228948,-1.1001309222200943,-0.3788059095150147,-0.14210059274507614,-1.7316095811295757,-0.47566195227722113,-0.1817001401824102,-2.144817578175454,-0.49564837169183995,-0.20815146362520373,-2.489273768121605,-0.5061978113617829,0.1611021346502752,-0.9869377397845948,-0.42316246869112234,0.26765315158201664,-1.737660612385399,-0.5917671442553376,0.331344643209844,-2.205020861966522,-0.6577775770255574,0.37273120409228017,-2.5644628638529268,-0.6898176693269465,0.39603616320669355,-0.82549591068404,-0.4268086322982036,0.6302120040655668,-1.4847826650498734,-0.6001461068799367,0.7362906580270122,-1.8689341071540617,-0.6568845717498963,0.8192322659468945,-2.144272290500311,-0.6688255981746116,0.569838228331929,-0.6687516360481695,-0.40288191485793584,0.5260096210956274,-1.1680431639555708,-0.46715590868366463,0.3328978391337077,-1.1500268935537765,-0.4075189017018458,0.23004578100302808,-1.041969959976363,-0.3579992304414068,0.0,0.0,0.0,0.0,0.0,0.0,0.0,0.0,0.0,0.0,0.0,0.0,0.0,0.0,0.0,0.0,0.0,0.0,0.0,0.0,0.0,0.0,0.0,0.0,0.0,0.0,0.0,0.0,0.0,0.0,0.0,0.0,0.0,0.0,0.0,0.0,0.0,0.0,0.0,0.0,0.0,0.0,0.0,0.0,0.0,0.0,0.0,0.0,0.0,0.0,0.0,0.0,0.0,0.0,0.0,0.0,0.0,0.0,0.0,0.0,0.0,0.0,0.0
tres,0.0,0.0,0.0,-0.16667699926758492,-0.561675388291858,0.018633111104189394,-0.03370029698717198,-1.0110516256917403,-0.03559003514783766,0.2577862887400749,-1.1899055356641701,-0.06703987029410742,0.47273768797085464,-1.2783439387986466,-0.1058231859089771,-0.10156044239466777,-1.0958557676617346,-0.3268782810791051,-0.14049232721132165,-1.719667488543189,-0.40943035228312713,-0.17567311815072514,-2.1238085323954303,-0.4239171843344794,-0.19300071073867986,-2.4691527356053555,-0.43303381347340464,0.15898951992261662,-0.9872802705183447,-0.37460653054329796,0.26187147325601556,-1.7277875035245311,-0.5185376080023663,0.3267542232594344,-2.1865008812003914,-0.5767311547849557,0.3723850355693181,-2.54459767204127,-0.6082231579124531,0.39007175437727054,-0.8292265438495701,-0.3858630653861795,0.6293690541558574,-1.4773840238348694,-0.5399578816362577,0.7306853642717871,-1.852281104172663,-0.5975981703607451,0.8056090797070359,-2.123955917004031,-0.6153814953948726,0.5607463843482011,-0.6743892528809716,-0.37105328140815935,0.5271714067115285,-1.1653188974927176,-0.4288141157494223,0.33636364316262585,-1.1717729854873984,-0.37867166537759833,0.22990443058150672,-1.0945723051488323,-0.33876052864971995,0.0,0.0,0.0,0.0,0.0,0.0,0.0,0.0,0.0,0.0,0.0,0.0,0.0,0.0,0.0,0.0,0.0,0.0,0.0,0.0,0.0,0.0,0.0,0.0,0.0,0.0,0.0,0.0,0.0,0.0,0.0,0.0,0.0,0.0,0.0,0.0,0.0,0.0,0.0,0.0,0.0,0.0,0.0,0.0,0.0,0.0,0.0,0.0,0.0,0.0,0.0,0.0,0.0,0.0,0.0,0.0,0.0,0.0,0.0,0.0,0.0,0.0,0.0
tres,0.0,0.0,0.0,-0.1685714591023364,-0.5611322358972148,0.014610522150132397,-0.0394986785008541,-1.0058056997937967,-0.04433230532102573,0.2539136851491186,-1.1719214198459311,-0.0781552076037263,0.4656534774680099,-1.2473628566056816,-0.11933187278170042,-0.10194633729490178,-1.100583119008219,-0.342662203677549,-0.13998848528491137,-1.7155869295159965,-0.42548940430079396,-0.1752380382371348,-2.1150984112703384,-0.43896038322892456,-0.19396173374684728,-2.456068473480494,-0.44754603877841814,0.1568284798682168,-0.9876258542090848,-0.38717406919012914,0.2579151472197836,-1.7159988137939042,-0.5402539393380615,0.3209180153622266,-2.172681291815716,-0.6039375314454226,0.3658971248117898,-2.526290465550026,-0.6385957633020388,0.38705243812696477,-0.8257571561086561,-0.3929198338309736,0.6208135244951409,-1.4610717558861332,-0.5538253299594104,0.7218035666279544,-1.835615225018702,-0.6127335116274637,0.8006547937632752,-2.1045090445898684,-0.6302442731502425,0.5570016129753571,-0.6713539832551269,-0.37182839974242005,0.5148358540532396,-1.1585100077707258,-0.43046521740715316,0.32178890448916136,-1.1545720743271946,-0.37781302781409415,0.2182055480672532,-1.0659753033579042,-0.33634401525347324,0.0,0.0,0.0,0.0,0.0,0.0,0.0,0.0,0.0,0.0,0.0,0.0,0.0,0.0,0.0,0.0,0.0,0.0,0.0,0.0,0.0,0.0,0.0,0.0,0.0,0.0,0.0,0.0,0.0,0.0,0.0,0.0,0.0,0.0,0.0,0.0,0.0,0.0,0.0,0.0,0.0,0.0,0.0,0.0,0.0,0.0,0.0,0.0,0.0,0.0,0.0,0.0,0.0,0.0,0.0,0.0,0.0,0.0,0.0,0.0,0.0,0.0,0.0
tres,0.0,0.0,0.0,-0.18674723848488678,-0.569081262076136,-0.0009247909641254543,-0.06179768591800554,-1.0260984995312312,-0.07015429223948112,0.24389205320769036,-1.2064615965856595,-0.10784712605881526,0.46979900350077836,-1.2953236982384124,-0.15199074323168305,-0.12592283332810514,-1.100365639899954,-0.3926204794306848,-0.15931027649279417,-1.7419138906221634,-0.4826794702050645,-0.18925745575310587,-2.156074092515985,-0.49762821853285216,-0.20156540509934048,-2.514589630548603,-0.507448886680606,0.14266733668785728,-0.9897706961930088,-0.4282087227566611,0.24194900903779026,-1.7642202076979896,-0.584510527009399,0.31050528787622966,-2.242436235845449,-0.6469718933862514,0.3568812881051361,-2.611011109051819,-0.683109539852363,0.3866303231719265,-0.8349110431239231,-0.4231375064428153,0.633757901054446,-1.4950656491544752,-0.5877113178278194,0.737819362404011,-1.8903539356226013,-0.6536736224404972,0.8128611996713678,-2.1754267127898674,-0.6783561309968388,0.5698111127297868,-0.6906113617412138,-0.39113179660395353,0.5353894213597135,-1.1817891271397147,-0.45500325496154925,0.3316508786113099,-1.1756835893423065,-0.40884522067333395,0.21500271772610385,-1.0880112321888182,-0.3735324666578396,0.0,0.0,0.0,0.0,0.0,0.0,0.0,0.0,0.0,0.0,0.0,0.0,0.0,0.0,0.0,0.0,0.0,0.0,0.0,0.0,0.0,0.0,0.0,0.0,0.0,0.0,0.0,0.0,0.0,0.0,0.0,0.0,0.0,0.0,0.0,0.0,0.0,0.0,0.0,0.0,0.0,0.0,0.0,0.0,0.0,0.0,0.0,0.0,0.0,0.0,0.0,0.0,0.0,0.0,0.0,0.0,0.0,0.0,0.0,0.0,0.0,0.0,0.0
tres,0.0,0.0,0.0,-0.18550488736206633,-0.5841766248725218,-0.00720295976918408,-0.05323361104788677,-1.0374488834984104,-0.09016742855105406,0.26756115189366664,-1.2025496586341746,-0.1365028919365115,0.49246494922484946,-1.2740503481323573,-0.18802056551695792,-0.12286478655905297,-1.1059726342101046,-0.43950458526412095,-0.15742765887436969,-1.749844559182812,-0.5431121130637977,-0.19499618594907506,-2.1739465969016947,-0.5634986683740258,-0.21585038013404992,-2.534840165856529,-0.5755785705699571,0.14782908455440122,-0.9890129229488398,-0.47142997730161457,0.2511918570410146,-1.7696234666519757,-0.6575259599037859,0.3176821300240537,-2.2582562469751464,-0.7304771036082901,0.3639624583695737,-2.6311023560906643,-0.7688284013225254,0.3962982805171497,-0.8294366248793643,-0.45734910742924956,0.643966553774597,-1.4997349818665533,-0.6399987269210936,0.7603221880929819,-1.8989866927571433,-0.6989167615164505,0.8549566439046773,-2.1794756863781384,-0.7129727838889484,0.5794426553918292,-0.6825462401852167,-0.4151034476699551,0.5347588161096348,-1.177914924783772,-0.4799429613766353,0.33141773867820373,-1.1440919723297711,-0.41913439657057183,0.2280766891555462,-1.0245775809923365,-0.37047041929317787,0.0,0.0,0.0,0.0,0.0,0.0,0.0,0.0,0.0,0.0,0.0,0.0,0.0,0.0,0.0,0.0,0.0,0.0,0.0,0.0,0.0,0.0,0.0,0.0,0.0,0.0,0.0,0.0,0.0,0.0,0.0,0.0,0.0,0.0,0.0,0.0,0.0,0.0,0.0,0.0,0.0,0.0,0.0,0.0,0.0,0.0,0.0,0.0,0.0,0.0,0.0,0.0,0.0,0.0,0.0,0.0,0.0,0.0,0.0,0.0,0.0,0.0,0.0
tres,0.0,0.0,0.0,-0.19187328639225687,-0.5614194774569405,-0.00348441151802688,-0.06538099726976444,-1.0104917828677575,-0.07907938120868789,0.23735974302980534,-1.1756125957419976,-0.12081263936895555,0.45552818070529993,-1.2524339590192646,-0.17002839033244643,-0.12131890444293364,-1.0901395379106096,-0.4150358718355067,-0.1570488122654193,-1.749200967561909,-0.5101849573116235,-0.19470801171518934,-2.1743147342074676,-0.5230798214817539,-0.21545637646860424,-2.528690780642062,-0.5295002060561305,0.1599953827001184,-0.9871177627388956,-0.44815967890175934,0.24982630621311178,-1.760263253230812,-0.6158178772348071,0.30673368389101896,-2.2287050851609638,-0.6765282080169207,0.3509031460621702,-2.588050271018728,-0.7058891580860284,0.40202922798244584,-0.8361148732275754,-0.43856300280528066,0.6161010643093114,-1.4987908737262035,-0.6087815769812215,0.7187902282009352,-1.8953240475367126,-0.6701778180141236,0.8049742700565338,-2.1746983702509652,-0.6887125267711219,0.570402906074589,-0.6943192487601972,-0.40145962970016263,0.4935074179977591,-1.142392404505899,-0.4690384930682119,0.2865698377740002,-1.1245024499226142,-0.4209870917515053,0.1805535376621498,-1.0187791401427642,-0.3810306814277048,0.0,0.0,0.0,0.0,0.0,0.0,0.0,0.0,0.0,0.0,0.0,0.0,0.0,0.0,0.0,0.0,0.0,0.0,0.0,0.0,0.0,0.0,0.0,0.0,0.0,0.0,0.0,0.0,0.0,0.0,0.0,0.0,0.0,0.0,0.0,0.0,0.0,0.0,0.0,0.0,0.0,0.0,0.0,0.0,0.0,0.0,0.0,0.0,0.0,0.0,0.0,0.0,0.0,0.0,0.0,0.0,0.0,0.0,0.0,0.0,0.0,0.0,0.0
tres,0.0,0.0,0.0,-0.1985664384891293,-0.5554332896756019,-0.01297899558744783,-0.08407293891455406,-1.0128596214064325,-0.08401637742251399,0.20505493199192043,-1.2077854908370251,-0.12173525453825676,0.4298630224603321,-1.3078061945586212,-0.1661387096077038,-0.12528550391754836,-1.0803295776088493,-0.39465766734127355,-0.1692818706160779,-1.729412830187268,-0.49160084345814425,-0.199537315198147,-2.151576605062173,-0.5112175224933273,-0.20762669141612264,-2.505591014065277,-0.5212539714028116,0.15869476760196685,-0.9873276916686565,-0.42134362438909656,0.24809922160548864,-1.7510759721744746,-0.5764515621679591,0.30537307782746215,-2.2181693912088143,-0.632590044970422,0.346509715666632,-2.57879077506632,-0.6605407139365927,0.40196977250096905,-0.8503166144801905,-0.4097452764809786,0.6159798835520951,-1.5086418496848137,-0.5679664465769216,0.7075763154271772,-1.8954436774432788,-0.624230916007266,0.7805165250294271,-2.168802598571526,-0.6408471604697065,0.5673895591083893,-0.7196198792383347,-0.3737376934383713,0.5065146276117495,-1.177750103869879,-0.4334235487134482,0.30356015284094456,-1.172964506546144,-0.38376026123009316,0.1959787941112671,-1.0795420336677608,-0.34339265917499506,0.0,0.0,0.0,0.0,0.0,0.0,0.0,0.0,0.0,0.0,0.0,0.0,0.0,0.0,0.0,0.0,0.0,0.0,0.0,0.0,0.0,0.0,0.0,0.0,0.0,0.0,0.0,0.0,0.0,0.0,0.0,0.0,0.0,0.0,0.0,0.0,0.0,0.0,0.0,0.0,0.0,0.0,0.0,0.0,0.0,0.0,0.0,0.0,0.0,0.0,0.0,0.0,0.0,0.0,0.0,0.0,0.0,0.0,0.0,0.0,0.0,0.0,0.0
tres,0.0,0.0,0.0,-0.19984003387082813,-0.5550029648873972,-0.008974668236699007,-0.08829036466942854,-1.0119381653992514,-0.07719472510427995,0.2010808065536111,-1.21583750288584,-0.11318379450226167,0.42789180444911745,-1.3208969877471142,-0.1559399151737327,-0.12673519083858967,-1.0829623999671856,-0.3877581893538102,-0.16934517614187047,-1.7359664037516565,-0.483216469194184,-0.20060525976285748,-2.1590761669079397,-0.5031362146314324,-0.21216687248187,-2.5147800561252276,-0.5136764676058888,0.15558395875515674,-0.9878226722332677,-0.4150805571975385,0.24672322394076096,-1.7537971452869376,-0.5670192899232344,0.30558152028555957,-2.2201861926377555,-0.6241959801041377,0.34497554193727803,-2.581717683654045,-0.6546292956248354,0.39856982586358125,-0.8507407980112076,-0.4041781688445845,0.617992692608052,-1.515451546080552,-0.5598738234225618,0.7090704885892021,-1.9022832360227808,-0.6176849166755636,0.7778041557474519,-2.1769746559749708,-0.636605313015694,0.5661741532531781,-0.7231172968640688,-0.36848178995486636,0.5154658557763793,-1.1959208966122394,-0.42667184596359453,0.3150492378476186,-1.1966906487402262,-0.37850291286652743,0.20652776650935373,-1.111503091823424,-0.3401204319474897,0.0,0.0,0.0,0.0,0.0,0.0,0.0,0.0,0.0,0.0,0.0,0.0,0.0,0.0,0.0,0.0,0.0,0.0,0.0,0.0,0.0,0.0,0.0,0.0,0.0,0.0,0.0,0.0,0.0,0.0,0.0,0.0,0.0,0.0,0.0,0.0,0.0,0.0,0.0,0.0,0.0,0.0,0.0,0.0,0.0,0.0,0.0,0.0,0.0,0.0,0.0,0.0,0.0,0.0,0.0,0.0,0.0,0.0,0.0,0.0,0.0,0.0,0.0
tres,0.0,0.0,0.0,-0.20172005166024246,-0.5563776447251245,-0.008223441600158355,-0.09090630149475527,-1.0116212341398685,-0.07906305110737201,0.19473387143505314,-1.2169712810118056,-0.1165814348507522,0.41959461263820547,-1.323241214529961,-0.16080370971482402,-0.12570417150465174,-1.082284146848855,-0.4007479866574731,-0.16709804586200355,-1.7320315077242974,-0.5016597996006281,-0.1992661392272552,-2.157857385551117,-0.5244879756618498,-0.2120824446603538,-2.513325445107628,-0.5359784286696548,0.1568040688644323,-0.9876297302063959,-0.4270915099603209,0.24935425486466486,-1.7555250951948391,-0.5862765068789624,0.3076490746700144,-2.225425789837521,-0.6445716921544109,0.3457418769048066,-2.5873167671025827,-0.6741236774567219,0.401462179144486,-0.8514429991330688,-0.41361713906689274,0.6182743916385626,-1.5159775725917068,-0.5717707793660463,0.7086947640896356,-1.9066594071308205,-0.6262921203988184,0.7790278765812496,-2.182985062928482,-0.6417973355385863,0.5698305990707491,-0.7242848413864004,-0.37501695469360474,0.5126456388621611,-1.1914149803022878,-0.4311485204357327,0.309233899207487,-1.1920055799823348,-0.37933220634099746,0.20109889867991584,-1.1062282858574923,-0.33775910544707693,0.0,0.0,0.0,0.0,0.0,0.0,0.0,0.0,0.0,0.0,0.0,0.0,0.0,0.0,0.0,0.0,0.0,0.0,0.0,0.0,0.0,0.0,0.0,0.0,0.0,0.0,0.0,0.0,0.0,0.0,0.0,0.0,0.0,0.0,0.0,0.0,0.0,0.0,0.0,0.0,0.0,0.0,0.0,0.0,0.0,0.0,0.0,0.0,0.0,0.0,0.0,0.0,0.0,0.0,0.0,0.0,0.0,0.0,0.0,0.0,0.0,0.0,0.0
tres,0.0,0.0,0.0,-0.18826043040693927,-0.563289522279111,-0.011661352025022829,-0.06758221025216979,-1.0210555941361865,-0.08362501087312622,0.24024871544232368,-1.2002125165099327,-0.12264541670043039,0.4688878725348566,-1.2786095814790281,-0.1688947922672929,-0.11383601570595558,-1.093027623436443,-0.39220692896931325,-0.1555352464804508,-1.742206469397405,-0.4837424237930352,-0.18569724358961692,-2.1554613267481146,-0.5012589199345235,-0.19807040595795425,-2.5068479132178663,-0.512170870540339,0.16277870827865815,-0.9866626029860114,-0.42132878862889356,0.2576484433807486,-1.7379089366466913,-0.5807928927810146,0.3179179047869967,-2.2008750086671935,-0.6475248540426527,0.3601320873148592,-2.5603431553786944,-0.6851882227748166,0.400272576489836,-0.8452959068409749,-0.4108903477322487,0.61363401188605,-1.5011307935129465,-0.5753836211430979,0.7076182035515916,-1.8883711851096303,-0.6408064694536373,0.7787153934685995,-2.16350180656909,-0.6646052684991792,0.5666381551696873,-0.7222163625127084,-0.37504627027537646,0.5046904717851901,-1.2015360582355816,-0.443053279561732,0.3016308197943305,-1.1931368479796762,-0.39971961940542927,0.19072916118635466,-1.099954881714184,-0.36443739625979765,0.0,0.0,0.0,0.0,0.0,0.0,0.0,0.0,0.0,0.0,0.0,0.0,0.0,0.0,0.0,0.0,0.0,0.0,0.0,0.0,0.0,0.0,0.0,0.0,0.0,0.0,0.0,0.0,0.0,0.0,0.0,0.0,0.0,0.0,0.0,0.0,0.0,0.0,0.0,0.0,0.0,0.0,0.0,0.0,0.0,0.0,0.0,0.0,0.0,0.0,0.0,0.0,0.0,0.0,0.0,0.0,0.0,0.0,0.0,0.0,0.0,0.0,0.0
tres,0.0,0.0,0.0,-0.19325598761251636,-0.5620212757488238,-0.01694786097955595,-0.07135843340160083,-1.028316982196664,-0.08905779576739382,0.23632253560869368,-1.2086507633618668,-0.12686334611409744,0.46362533937907396,-1.2867823669270384,-0.17154560667887603,-0.11911959793356688,-1.0966659750967673,-0.3945885183746679,-0.15890867872594602,-1.752153301178782,-0.48579716075972035,-0.18769934712000727,-2.1689773348245147,-0.5032674498613094,-0.19968688141698387,-2.5235504562070616,-0.5139941230744866,0.16009070414472878,-0.9871023079936775,-0.4215327361122361,0.2552752700639908,-1.7471561536884137,-0.5761422869155383,0.3171004842948424,-2.212633075685554,-0.6392411375387862,0.36001241829979574,-2.5755361350359633,-0.6747780423973819,0.40019371198516673,-0.8460398982491095,-0.4102598547619832,0.6136440047847673,-1.5112285971363968,-0.5752416458579025,0.7091095546993799,-1.9032723173807753,-0.6424351830693534,0.7824522009883548,-2.184688125441229,-0.6675966447089601,0.5688976674941061,-0.7266464501107477,-0.37382114414525286,0.5026952176134057,-1.2118056458381599,-0.4454416715559883,0.294927644135316,-1.2020725349442933,-0.4039539478797998,0.18160184883333907,-1.1063082393517225,-0.36992460222941886,0.0,0.0,0.0,0.0,0.0,0.0,0.0,0.0,0.0,0.0,0.0,0.0,0.0,0.0,0.0,0.0,0.0,0.0,0.0,0.0,0.0,0.0,0.0,0.0,0.0,0.0,0.0,0.0,0.0,0.0,0.0,0.0,0.0,0.0,0.0,0.0,0.0,0.0,0.0,0.0,0.0,0.0,0.0,0.0,0.0,0.0,0.0,0.0,0.0,0.0,0.0,0.0,0.0,0.0,0.0,0.0,0.0,0.0,0.0,0.0,0.0,0.0,0.0
tres,0.0,0.0,0.0,-0.19377181856539982,-0.5478307627886924,-0.022857234754881564,-0.0679817353268408,-1.0110044503117563,-0.09759690389972679,0.2356014332296347,-1.1902239621982709,-0.1359991697694322,0.4638937900053303,-1.26641385057272,-0.18173833176223675,-0.11341403793860713,-1.082959004811656,-0.404594930047049,-0.15096567821876844,-1.7426416255114652,-0.4965680797413936,-0.1780042573650826,-2.1647398842530303,-0.5128900400833951,-0.19132724105510826,-2.5185632904237143,-0.5220855964944011,0.17163878347904366,-0.9851599504678588,-0.42721049906260955,0.2685213569395699,-1.7504383121457423,-0.5734765839817056,0.3302859899492254,-2.2086497466318966,-0.6287211349993613,0.3707608257037224,-2.564716130624987,-0.6589067722950116,0.4128532451409414,-0.8453202544484072,-0.4119421509023649,0.6266500042147035,-1.507226708252061,-0.56747322809619,0.7262300975277313,-1.897474246808216,-0.6295967158020686,0.8038836866576752,-2.1784292282391697,-0.6534246386241274,0.576117809642428,-0.719027187240362,-0.37238477502242906,0.5086212188882319,-1.1781453852147596,-0.4390927339040527,0.3066152858765678,-1.1567732076554869,-0.3950000177075596,0.1996486670208738,-1.0508486706396887,-0.3593683243830116,0.0,0.0,0.0,0.0,0.0,0.0,0.0,0.0,0.0,0.0,0.0,0.0,0.0,0.0,0.0,0.0,0.0,0.0,0.0,0.0,0.0,0.0,0.0,0.0,0.0,0.0,0.0,0.0,0.0,0.0,0.0,0.0,0.0,0.0,0.0,0.0,0.0,0.0,0.0,0.0,0.0,0.0,0.0,0.0,0.0,0.0,0.0,0.0,0.0,0.0,0.0,0.0,0.0,0.0,0.0,0.0,0.0,0.0,0.0,0.0,0.0,0.0,0.0
quatro,0.0,0.0,0.0,-0.13931043400531992,-0.47741815867147147,-0.024453110924176742,-0.0509938191802191,-0.9765198549193203,-0.08196761333257897,0.16895787299821563,-1.3194969166769448,-0.12319774651657886,0.3419412008839232,-1.5060711808589475,-0.16981778899546793,-0.08951775862217502,-1.0772359847685464,-0.2912878429699471,-0.13502164700262356,-1.7027173216875655,-0.43846126599876395,-0.14582617357677205,-2.1215795142659717,-0.5071562188785674,-0.16194265930837523,-2.443493302578401,-0.5399757552129065,0.15614770488830226,-0.9877337162707952,-0.34850760044433343,0.3326815670382109,-1.7700390503189167,-0.4659304474417042,0.4346627786448988,-2.2355777666543637,-0.5116340595540849,0.5025161151633897,-2.591242393834973,-0.5306089264104104,0.3957387325848476,-0.8031936020450393,-0.3926854353009712,0.6753890347154384,-1.4563857828268654,-0.5165172800815441,0.8087629609296212,-1.8830538445949558,-0.5716773247746703,0.8991728848031831,-2.221504823826796,-0.5956150874261027,0.6038862907981266,-0.565074465745869,-0.42634370419686307,0.9289343574780072,-0.9169306645694769,-0.5277462195860485,1.1229807940203522,-1.1465190268136412,-0.5408248694535944,1.2749896694934648,-1.3629480339941262,-0.5342160655441812,0.0,0.0,0.0,0.0,0.0,0.0,0.0,0.0,0.0,0.0,0.0,0.0,0.0,0.0,0.0,0.0,0.0,0.0,0.0,0.0,0.0,0.0,0.0,0.0,0.0,0.0,0.0,0.0,0.0,0.0,0.0,0.0,0.0,0.0,0.0,0.0,0.0,0.0,0.0,0.0,0.0,0.0,0.0,0.0,0.0,0.0,0.0,0.0,0.0,0.0,0.0,0.0,0.0,0.0,0.0,0.0,0.0,0.0,0.0,0.0,0.0,0.0,0.0
quatro,0.0,0.0,0.0,-0.10469851996863878,-0.47289632384587116,0.018187059660858314,-0.005951379912615705,-0.934820550377637,-0.015235208376129562,0.202462635090622,-1.2202524571082725,-0.049621427077985114,0.38667175848299606,-1.3663337810026326,-0.08944806264655192,-0.07924112498757925,-1.0797099782366104,-0.18246168012203418,-0.11981129882509632,-1.6281103122678455,-0.2918855109778096,-0.1495198860974201,-1.982584243324031,-0.34184531955490105,-0.17513002891990784,-2.271536872081525,-0.36825818410656097,0.09121881225775366,-0.9958308733365746,-0.2567775189471221,0.24154800154910447,-1.6716237750043978,-0.3721241798999812,0.33239405700064556,-2.0799161514856097,-0.4270694299506946,0.3934350452459304,-2.4036038708200014,-0.45317904085694327,0.28358490181851737,-0.8309060202769346,-0.31946508480549207,0.5618297043852861,-1.4018517042668501,-0.4495471571670757,0.7192638380167052,-1.7426680110923052,-0.5153880582873918,0.8251678508929792,-2.019559346280055,-0.5416943175747216,0.4714389995064875,-0.6249767613532933,-0.3698592881375921,0.7982648480262818,-0.9691998079148442,-0.4691129478467603,1.0130737324135546,-1.1336571600052643,-0.4883229416486484,1.1795868158698628,-1.274085945881318,-0.4863589530085425,0.0,0.0,0.0,0.0,0.0,0.0,0.0,0.0,0.0,0.0,0.0,0.0,0.0,0.0,0.0,0.0,0.0,0.0,0.0,0.0,0.0,0.0,0.0,0.0,0.0,0.0,0.0,0.0,0.0,0.0,0.0,0.0,0.0,0.0,0.0,0.0,0.0,0.0,0.0,0.0,0.0,0.0,0.0,0.0,0.0,0.0,0.0,0.0,0.0,0.0,0.0,0.0,0.0,0.0,0.0,0.0,0.0,0.0,0.0,0.0,0.0,0.0,0.0
quatro,0.0,0.0,0.0,-0.0861006637736393,-0.47246103351916047,0.026807048642444826,0.0017681986801246466,-0.922555663001109,0.0005955910641526671,0.19490786520433054,-1.1896776994608123,-0.03056300511189869,0.37132999187690124,-1.316824001590399,-0.06470178964549914,-0.07013974206338243,-1.0688643876468211,-0.14559975189496935,-0.11861925702150608,-1.5959744748703608,-0.24766526517796011,-0.14120547999050279,-1.9403731332570675,-0.29614133469828147,-0.15904154677026675,-2.214531304979053,-0.32277191592271604,0.10199419272048377,-0.9947849941828119,-0.2201863999394178,0.23253976378578928,-1.6461980704439934,-0.3260774689502133,0.32797535892338514,-2.0373945945062917,-0.38072231922047384,0.3973499381596396,-2.341096430660153,-0.40633518702687405,0.28827220095271416,-0.8459699202622168,-0.28458178750853363,0.5334379782911877,-1.3938356004416517,-0.4065860493532573,0.6940964001133034,-1.7197930353530035,-0.4752842891489263,0.8032197549167309,-1.978636373861414,-0.5037501861818737,0.46065544761595256,-0.6560488439153789,-0.33730963063998953,0.7473526700404933,-0.9767725209875716,-0.43405104670464545,0.9427227751803764,-1.122381683941911,-0.45655902378115265,1.0940020262171544,-1.2392233706924702,-0.45585956545291395,0.0,0.0,0.0,0.0,0.0,0.0,0.0,0.0,0.0,0.0,0.0,0.0,0.0,0.0,0.0,0.0,0.0,0.0,0.0,0.0,0.0,0.0,0.0,0.0,0.0,0.0,0.0,0.0,0.0,0.0,0.0,0.0,0.0,0.0,0.0,0.0,0.0,0.0,0.0,0.0,0.0,0.0,0.0,0.0,0.0,0.0,0.0,0.0,0.0,0.0,0.0,0.0,0.0,0.0,0.0,0.0,0.0,0.0,0.0,0.0,0.0,0.0,0.0
quatro,0.0,0.0,0.0,-0.08048629862928382,-0.4743750778949363,0.03499093804492061,0.00547696558828864,-0.9147924033820002,0.014975287725613767,0.19558501536798414,-1.1637561120744049,-0.012019773759396026,0.36827181812813214,-1.2801217281799822,-0.04305817260924648,-0.061273342042609064,-1.067916016875635,-0.1294350186845286,-0.11199915752213029,-1.5864586686152413,-0.2255062674519917,-0.13068178100860353,-1.9246981691521055,-0.27145164258525295,-0.14057113954334888,-2.192778789853983,-0.2968514426231638,0.10959332842139403,-0.9939765099666694,-0.2057370302382101,0.23546210417975647,-1.6333196664727454,-0.3070683023897773,0.3286778789675215,-2.0173666380251847,-0.3604787860651369,0.39899261234503636,-2.313719118282634,-0.38564081515727866,0.2939105502497149,-0.8467168691725446,-0.27192346325456795,0.5318985055754908,-1.3859458794419304,-0.39041142204752777,0.6865849650504661,-1.7072376206014133,-0.4590960917101485,0.7937254523690994,-1.9614875527764715,-0.4879621681537737,0.464883772271315,-0.6587671956347919,-0.3259406913715284,0.7426254267416585,-0.9812328897961178,-0.4185720153748131,0.9340696141949376,-1.1257162630781388,-0.4394905040836433,1.0846451502378711,-1.240283299667869,-0.4385862302452759,0.0,0.0,0.0,0.0,0.0,0.0,0.0,0.0,0.0,0.0,0.0,0.0,0.0,0.0,0.0,0.0,0.0,0.0,0.0,0.0,0.0,0.0,0.0,0.0,0.0,0.0,0.0,0.0,0.0,0.0,0.0,0.0,0.0,0.0,0.0,0.0,0.0,0.0,0.0,0.0,0.0,0.0,0.0,0.0,0.0,0.0,0.0,0.0,0.0,0.0,0.0,0.0,0.0,0.0,0.0,0.0,0.0,0.0,0.0,0.0,0.0,0.0,0.0
quatro,0.0,0.0,0.0,-0.14941101890451958,-0.5053797241900909,0.037663686842857425,-0.08238344547697082,-0.9717059212808806,0.013177168877411492,0.13110358657630383,-1.2478072863817047,-0.013626898599751183,0.32048356145557366,-1.3649879083430267,-0.0437286315206348,-0.13834628233583848,-1.09903084076958,-0.19156110820538805,-0.20665917802650807,-1.6948376169949468,-0.2980131041530805,-0.23685444559953195,-2.052795071829637,-0.3407718815167655,-0.2567807340891948,-2.3376865582011144,-0.36059685729546676,0.06370712179425432,-0.9979686381007633,-0.26667151063250444,0.19542538414713026,-1.7017028325442298,-0.37791127475128367,0.27875961595572474,-2.1224393833092905,-0.43181414613209806,0.3372729135298194,-2.4470165365633347,-0.45997399803975664,0.27292334532539847,-0.8524928897537061,-0.3264941971592719,0.5283954240933492,-1.4720376886509812,-0.4490364838968856,0.6759320683778327,-1.8281390917579037,-0.5171514064624971,0.7758830162600799,-2.110055971087656,-0.5464104529717749,0.46056837134298834,-0.6819840624351021,-0.37193761821584215,0.7559130677536834,-1.0907274213248104,-0.4568464735787666,0.9428555253708504,-1.2839451832487698,-0.4750016684387978,1.0904369748528344,-1.4465631424938388,-0.47487351555361473,0.0,0.0,0.0,0.0,0.0,0.0,0.0,0.0,0.0,0.0,0.0,0.0,0.0,0.0,0.0,0.0,0.0,0.0,0.0,0.0,0.0,0.0,0.0,0.0,0.0,0.0,0.0,0.0,0.0,0.0,0.0,0.0,0.0,0.0,0.0,0.0,0.0,0.0,0.0,0.0,0.0,0.0,0.0,0.0,0.0,0.0,0.0,0.0,0.0,0.0,0.0,0.0,0.0,0.0,0.0,0.0,0.0,0.0,0.0,0.0,0.0,0.0,0.0
quatro,0.0,0.0,0.0,-0.15735548702984886,-0.5053315212818016,0.03978971209838402,-0.10285349337089782,-0.9857032402028217,0.012792105582342452,0.10277677417566727,-1.281746858447979,-0.013507543545443677,0.2920384639436686,-1.4198820518934394,-0.0428967014009197,-0.15840746770302924,-1.126617406109685,-0.2204031624252449,-0.2263939275133168,-1.710361540558978,-0.34138007472530485,-0.2565046654771008,-2.0780031636858705,-0.39905553359810114,-0.282273774358011,-2.369277086244439,-0.4303374173190201,0.029157270038414042,-0.9995748364199185,-0.2968534539314281,0.16833163308222754,-1.7161824806500783,-0.41766376703858216,0.2610331595479738,-2.145873293046576,-0.4802071030248764,0.3227501443944696,-2.4731905119901345,-0.5158917997549999,0.23374203607607924,-0.8384333086442493,-0.3561367395084921,0.5064871685834701,-1.461776033623726,-0.4889631045350461,0.6708893357833042,-1.8314191294983602,-0.5677622219399299,0.7832386334222187,-2.118638715008402,-0.6051130210394121,0.42421856914667555,-0.6650538175725728,-0.3991994004958751,0.7444637802780611,-1.0763929861594708,-0.5026379697639893,0.9400894819068563,-1.2605523340565734,-0.5321374942928344,1.0917331438622377,-1.4186365798142457,-0.5381311262000703,0.0,0.0,0.0,0.0,0.0,0.0,0.0,0.0,0.0,0.0,0.0,0.0,0.0,0.0,0.0,0.0,0.0,0.0,0.0,0.0,0.0,0.0,0.0,0.0,0.0,0.0,0.0,0.0,0.0,0.0,0.0,0.0,0.0,0.0,0.0,0.0,0.0,0.0,0.0,0.0,0.0,0.0,0.0,0.0,0.0,0.0,0.0,0.0,0.0,0.0,0.0,0.0,0.0,0.0,0.0,0.0,0.0,0.0,0.0,0.0,0.0,0.0,0.0
quatro,0.0,0.0,0.0,-0.1576690413555796,-0.4918345817790136,0.034164419558995573,-0.10397905188447587,-0.9699383675861758,0.003366138284603464,0.1047137963587542,-1.2613340065657126,-0.027036360731495013,0.30092441179650004,-1.38533469759783,-0.06308254023611758,-0.16183855369302189,-1.114612391879283,-0.22220144398142638,-0.23358564227937448,-1.6991985625142587,-0.3397240036683875,-0.2633364391006005,-2.0659300409968515,-0.3949942405320285,-0.2891738201599925,-2.3539649481111353,-0.42634922452954743,0.031976162275400864,-0.9994886317743376,-0.3002521399338277,0.17129816713469095,-1.7093943981946353,-0.41993476635924126,0.2597030596981304,-2.1352633491642856,-0.4830530406661116,0.31207148444005656,-2.461300298567576,-0.5187711980295406,0.2372756200594891,-0.8409165285759754,-0.36164597398396586,0.5034264615158077,-1.4594643857736416,-0.4974610591318284,0.6618026131508367,-1.833947034241119,-0.5810567520804659,0.7642048903891843,-2.1295942014839278,-0.6219856176541543,0.4264684799986421,-0.6621170814214047,-0.4070620343032984,0.748711417005991,-1.0604041504228023,-0.5190205707769953,0.9450161660378871,-1.2432248901425502,-0.5534161289761461,1.0921459392597064,-1.3998891994626073,-0.5622318435118318,0.0,0.0,0.0,0.0,0.0,0.0,0.0,0.0,0.0,0.0,0.0,0.0,0.0,0.0,0.0,0.0,0.0,0.0,0.0,0.0,0.0,0.0,0.0,0.0,0.0,0.0,0.0,0.0,0.0,0.0,0.0,0.0,0.0,0.0,0.0,0.0,0.0,0.0,0.0,0.0,0.0,0.0,0.0,0.0,0.0,0.0,0.0,0.0,0.0,0.0,0.0,0.0,0.0,0.0,0.0,0.0,0.0,0.0,0.0,0.0,0.0,0.0,0.0
quatro,0.0,0.0,0.0,-0.16414055150262416,-0.49473918709546194,0.04419726986741521,-0.11477158662542578,-0.9764416597554598,0.019586230624210693,0.08580302291083115,-1.287646394314346,-0.004019851407307336,0.27384876871056935,-1.4352665121217036,-0.03229199782456358,-0.1727045586427008,-1.1089752577930947,-0.2254373639092238,-0.24664477098383583,-1.6982856837535347,-0.34578838872017376,-0.2770473970315424,-2.075863625557756,-0.40154162457708636,-0.3018261182760535,-2.373222230803315,-0.4321675298113983,0.01993351095252716,-0.9998013078312638,-0.30207380785052396,0.14974531418634593,-1.7275604122816666,-0.4198035097814411,0.24079795801295586,-2.162530380516472,-0.4785594017653006,0.29934518895569406,-2.4885583598188012,-0.5115255088432697,0.22912599957617724,-0.8485870555332401,-0.360169378909889,0.4866537943633628,-1.4853579250417033,-0.4902263143447548,0.6451931474207513,-1.8555264705877286,-0.5655622998663636,0.7501143301035117,-2.1375513090546683,-0.6009106452317293,0.42318759456716326,-0.6792742034579553,-0.40160377024633925,0.7241320234795596,-1.0932022046121148,-0.5083804185525844,0.9092021975335776,-1.2843015845385333,-0.5398234929602066,1.0529791529505526,-1.4436090951697795,-0.5458437201747212,0.0,0.0,0.0,0.0,0.0,0.0,0.0,0.0,0.0,0.0,0.0,0.0,0.0,0.0,0.0,0.0,0.0,0.0,0.0,0.0,0.0,0.0,0.0,0.0,0.0,0.0,0.0,0.0,0.0,0.0,0.0,0.0,0.0,0.0,0.0,0.0,0.0,0.0,0.0,0.0,0.0,0.0,0.0,0.0,0.0,0.0,0.0,0.0,0.0,0.0,0.0,0.0,0.0,0.0,0.0,0.0,0.0,0.0,0.0,0.0,0.0,0.0,0.0
quatro,0.0,0.0,0.0,-0.15811353116476168,-0.47588476554415704,0.04384204532110943,-0.11316660870373356,-0.9522550387981099,0.022465459939646343,0.08140565422357957,-1.2635193285280446,0.0007191596895423522,0.2664478895344696,-1.4099500926470534,-0.02496008007006207,-0.17324079835776995,-1.102598251724991,-0.20526857405642135,-0.24256597307169522,-1.6880611416223594,-0.3154324207344817,-0.27059753183166657,-2.0633732338355095,-0.36539076899386486,-0.2926456982585274,-2.3552735504563937,-0.39368893265053545,0.020088137562269175,-0.9997982130056441,-0.2825518939624123,0.13090973524816435,-1.7039269131587491,-0.39745640955862477,0.20366960630688685,-2.1366541696786148,-0.46145087642995913,0.24546028967801267,-2.471868563512302,-0.4993633145577589,0.22826368853927428,-0.8577241416387331,-0.34194899936384093,0.45433981220168074,-1.4819937008246877,-0.46884828436090326,0.5984049334200661,-1.84659930912643,-0.544615654730442,0.6943737703817826,-2.135814847127865,-0.5810305986141037,0.4289876180209955,-0.6997374746042888,-0.38526047930061935,0.71151301195987,-1.1231364862478788,-0.48585323579412476,0.8876744654977257,-1.3241325809918725,-0.515839555703934,1.0239549285880678,-1.4991932284716227,-0.5228020845168815,0.0,0.0,0.0,0.0,0.0,0.0,0.0,0.0,0.0,0.0,0.0,0.0,0.0,0.0,0.0,0.0,0.0,0.0,0.0,0.0,0.0,0.0,0.0,0.0,0.0,0.0,0.0,0.0,0.0,0.0,0.0,0.0,0.0,0.0,0.0,0.0,0.0,0.0,0.0,0.0,0.0,0.0,0.0,0.0,0.0,0.0,0.0,0.0,0.0,0.0,0.0,0.0,0.0,0.0,0.0,0.0,0.0,0.0,0.0,0.0,0.0,0.0,0.0
quatro,0.0,0.0,0.0,-0.15856810462726764,-0.47834156605111233,0.04685708112970307,-0.11264771067049366,-0.9567067263958441,0.027248299183227243,0.08053808901950539,-1.2709378882484896,0.006460524324577498,0.2663918145029381,-1.4207837723820025,-0.01834615135825881,-0.17373923542454736,-1.1050759026774521,-0.20659824485256023,-0.24282893078691034,-1.7006612003317838,-0.3179531356970454,-0.2716885859561602,-2.080389383950232,-0.3682018659522161,-0.2958212718630967,-2.3754964860383363,-0.39661802213358865,0.019434029796966373,-0.9998111414091416,-0.28549424476832236,0.13078523403307354,-1.7136330480350643,-0.40250454032904465,0.203661076199676,-2.1516273397466423,-0.46729041533872484,0.24368687828864607,-2.4889872503127184,-0.5057704962669534,0.2296317575795644,-0.8562787953195123,-0.3461288512800027,0.45809087876624416,-1.4920954603459733,-0.47454193715223114,0.6016608282613294,-1.8614623573857934,-0.5504779223351871,0.6936539468330576,-2.1519317061343326,-0.5869520459127606,0.43267879228779527,-0.6984241231455616,-0.3903814604726385,0.720908305250177,-1.1338228950946692,-0.49220845942843355,0.8994495692836145,-1.3421914752644226,-0.5233421252435053,1.035356239675451,-1.5218707215719913,-0.5312595959944194,0.0,0.0,0.0,0.0,0.0,0.0,0.0,0.0,0.0,0.0,0.0,0.0,0.0,0.0,0.0,0.0,0.0,0.0,0.0,0.0,0.0,0.0,0.0,0.0,0.0,0.0,0.0,0.0,0.0,0.0,0.0,0.0,0.0,0.0,0.0,0.0,0.0,0.0,0.0,0.0,0.0,0.0,0.0,0.0,0.0,0.0,0.0,0.0,0.0,0.0,0.0,0.0,0.0,0.0,0.0,0.0,0.0,0.0,0.0,0.0,0.0,0.0,0.0
quatro,0.0,0.0,0.0,-0.1608634202246164,-0.48465099111692006,0.05508124350329289,-0.11722050293619997,-0.9475762651695688,0.03657705548899415,0.07635140576583607,-1.2528788154175148,0.016418832328526502,0.25695472186904095,-1.3993995807929536,-0.008478635899147829,-0.17372342343483063,-1.100321176865277,-0.20520972128940737,-0.23645745855674336,-1.6803605420602004,-0.3161566102125959,-0.2656559547373988,-2.0519239597924375,-0.3665613945371064,-0.289216513088741,-2.342205752204268,-0.3949555961184506,0.015242146629752833,-0.9998838317355256,-0.28684446173566575,0.12477254649935535,-1.7040398519087199,-0.40232080205707393,0.19819581327000016,-2.13206205755384,-0.4640043654997995,0.2402024859072118,-2.4613310698036264,-0.499977322472515,0.22314291874792008,-0.8585289016602794,-0.34886201376420256,0.45054840651799216,-1.4805133861491342,-0.47189135941975485,0.5917712291819531,-1.8411629896334543,-0.5391640462774588,0.683825996133205,-2.1268753173446084,-0.5700741681788903,0.42607180666641903,-0.6963491980311316,-0.3941138831836901,0.7094957727027492,-1.1282280690479047,-0.487205802193266,0.8800571834725199,-1.3303344068649285,-0.5081635179030846,1.009096509010431,-1.5055284325814295,-0.5089412821404042,0.0,0.0,0.0,0.0,0.0,0.0,0.0,0.0,0.0,0.0,0.0,0.0,0.0,0.0,0.0,0.0,0.0,0.0,0.0,0.0,0.0,0.0,0.0,0.0,0.0,0.0,0.0,0.0,0.0,0.0,0.0,0.0,0.0,0.0,0.0,0.0,0.0,0.0,0.0,0.0,0.0,0.0,0.0,0.0,0.0,0.0,0.0,0.0,0.0,0.0,0.0,0.0,0.0,0.0,0.0,0.0,0.0,0.0,0.0,0.0,0.0,0.0,0.0
quatro,0.0,0.0,0.0,-0.15515644698789904,-0.4840674809063372,0.05958521693889519,-0.11493550699585292,-0.9452059249413155,0.04504692548334256,0.07058811456066633,-1.2518049830444462,0.02767890451579944,0.2500145305893599,-1.4023472355555877,0.005761933820289116,-0.171110572061649,-1.1015038775352282,-0.1955129661069812,-0.2321074302122794,-1.668119905516183,-0.30422558654613735,-0.26194743621605254,-2.0322346741161366,-0.35646667232579793,-0.2873391259126435,-2.3196074917918312,-0.3874498685237373,0.013866382718214866,-0.9999038570934268,-0.27743572452522514,0.12470482795784427,-1.6895911643164612,-0.3915486148681134,0.19835616894127966,-2.111079994639218,-0.4567808860572837,0.24029653580256988,-2.43719231831714,-0.49709433502851597,0.21791459581547962,-0.8595898503677945,-0.3394295721237604,0.44548252690653195,-1.4731430920935353,-0.4589102771667182,0.5850646338433299,-1.8287120525224696,-0.527450255114585,0.6732865870773512,-2.107046158702167,-0.5610592941347476,0.4171129154638334,-0.7034863064151471,-0.3847387927094549,0.6974884557460211,-1.1290112665822263,-0.47577748486145527,0.8679438305432288,-1.3296963248809646,-0.4998554825374605,0.9952688740820207,-1.5031800873842545,-0.5043365228655637,0.0,0.0,0.0,0.0,0.0,0.0,0.0,0.0,0.0,0.0,0.0,0.0,0.0,0.0,0.0,0.0,0.0,0.0,0.0,0.0,0.0,0.0,0.0,0.0,0.0,0.0,0.0,0.0,0.0,0.0,0.0,0.0,0.0,0.0,0.0,0.0,0.0,0.0,0.0,0.0,0.0,0.0,0.0,0.0,0.0,0.0,0.0,0.0,0.0,0.0,0.0,0.0,0.0,0.0,0.0,0.0,0.0,0.0,0.0,0.0,0.0,0.0,0.0
quatro,0.0,0.0,0.0,-0.16758942775040586,-0.48982452686265276,0.0557761353256387,-0.135160292128606,-0.9614394662251349,0.037766098839332046,0.051334556184934085,-1.2713474367305833,0.0183932422129717,0.22908118119022375,-1.4187018219288654,-0.005243871711467724,-0.18351819650498527,-1.112227253686877,-0.21233728009676217,-0.24868111472830162,-1.6795848035785166,-0.32925212233398876,-0.2761041832255339,-2.0481366576353968,-0.3871328483334395,-0.2978139107723952,-2.34379985167039,-0.4212172276558179,0.0005933062267470273,-0.9999998239938451,-0.29361770299240003,0.11238950716659307,-1.7015375739974965,-0.41363948239192877,0.19027895396096814,-2.1371575266433838,-0.48062687226615974,0.23978680167917604,-2.4793750914666024,-0.5224580047880933,0.20644005820705985,-0.8531045360736143,-0.35468812833918184,0.4337134521921768,-1.4829296778047127,-0.47977090519255305,0.5825158272719045,-1.857027074956983,-0.5519105986086734,0.6811561776813128,-2.149588355497972,-0.5869806803217309,0.40911566541054434,-0.6940025409092941,-0.3989614603671463,0.698517535290438,-1.1405839177671115,-0.4915387565082302,0.8738310913985016,-1.3470670988494902,-0.5156709555790464,1.0047861698013134,-1.5243728144561144,-0.5202236458069823,0.0,0.0,0.0,0.0,0.0,0.0,0.0,0.0,0.0,0.0,0.0,0.0,0.0,0.0,0.0,0.0,0.0,0.0,0.0,0.0,0.0,0.0,0.0,0.0,0.0,0.0,0.0,0.0,0.0,0.0,0.0,0.0,0.0,0.0,0.0,0.0,0.0,0.0,0.0,0.0,0.0,0.0,0.0,0.0,0.0,0.0,0.0,0.0,0.0,0.0,0.0,0.0,0.0,0.0,0.0,0.0,0.0,0.0,0.0,0.0,0.0,0.0,0.0
quatro,0.0,0.0,0.0,-0.16686766260923602,-0.47278286425562543,0.04878686095193942,-0.14259803786564582,-0.9558974176733449,0.026239453132107432,0.026816518670839656,-1.285997584822874,0.0009927036074353474,0.2005688604925468,-1.4629462206999801,-0.029712856812651355,-0.19752631710675764,-1.100066618360452,-0.20610105379991087,-0.25218282684218496,-1.6876124221578273,-0.32113613350951864,-0.27048019437984105,-2.0596549416936494,-0.37631338653263846,-0.2860386649843222,-2.354591722817445,-0.40807357487766854,-0.021229601860581513,-0.9997746266058372,-0.288221536357916,0.08913683950764809,-1.697403241076202,-0.406900503230655,0.1614260453710296,-2.132560929413904,-0.47295706171114754,0.20343022420787962,-2.4757641526651093,-0.5137927651119367,0.18326041963405904,-0.8603991256774813,-0.3522622300741689,0.4077092647933063,-1.4913629621066915,-0.4801159567996489,0.5481834084042165,-1.8763740615076077,-0.5571430406984373,0.6396800315738801,-2.1829537862988295,-0.597135747117805,0.3884026582893685,-0.7012400501601975,-0.40005893202897375,0.6824648249483345,-1.139361849767754,-0.49922092308114757,0.8609938160688073,-1.3488378705568103,-0.5285062000930416,0.9940473029642188,-1.5315400729574258,-0.5373277003612317,0.0,0.0,0.0,0.0,0.0,0.0,0.0,0.0,0.0,0.0,0.0,0.0,0.0,0.0,0.0,0.0,0.0,0.0,0.0,0.0,0.0,0.0,0.0,0.0,0.0,0.0,0.0,0.0,0.0,0.0,0.0,0.0,0.0,0.0,0.0,0.0,0.0,0.0,0.0,0.0,0.0,0.0,0.0,0.0,0.0,0.0,0.0,0.0,0.0,0.0,0.0,0.0,0.0,0.0,0.0,0.0,0.0,0.0,0.0,0.0,0.0,0.0,0.0
quatro,0.0,0.0,0.0,-0.15997887279132042,-0.4597201272987632,0.059796781250327675,-0.1334208450063445,-0.9348292512145477,0.04469639803216339,0.032603042825309875,-1.2602084037344663,0.024300710162775584,0.20407470151404605,-1.436766415808246,-0.002885695245346397,-0.18533458994787208,-1.0977377059515612,-0.1823127951820939,-0.2415683963197004,-1.6632652245393196,-0.2908021358843374,-0.2606176320884114,-2.0246467721155397,-0.34431772434609914,-0.27668803463267466,-2.3085385305496047,-0.37587178736228444,-0.01780274384610971,-0.9998415185975975,-0.2682993895850922,0.0928770474787503,-1.6824581581566327,-0.3829603138712342,0.16708583231562765,-2.1077078948817705,-0.45024426027267017,0.21288488614305354,-2.4391810240073735,-0.49128017223188053,0.1767945630685045,-0.8587224090084845,-0.3360397070268716,0.40068899315036854,-1.4839605845347505,-0.4626542063801905,0.5438999783762374,-1.8573833454829907,-0.5416434434611986,0.6391528206280944,-2.155972120067573,-0.5823101519006263,0.37499011046625824,-0.696773485066975,-0.38632790627026425,0.6617582884363012,-1.1278736942813659,-0.488386116392407,0.8365412264810795,-1.325105365182549,-0.5193840745287704,0.9654066179160161,-1.4973938708151027,-0.5282565475397325,0.0,0.0,0.0,0.0,0.0,0.0,0.0,0.0,0.0,0.0,0.0,0.0,0.0,0.0,0.0,0.0,0.0,0.0,0.0,0.0,0.0,0.0,0.0,0.0,0.0,0.0,0.0,0.0,0.0,0.0,0.0,0.0,0.0,0.0,0.0,0.0,0.0,0.0,0.0,0.0,0.0,0.0,0.0,0.0,0.0,0.0,0.0,0.0,0.0,0.0,0.0,0.0,0.0,0.0,0.0,0.0,0.0,0.0,0.0,0.0,0.0,0.0,0.0
quatro,0.0,0.0,0.0,-0.14422543329132745,-0.46892326033062737,0.047776480649722224,-0.11863154767369849,-0.9298037674897083,0.03134184008416967,0.036350183729265,-1.2274892912141895,0.00797690888820544,0.20020334184900343,-1.383892327678612,-0.02117159903839357,-0.16720394435401587,-1.07507543722394,-0.15029787217848203,-0.20096849338031195,-1.6435111296158549,-0.25121202033926526,-0.20801727140222467,-1.991564557491386,-0.30102282560062144,-0.21190785038660823,-2.259947376194594,-0.3286554249905739,0.00039008291275388033,-0.9999999239176576,-0.2298801189811581,0.10141953616102052,-1.6707549995450544,-0.3291551555614464,0.17057003361891943,-2.077203637344343,-0.3890123462908031,0.21585097940068917,-2.3863068099662947,-0.42374997316783547,0.19299287142802174,-0.8726296239153488,-0.2957034163616527,0.39639064873613145,-1.4859825985593416,-0.40599102267848536,0.5236378026523636,-1.8519202163493949,-0.4795976255049222,0.6088696197751654,-2.141970394000698,-0.5189402735626707,0.3901101983462232,-0.7120846634069187,-0.3478243837286801,0.6664445295100744,-1.1028608323218072,-0.4384594338843876,0.8289471229929466,-1.3006149674295562,-0.4675513613140174,0.949649343952222,-1.4735296852031892,-0.4760411506585256,0.0,0.0,0.0,0.0,0.0,0.0,0.0,0.0,0.0,0.0,0.0,0.0,0.0,0.0,0.0,0.0,0.0,0.0,0.0,0.0,0.0,0.0,0.0,0.0,0.0,0.0,0.0,0.0,0.0,0.0,0.0,0.0,0.0,0.0,0.0,0.0,0.0,0.0,0.0,0.0,0.0,0.0,0.0,0.0,0.0,0.0,0.0,0.0,0.0,0.0,0.0,0.0,0.0,0.0,0.0,0.0,0.0,0.0,0.0,0.0,0.0,0.0,0.0
quatro,0.0,0.0,0.0,-0.1219134306649082,-0.46133356745099546,0.05488793366070664,-0.09409065786168054,-0.9159063641945188,0.042037942014696364,0.04328590360669503,-1.2041499100993849,0.017889317070302554,0.20303475547598415,-1.3625926516031366,-0.011911878971670151,-0.147491065156142,-1.069432391099212,-0.11625641510117145,-0.1607861334302719,-1.623867741323751,-0.21135220059628035,-0.14733561698887807,-1.9545634757806722,-0.25621655500335216,-0.1318528930892588,-2.2092911578482335,-0.2796406777204789,-0.0069670744846010305,-0.9999757296420378,-0.2019881052877874,0.0985076044419821,-1.6652405807848503,-0.30107023045268677,0.18266254561828227,-2.0595883778970627,-0.3565961105040599,0.2446931355001205,-2.3605678685013123,-0.38455192907417196,0.1741571249519904,-0.8762885475078491,-0.27670210948162394,0.3828659546334338,-1.4817718368866708,-0.3905136328124788,0.5136782526233901,-1.8482717935579318,-0.46537017317914825,0.6010605801231813,-2.140778854812204,-0.5025587340767497,0.371963261026204,-0.7127720585020569,-0.3376638851633599,0.6549934586189473,-1.0838742317657617,-0.42896393147550893,0.8256383770188267,-1.277093278270296,-0.4588794198280194,0.951199581173191,-1.447309741758736,-0.4668958414750938,0.0,0.0,0.0,0.0,0.0,0.0,0.0,0.0,0.0,0.0,0.0,0.0,0.0,0.0,0.0,0.0,0.0,0.0,0.0,0.0,0.0,0.0,0.0,0.0,0.0,0.0,0.0,0.0,0.0,0.0,0.0,0.0,0.0,0.0,0.0,0.0,0.0,0.0,0.0,0.0,0.0,0.0,0.0,0.0,0.0,0.0,0.0,0.0,0.0,0.0,0.0,0.0,0.0,0.0,0.0,0.0,0.0,0.0,0.0,0.0,0.0,0.0,0.0
quatro,0.0,0.0,0.0,-0.12315481826981596,-0.4623681754931546,0.05252235294281965,-0.1024545867798739,-0.9175993729508012,0.038717903333908836,0.030323360106657756,-1.2146189788399036,0.013622212249474522,0.18879404988771206,-1.381586694176006,-0.017324242845223933,-0.15740158251024203,-1.0720838469102059,-0.11779063001330616,-0.17242986042553607,-1.6249418550264083,-0.21758434394303544,-0.16130986531174266,-1.9576879347567877,-0.2687620931601818,-0.14841863875866798,-2.217253454593027,-0.29686563442006836,-0.018608253329674536,-0.9998268514638016,-0.2031870363310324,0.09211188630361108,-1.6687227646590517,-0.3023784141629849,0.17372680546234356,-2.0676762891467715,-0.3619001944940381,0.23315640382553401,-2.375174251310269,-0.3945057852924278,0.16313242204227874,-0.8756591947269002,-0.27790873623836077,0.3770002579835169,-1.4927990040951205,-0.39210989016319314,0.5063504605603247,-1.8641351599649745,-0.4701100475734581,0.5928433179522248,-2.15921923532381,-0.5109938408012912,0.36160703252983867,-0.7129562766799948,-0.33938118660662686,0.6508531104539326,-1.082791494924853,-0.4340365464265084,0.8218128575087107,-1.2792737244887162,-0.46796961572109236,0.948558119807554,-1.4554138364220162,-0.4793545976431348,0.0,0.0,0.0,0.0,0.0,0.0,0.0,0.0,0.0,0.0,0.0,0.0,0.0,0.0,0.0,0.0,0.0,0.0,0.0,0.0,0.0,0.0,0.0,0.0,0.0,0.0,0.0,0.0,0.0,0.0,0.0,0.0,0.0,0.0,0.0,0.0,0.0,0.0,0.0,0.0,0.0,0.0,0.0,0.0,0.0,0.0,0.0,0.0,0.0,0.0,0.0,0.0,0.0,0.0,0.0,0.0,0.0,0.0,0.0,0.0,0.0,0.0,0.0
quatro,0.0,0.0,0.0,-0.11886507659435107,-0.442161761830786,0.08210029170725182,-0.10400801113963068,-0.8866910980174072,0.08285630421107716,0.015816881142326662,-1.18083481327579,0.0657705774623926,0.16926199611782852,-1.3450576683096611,0.0407387689792559,-0.15264563098257805,-1.052230528504358,-0.08929751538768366,-0.14365937291596803,-1.621472699180263,-0.17756735251833458,-0.1267582958020952,-1.9622191554404922,-0.21843618779948995,-0.11186006018345995,-2.225578315527648,-0.23991358594602216,-0.02635107938598846,-0.999652750016321,-0.18703072784545421,0.08358224611932999,-1.6864260259895898,-0.2805310694033823,0.16803037036916477,-2.093497036455169,-0.3345166065596484,0.2303447476576964,-2.39853228958415,-0.36185892287630134,0.1459746147747144,-0.8897721919041892,-0.271371160949098,0.357636226075562,-1.5283231738078065,-0.3792776713117936,0.48453412352501635,-1.9016005830022276,-0.45473638449831005,0.5647425906838176,-2.1948858133637663,-0.4938393785367992,0.3426308610515286,-0.7374837555831822,-0.3398156343033181,0.6237291430328099,-1.1294474903725018,-0.4279022080304687,0.7924351969724222,-1.323659620580287,-0.45821323383399176,0.9159323519032909,-1.4934935050665805,-0.46755723018229495,0.0,0.0,0.0,0.0,0.0,0.0,0.0,0.0,0.0,0.0,0.0,0.0,0.0,0.0,0.0,0.0,0.0,0.0,0.0,0.0,0.0,0.0,0.0,0.0,0.0,0.0,0.0,0.0,0.0,0.0,0.0,0.0,0.0,0.0,0.0,0.0,0.0,0.0,0.0,0.0,0.0,0.0,0.0,0.0,0.0,0.0,0.0,0.0,0.0,0.0,0.0,0.0,0.0,0.0,0.0,0.0,0.0,0.0,0.0,0.0,0.0,0.0,0.0
quatro,0.0,0.0,0.0,-0.11917317868790643,-0.4477083150171316,0.05777009565959456,-0.1039438456285765,-0.8964346170216883,0.04704820046464344,0.018644083127929527,-1.183691590842559,0.020926830621075095,0.17417083305734843,-1.3419629304766147,-0.010803246901469664,-0.15997244946830558,-1.042603030435129,-0.09020982473380358,-0.1449323686587601,-1.610014401634046,-0.18358265756776965,-0.11139828146730903,-1.9496138812514694,-0.22613443802765595,-0.0754513001048997,-2.2036621262007237,-0.2465397265006592,-0.024559728223361277,-0.9996983643827745,-0.17861784659715874,0.08799394254970953,-1.678120726866603,-0.2737202887242225,0.17837975124262348,-2.077603708699312,-0.32539403842578907,0.2504563409482083,-2.37349211180278,-0.34909255369056114,0.15387662586109271,-0.8976669170590976,-0.2579027650015832,0.36391997801818793,-1.5264349046367671,-0.36487819330604976,0.4904253131231625,-1.8964177239446636,-0.4345834047927314,0.573037376816178,-2.1859143267489043,-0.4685199050632523,0.3530114725795079,-0.7442156046634643,-0.32496462017409017,0.6264122723588912,-1.1175008325218234,-0.4106375221466771,0.7871346734745542,-1.3127452060506055,-0.4379497615919797,0.9061147111678176,-1.4810816255717902,-0.44428758755284575,0.0,0.0,0.0,0.0,0.0,0.0,0.0,0.0,0.0,0.0,0.0,0.0,0.0,0.0,0.0,0.0,0.0,0.0,0.0,0.0,0.0,0.0,0.0,0.0,0.0,0.0,0.0,0.0,0.0,0.0,0.0,0.0,0.0,0.0,0.0,0.0,0.0,0.0,0.0,0.0,0.0,0.0,0.0,0.0,0.0,0.0,0.0,0.0,0.0,0.0,0.0,0.0,0.0,0.0,0.0,0.0,0.0,0.0,0.0,0.0,0.0,0.0,0.0
quatro,0.0,0.0,0.0,-0.12041126575958977,-0.4475538518825258,0.06129332754901938,-0.10577532354492328,-0.8948777882970393,0.05242640502633664,0.01623128574926378,-1.1806638631785071,0.027903146881912484,0.17082647514429727,-1.3361435525918675,-0.002613218255554664,-0.15817509665726767,-1.0467385336146455,-0.08916517739392116,-0.14443269608045678,-1.613484180762566,-0.17932255632065688,-0.11281429610680338,-1.948496276784078,-0.21938075199287432,-0.08076534282226551,-2.200541897940313,-0.2384374541462111,-0.02301895869535764,-0.9997350286653865,-0.1784347195141705,0.0893165621297422,-1.6752278218277252,-0.27189374268626004,0.17625446073461792,-2.0721712801579426,-0.3223477377483897,0.24413104667778618,-2.3681357788264896,-0.3453457787287269,0.15353043105721617,-0.8944882810684591,-0.25787309703229006,0.3606791010965798,-1.5201326165209845,-0.36317262328924343,0.48491368025682374,-1.8893939367634247,-0.43246224931929195,0.564483807088074,-2.179036477650485,-0.46625960784044657,0.35090367520848825,-0.7385005387482549,-0.32460078734480563,0.6221255667604368,-1.1162519397280262,-0.4079256619619517,0.7821481676747098,-1.3102437616933817,-0.43370134586857495,0.8993091864904327,-1.4769306102712951,-0.4393160121986066,0.0,0.0,0.0,0.0,0.0,0.0,0.0,0.0,0.0,0.0,0.0,0.0,0.0,0.0,0.0,0.0,0.0,0.0,0.0,0.0,0.0,0.0,0.0,0.0,0.0,0.0,0.0,0.0,0.0,0.0,0.0,0.0,0.0,0.0,0.0,0.0,0.0,0.0,0.0,0.0,0.0,0.0,0.0,0.0,0.0,0.0,0.0,0.0,0.0,0.0,0.0,0.0,0.0,0.0,0.0,0.0,0.0,0.0,0.0,0.0,0.0,0.0,0.0
quatro,0.0,0.0,0.0,-0.12243062962300451,-0.47697780368408543,0.04556668817251144,-0.09471215966522775,-0.9320400652963402,0.027756000975279572,0.051121894673459144,-1.2185009415950876,-0.0028076353595381043,0.213206459641853,-1.3698724089278886,-0.03778207649704806,-0.14983604895831493,-1.0655192549182735,-0.11463320284492945,-0.16341199667761164,-1.6201461749688975,-0.21198554945019685,-0.14886021035586167,-1.9581928832521005,-0.2588045683141039,-0.12579581675206145,-2.2181039833669574,-0.2823701391199796,-0.00047621380599533034,-0.999999886610199,-0.19766153850440346,0.11226968876246865,-1.658054135775579,-0.29460350579248024,0.19945507224402861,-2.055580890577215,-0.3487697571006994,0.27091212438315104,-2.3473720497044592,-0.375462033414037,0.1862955261050941,-0.8822942800622681,-0.27144396935244025,0.4039509304344922,-1.4708638530349998,-0.3760437394270559,0.5340732124239956,-1.8324047749968988,-0.44284678658717275,0.6233090560702189,-2.114792709954921,-0.47494999944614974,0.38817120911299047,-0.7253230180107666,-0.3344858053573363,0.6738759389697843,-1.1137501777694854,-0.4122039413207568,0.8437860557501277,-1.3285111842780317,-0.43495756830116017,0.9709419939480894,-1.511909457563437,-0.4393708968782149,0.0,0.0,0.0,0.0,0.0,0.0,0.0,0.0,0.0,0.0,0.0,0.0,0.0,0.0,0.0,0.0,0.0,0.0,0.0,0.0,0.0,0.0,0.0,0.0,0.0,0.0,0.0,0.0,0.0,0.0,0.0,0.0,0.0,0.0,0.0,0.0,0.0,0.0,0.0,0.0,0.0,0.0,0.0,0.0,0.0,0.0,0.0,0.0,0.0,0.0,0.0,0.0,0.0,0.0,0.0,0.0,0.0,0.0,0.0,0.0,0.0,0.0,0.0
quatro,0.0,0.0,0.0,-0.14486516950693537,-0.47964537280789843,0.04531604215065195,-0.10464880750956507,-0.9438317402783106,0.025777674021561028,0.07008643761503505,-1.2460136884341189,0.0013762201957114265,0.24266080749448732,-1.3950150456873693,-0.02664541673770113,-0.1595260805348872,-1.0825233129141902,-0.17511602373317858,-0.21152669475246524,-1.6598824492387463,-0.2814945385093965,-0.21649137070603566,-2.0224349675132354,-0.3299973822581478,-0.21181580034418435,-2.302228828777916,-0.3557896584066983,0.026430911564060758,-0.9996506424315911,-0.2530810249986027,0.1349329090928356,-1.6823311784999682,-0.36442959646626505,0.219386789383665,-2.0956828067672952,-0.4249644608717892,0.2779145294931584,-2.407546302037342,-0.458629047380767,0.23127952891344133,-0.8646514193800915,-0.31559289247496386,0.45242378362704855,-1.4698497663382293,-0.43745358975349713,0.5906323986823955,-1.8185346688578186,-0.5073551917512912,0.6803668187825367,-2.093362981616841,-0.5397970419347288,0.42961221812269845,-0.701058664415208,-0.3636713123457312,0.7141028818500306,-1.1057998032559277,-0.45817226636286473,0.8903171027632539,-1.306137471737333,-0.4846365166879424,1.0226288653846887,-1.478065135094464,-0.489449041371223,0.0,0.0,0.0,0.0,0.0,0.0,0.0,0.0,0.0,0.0,0.0,0.0,0.0,0.0,0.0,0.0,0.0,0.0,0.0,0.0,0.0,0.0,0.0,0.0,0.0,0.0,0.0,0.0,0.0,0.0,0.0,0.0,0.0,0.0,0.0,0.0,0.0,0.0,0.0,0.0,0.0,0.0,0.0,0.0,0.0,0.0,0.0,0.0,0.0,0.0,0.0,0.0,0.0,0.0,0.0,0.0,0.0,0.0,0.0,0.0,0.0,0.0,0.0
quatro,0.0,0.0,0.0,-0.14920247599838377,-0.48062264417147393,0.050982296380474836,-0.10869691799460304,-0.9411893744373161,0.035787315727567645,0.06482477019820025,-1.2481223796531409,0.017358462391043227,0.2354955196829212,-1.4061825468379021,-0.003552307742180524,-0.16165282773535097,-1.0820422357981572,-0.17558261810589806,-0.21622910546039828,-1.6545437067442377,-0.2775685885058722,-0.22490923205015032,-2.01744583026996,-0.32272507530475303,-0.22284997798739944,-2.299235018548546,-0.3463446990115248,0.024645499886331662,-0.9996962535367194,-0.2507872516308866,0.13071186902904125,-1.6850511689455785,-0.3520707566762865,0.21423044768328825,-2.0982486465456307,-0.40571711447938424,0.2731377575260247,-2.412551675002521,-0.4366570899526938,0.2317426285693389,-0.8694264751973895,-0.309257223076746,0.4530691052309753,-1.4790728865847038,-0.4191718933500926,0.5915916315493116,-1.828004652987252,-0.48226821276604753,0.6840963771686265,-2.097737948042129,-0.512675567281555,0.4334774229655775,-0.7099964823631899,-0.35306276594139574,0.7202053541880392,-1.1117620919503153,-0.43653906557663497,0.8929001070116528,-1.3110303553255056,-0.4583582804119629,1.0228127168596575,-1.4839842446687224,-0.4614352898780129,0.0,0.0,0.0,0.0,0.0,0.0,0.0,0.0,0.0,0.0,0.0,0.0,0.0,0.0,0.0,0.0,0.0,0.0,0.0,0.0,0.0,0.0,0.0,0.0,0.0,0.0,0.0,0.0,0.0,0.0,0.0,0.0,0.0,0.0,0.0,0.0,0.0,0.0,0.0,0.0,0.0,0.0,0.0,0.0,0.0,0.0,0.0,0.0,0.0,0.0,0.0,0.0,0.0,0.0,0.0,0.0,0.0,0.0,0.0,0.0,0.0,0.0,0.0
quatro,0.0,0.0,0.0,-0.14706641329486583,-0.48225171301343506,0.05067526043965224,-0.10829833914050684,-0.9436245670499792,0.033386923921200316,0.06437216084930872,-1.2500337805284447,0.012117287514177354,0.23543364812099976,-1.4080263908055528,-0.011851675007867418,-0.16225029650651107,-1.08431581182196,-0.17756808478756217,-0.21668028227306613,-1.653453774659457,-0.2814347205044069,-0.22463475059703955,-2.015690209262943,-0.3274928005929426,-0.22170759131432494,-2.2977473568054885,-0.35182960952857106,0.02032917001172372,-0.9997933410693605,-0.2550250168572949,0.12844529905805352,-1.685463034097436,-0.3593773094748363,0.21508729122589243,-2.100416009585064,-0.41418074582609954,0.27785087631173894,-2.415475468861431,-0.44572253660119987,0.2264966144130788,-0.8657493419233203,-0.3158508718738611,0.4523324077252134,-1.476510149375504,-0.4277279425243416,0.5937810405785057,-1.8263935843728005,-0.49021391574807666,0.687885781423682,-2.0976843146879496,-0.5198895095734032,0.4295160917757062,-0.7020937992228683,-0.36213198090460996,0.7181052745649004,-1.1095980085823525,-0.44540683685769167,0.8919823520288667,-1.311481840777675,-0.46589207250963177,1.021859551515261,-1.4860791651766576,-0.4682008317065333,0.0,0.0,0.0,0.0,0.0,0.0,0.0,0.0,0.0,0.0,0.0,0.0,0.0,0.0,0.0,0.0,0.0,0.0,0.0,0.0,0.0,0.0,0.0,0.0,0.0,0.0,0.0,0.0,0.0,0.0,0.0,0.0,0.0,0.0,0.0,0.0,0.0,0.0,0.0,0.0,0.0,0.0,0.0,0.0,0.0,0.0,0.0,0.0,0.0,0.0,0.0,0.0,0.0,0.0,0.0,0.0,0.0,0.0,0.0,0.0,0.0,0.0,0.0
quatro,0.0,0.0,0.0,-0.18344215507301403,-0.4906936638629343,0.020297151650384596,-0.13530267331640689,-0.9714780320492832,-0.015796396642097345,0.07557916625751707,-1.283999693347006,-0.046297106889129976,0.2775983027887881,-1.432620987355229,-0.08103758947334119,-0.19494031230999648,-1.0978443795276125,-0.2514272695041185,-0.27551479279588675,-1.7352657046770252,-0.3714218437143585,-0.2974921798752677,-2.1316970951519307,-0.42172163295888904,-0.3069824152050004,-2.4380294528203272,-0.4475005338359043,0.028952957975655436,-0.9995807752375292,-0.3191364310478454,0.14484854147717918,-1.7521463383170885,-0.43782499431419664,0.2327821268059403,-2.199771573913612,-0.4938646782248118,0.28987531966032487,-2.534840254104186,-0.5244085386391769,0.254494653233198,-0.8539134636165716,-0.36956574047714,0.49731351722813216,-1.514306612700198,-0.49591560975279725,0.6461213626317435,-1.9042490683742541,-0.567410336008086,0.7423791614809753,-2.1990914323189186,-0.600835425277277,0.4530039325953215,-0.6882724538906864,-0.40542510625069866,0.7363578145779669,-1.1191369385509897,-0.5039949934638424,0.9090397033061297,-1.3473800008135501,-0.5303231551652452,1.038217322866014,-1.5357114956188538,-0.5344358651115072,0.0,0.0,0.0,0.0,0.0,0.0,0.0,0.0,0.0,0.0,0.0,0.0,0.0,0.0,0.0,0.0,0.0,0.0,0.0,0.0,0.0,0.0,0.0,0.0,0.0,0.0,0.0,0.0,0.0,0.0,0.0,0.0,0.0,0.0,0.0,0.0,0.0,0.0,0.0,0.0,0.0,0.0,0.0,0.0,0.0,0.0,0.0,0.0,0.0,0.0,0.0,0.0,0.0,0.0,0.0,0.0,0.0,0.0,0.0,0.0,0.0,0.0,0.0
quatro,0.0,0.0,0.0,-0.18944291836674781,-0.48987191118966494,0.025812395468522924,-0.15057430461476878,-0.9779195504432947,-0.005349243978341437,0.05608221742670525,-1.2987241163536234,-0.030708424220464887,0.2529104552984566,-1.4558858317590426,-0.060084439717858026,-0.2078776985445065,-1.1020171398100593,-0.24903151795232686,-0.29038097028168713,-1.736450903958754,-0.3685718680589332,-0.3137371559908253,-2.134446792024202,-0.41739786418532876,-0.32353011687327016,-2.4396615550719383,-0.4408912143476625,0.018048364822992442,-0.9998371149978461,-0.31653800900645734,0.14028559439312643,-1.7569087451351502,-0.43435449476797555,0.2276107242157219,-2.2080489011967046,-0.4887863042310909,0.2844026185959174,-2.547176772495071,-0.5175674052299807,0.24731744856480836,-0.8571313402248681,-0.366141595311288,0.49583267768912753,-1.5241181896066658,-0.4935538776109489,0.6440969004817937,-1.914786101165938,-0.5649142960446172,0.7418584560910114,-2.2140859721132737,-0.5970065729391417,0.4525671557017121,-0.6965119184474766,-0.40029634695897753,0.7430658702743252,-1.1373388979412222,-0.5008440077378986,0.917890146806625,-1.3636073372403879,-0.5275416846747184,1.0512610930291246,-1.5550170440095903,-0.5306859924437648,0.0,0.0,0.0,0.0,0.0,0.0,0.0,0.0,0.0,0.0,0.0,0.0,0.0,0.0,0.0,0.0,0.0,0.0,0.0,0.0,0.0,0.0,0.0,0.0,0.0,0.0,0.0,0.0,0.0,0.0,0.0,0.0,0.0,0.0,0.0,0.0,0.0,0.0,0.0,0.0,0.0,0.0,0.0,0.0,0.0,0.0,0.0,0.0,0.0,0.0,0.0,0.0,0.0,0.0,0.0,0.0,0.0,0.0,0.0,0.0,0.0,0.0,0.0
quatro,0.0,0.0,0.0,-0.18885908534070767,-0.49001963362961054,0.02395652399290329,-0.14516759623570277,-0.9725464668739031,-0.010652405182553473,0.0625150999029401,-1.287070009128541,-0.039382900084273316,0.25924943001351214,-1.4361961867379665,-0.07262987248832221,-0.19868740300781917,-1.103661023018386,-0.2538718515865586,-0.2844383238143462,-1.7375215107860142,-0.37360249486227987,-0.30658945988715103,-2.1310541911911,-0.42237467149359337,-0.31654840921530525,-2.4340051706242365,-0.4462380426288174,0.025294222246318894,-0.9996800499764681,-0.32263766503821867,0.14696763040752758,-1.7542612645966502,-0.4421039773580405,0.2351382093090285,-2.203877760140714,-0.4968942418161267,0.2905973703675474,-2.5415670059546214,-0.5253752973616531,0.2508342816924069,-0.8503877247468133,-0.37340349879052803,0.5012684372351788,-1.5116647038584248,-0.5004691212659754,0.6527415643021015,-1.9022146534078692,-0.5710872710933055,0.7507061643436024,-2.1988710768984614,-0.6025824959776588,0.45075925582742105,-0.6810256815675028,-0.4089271556421544,0.7399803446692333,-1.1147261496676455,-0.5080135950854748,0.9123714571230381,-1.3438120127300421,-0.5332085860466843,1.040653577415133,-1.5341495070327729,-0.5353679335008813,0.0,0.0,0.0,0.0,0.0,0.0,0.0,0.0,0.0,0.0,0.0,0.0,0.0,0.0,0.0,0.0,0.0,0.0,0.0,0.0,0.0,0.0,0.0,0.0,0.0,0.0,0.0,0.0,0.0,0.0,0.0,0.0,0.0,0.0,0.0,0.0,0.0,0.0,0.0,0.0,0.0,0.0,0.0,0.0,0.0,0.0,0.0,0.0,0.0,0.0,0.0,0.0,0.0,0.0,0.0,0.0,0.0,0.0,0.0,0.0,0.0,0.0,0.0
quatro,0.0,0.0,0.0,-0.2014243459537443,-0.45928131692423274,0.03085742648486875,-0.15861942923854844,-0.9195399515313369,0.009923647601623007,0.04698226187013992,-1.2387949900541761,-0.001238867755278539,0.2448849502212391,-1.39183441762078,-0.013981635062751052,-0.1847506198240638,-1.0590155825794687,-0.2379590860993085,-0.2858066884948256,-1.6881889174262334,-0.35006891587039096,-0.3200373660897517,-2.0900070318316204,-0.39385980498908324,-0.32926181883645506,-2.3964712809345348,-0.4128032500956324,0.07176198454269263,-0.9974217851914476,-0.29561372807949776,0.1750594039393859,-1.720053379607922,-0.4129700568905821,0.2518923150485491,-2.163158209992564,-0.4697667719493406,0.3006861504922224,-2.4967018224072306,-0.49674164985183983,0.3054495016026394,-0.8927916867624645,-0.3323128318588019,0.5322574774014283,-1.511964898773017,-0.4534568769597754,0.6694490019243022,-1.8974946810184299,-0.5230811455081216,0.7545215029562397,-2.192061130337177,-0.5500189264670877,0.49417581898828455,-0.7632164643334308,-0.3515503155506836,0.7630969256280479,-1.1562981930577811,-0.43065642231935963,0.90541633513518,-1.3715533743458594,-0.4443400534310994,1.001891171688503,-1.5580195521249,-0.4373000299785254,0.0,0.0,0.0,0.0,0.0,0.0,0.0,0.0,0.0,0.0,0.0,0.0,0.0,0.0,0.0,0.0,0.0,0.0,0.0,0.0,0.0,0.0,0.0,0.0,0.0,0.0,0.0,0.0,0.0,0.0,0.0,0.0,0.0,0.0,0.0,0.0,0.0,0.0,0.0,0.0,0.0,0.0,0.0,0.0,0.0,0.0,0.0,0.0,0.0,0.0,0.0,0.0,0.0,0.0,0.0,0.0,0.0,0.0,0.0,0.0,0.0,0.0,0.0
quatro,0.0,0.0,0.0,-0.19233292721040157,-0.4796699922157527,0.0391893153389813,-0.14697914881286575,-0.9480161370374857,0.02469259409389271,0.05978134258223619,-1.2737663266202586,0.018776657790398974,0.2534013625090964,-1.4456146334129538,0.013559047031569127,-0.17991104144254258,-1.08213451326341,-0.2250193364259727,-0.2788169263654223,-1.7124112278235533,-0.338689491915086,-0.3159196624306125,-2.1109712324386645,-0.3833107594009838,-0.3282403010860734,-2.4159771132136716,-0.4016181935720711,0.07242782371447085,-0.9973736563354707,-0.28534945553058916,0.17132430071982688,-1.7331806244113819,-0.4071954460113676,0.25423687518441673,-2.1839034997308353,-0.46412936288943235,0.314966774784282,-2.5289441015338996,-0.4895636679147936,0.3089300277065654,-0.8819842039188985,-0.3249324658519866,0.5465813416247708,-1.5165816912668377,-0.4513400083430578,0.6919928028477325,-1.8987548955399294,-0.5173473016776542,0.7877456914119503,-2.194378991895455,-0.5393933377402486,0.5037010988758508,-0.7492650687595965,-0.34626559083111735,0.7719735416814798,-1.1645051618122289,-0.4282970690200041,0.9182164836151089,-1.3872019188323819,-0.4396392469199927,1.0245068371339834,-1.5888991586154353,-0.4294934798647758,0.0,0.0,0.0,0.0,0.0,0.0,0.0,0.0,0.0,0.0,0.0,0.0,0.0,0.0,0.0,0.0,0.0,0.0,0.0,0.0,0.0,0.0,0.0,0.0,0.0,0.0,0.0,0.0,0.0,0.0,0.0,0.0,0.0,0.0,0.0,0.0,0.0,0.0,0.0,0.0,0.0,0.0,0.0,0.0,0.0,0.0,0.0,0.0,0.0,0.0,0.0,0.0,0.0,0.0,0.0,0.0,0.0,0.0,0.0,0.0,0.0,0.0,0.0
quatro,0.0,0.0,0.0,-0.22149294488592997,-0.4829617964548504,0.039078884136678135,-0.18818131016561182,-0.9555362818117151,0.019053164146623995,0.016017836061044226,-1.295305200475001,0.01279566034567219,0.22015255354628674,-1.4603454997889036,0.005722343276887531,-0.18612977139715892,-1.0835197219014807,-0.28765532801944743,-0.2998171727583253,-1.730813253469264,-0.4179219996216997,-0.34268462312140546,-2.1453062921238852,-0.4704500003209835,-0.3623903968100589,-2.461705812203517,-0.4954885059868815,0.07067422655701182,-0.9974994504763238,-0.34479811329976456,0.18245961245526993,-1.7535404920028856,-0.48418794787027486,0.2680170302333854,-2.217112428338419,-0.5473227580566288,0.32428641858337326,-2.568823001486292,-0.5801421359189066,0.30534619206274183,-0.8882252659474053,-0.3763493162359764,0.5485525345325034,-1.5404249550010811,-0.509475127204388,0.6931313900373529,-1.942490996246411,-0.5795669118608384,0.787453547920969,-2.250932351124842,-0.6072545556649865,0.49972208258793827,-0.7659610922947206,-0.3877040461599272,0.77997343182469,-1.203017106583275,-0.4767939900201785,0.9318809047107495,-1.4318342621676297,-0.49696820168664463,1.0404618724511574,-1.6374537278423806,-0.4950040747896496,0.0,0.0,0.0,0.0,0.0,0.0,0.0,0.0,0.0,0.0,0.0,0.0,0.0,0.0,0.0,0.0,0.0,0.0,0.0,0.0,0.0,0.0,0.0,0.0,0.0,0.0,0.0,0.0,0.0,0.0,0.0,0.0,0.0,0.0,0.0,0.0,0.0,0.0,0.0,0.0,0.0,0.0,0.0,0.0,0.0,0.0,0.0,0.0,0.0,0.0,0.0,0.0,0.0,0.0,0.0,0.0,0.0,0.0,0.0,0.0,0.0,0.0,0.0
quatro,0.0,0.0,0.0,-0.21630861579759536,-0.48170933207939126,0.03436107016150826,-0.17856119307948376,-0.967681298915061,0.014012950784719529,0.021876226961479815,-1.3259718286471032,0.009912625312830234,0.21845726969054385,-1.5073535039235142,0.006168699822774156,-0.18055888121515548,-1.0910494725023479,-0.3085805359113103,-0.3018205915428791,-1.7439828163847955,-0.44171601372533487,-0.34722492382823616,-2.1623021792974124,-0.4930105419824895,-0.3686427303804243,-2.4828957616509206,-0.5172532799256709,0.07560254661671943,-0.9971380320422378,-0.36174305446159816,0.18113804354617158,-1.7559308969185363,-0.5105238355455977,0.26316875506547216,-2.2284946804643644,-0.5761355634664405,0.3229455183891309,-2.5887954788118512,-0.6102550903299944,0.3116924326526092,-0.8847759372105625,-0.38811066612254724,0.5547738436121373,-1.5385211822998277,-0.5285673119498736,0.7000809931392843,-1.941518748212732,-0.5981911006198077,0.8025465461631385,-2.251601799977299,-0.6240047492644081,0.5086350874649064,-0.7669910419147559,-0.3941556633637475,0.791573299391325,-1.2202160199011374,-0.49303581800739943,0.9524313027023457,-1.4541933058580625,-0.5190548583263436,1.0773155775227719,-1.6643123256073098,-0.519377616671741,0.0,0.0,0.0,0.0,0.0,0.0,0.0,0.0,0.0,0.0,0.0,0.0,0.0,0.0,0.0,0.0,0.0,0.0,0.0,0.0,0.0,0.0,0.0,0.0,0.0,0.0,0.0,0.0,0.0,0.0,0.0,0.0,0.0,0.0,0.0,0.0,0.0,0.0,0.0,0.0,0.0,0.0,0.0,0.0,0.0,0.0,0.0,0.0,0.0,0.0,0.0,0.0,0.0,0.0,0.0,0.0,0.0,0.0,0.0,0.0,0.0,0.0,0.0
quatro,0.0,0.0,0.0,-0.22762401522510572,-0.4875544714892059,0.050097515312797096,-0.19797832948959268,-0.9799001680045186,0.025919059294063216,-0.0014434532535408334,-1.3445956662880576,0.019273811789991397,0.18827768141142698,-1.533513115539825,0.009549415756852064,-0.18924008551924332,-1.1034616014058176,-0.34100792607010727,-0.315631849399678,-1.7363565247082215,-0.4829904377165275,-0.3569387719439606,-2.152881169284895,-0.5438551961701407,-0.3782336830464625,-2.471002363914196,-0.5764304880230162,0.07619200719214489,-0.9970931641727528,-0.3997997465051887,0.19736379149955235,-1.7451398765927442,-0.561670452191689,0.28130885523486826,-2.20734584103121,-0.6339854341606516,0.33308295458189285,-2.553015126932881,-0.6744074005921303,0.3156286383278216,-0.8793297032786319,-0.42542329715124716,0.5607644632840464,-1.5403371019592127,-0.5668656988660128,0.6969674278594169,-1.9519579810866217,-0.627832599986296,0.7899166428964283,-2.2667197829214007,-0.6509113761861623,0.5062291479568904,-0.7587093058814224,-0.42794582345671994,0.7835272215349391,-1.2095514399282943,-0.5215479946649106,0.931830116497936,-1.4381705816125148,-0.5363753865511304,1.0434298485096172,-1.6419913798907242,-0.530778029580885,0.0,0.0,0.0,0.0,0.0,0.0,0.0,0.0,0.0,0.0,0.0,0.0,0.0,0.0,0.0,0.0,0.0,0.0,0.0,0.0,0.0,0.0,0.0,0.0,0.0,0.0,0.0,0.0,0.0,0.0,0.0,0.0,0.0,0.0,0.0,0.0,0.0,0.0,0.0,0.0,0.0,0.0,0.0,0.0,0.0,0.0,0.0,0.0,0.0,0.0,0.0,0.0,0.0,0.0,0.0,0.0,0.0,0.0,0.0,0.0,0.0,0.0,0.0
quatro,0.0,0.0,0.0,-0.22832816430653427,-0.48618744729202695,0.05191148795145895,-0.2009711741078963,-0.9796363179083837,0.030013796618642705,-0.00701947822582784,-1.3484957442733005,0.025686130321920884,0.1812638554278214,-1.5398663342282664,0.018660679268371855,-0.1907496077700416,-1.1028189189601587,-0.33932523102120354,-0.3178384861259935,-1.7399860949375001,-0.48008742322833076,-0.35895241935880734,-2.1575343625620613,-0.5392258057441518,-0.3805423349569849,-2.4764216868307996,-0.5705006255113463,0.07479634468372158,-0.9971988301346698,-0.39815235485224487,0.19542931109341466,-1.7498161891933879,-0.5584773281060462,0.2801765690638114,-2.2124958147225255,-0.6287495604291687,0.3321419548902881,-2.558696222909336,-0.6676388576071651,0.3147300442767117,-0.8794845567533521,-0.423812850890178,0.5585351724826606,-1.5379221764062936,-0.5645764631430927,0.6961247137431401,-1.9497511136725478,-0.6246442848166585,0.790002789368107,-2.265470123891233,-0.64678160887612,0.5061996536406456,-0.758469022332576,-0.42621372614111236,0.7851948981276976,-1.2101891182697353,-0.5189721532320375,0.9355527235173069,-1.43928871285544,-0.5333156135560781,1.0484087516021818,-1.6433841412143604,-0.5273334595882312,0.0,0.0,0.0,0.0,0.0,0.0,0.0,0.0,0.0,0.0,0.0,0.0,0.0,0.0,0.0,0.0,0.0,0.0,0.0,0.0,0.0,0.0,0.0,0.0,0.0,0.0,0.0,0.0,0.0,0.0,0.0,0.0,0.0,0.0,0.0,0.0,0.0,0.0,0.0,0.0,0.0,0.0,0.0,0.0,0.0,0.0,0.0,0.0,0.0,0.0,0.0,0.0,0.0,0.0,0.0,0.0,0.0,0.0,0.0,0.0,0.0,0.0,0.0
quatro,0.0,0.0,0.0,-0.23165833240017278,-0.47823718549211935,0.03182664065212306,-0.20610407895270758,-0.989087066731706,-0.0035139832706721765,-0.010662155174793984,-1.3764277942622567,-0.021393258148131283,0.18246177977487654,-1.5815202224954763,-0.04060137201279253,-0.2083335210137463,-1.112194246227719,-0.34682777297334894,-0.32682596158403127,-1.7810282700435822,-0.49499548351027256,-0.3626894324745765,-2.206709747773606,-0.5576708998935741,-0.3824751841813126,-2.5271986030677183,-0.5894618441612721,0.05373617515768171,-0.998555167969914,-0.4057524451215007,0.19872174600864598,-1.7673778566845646,-0.5728774797402448,0.2864744033166162,-2.2479631712625467,-0.6509899005822276,0.3347458218168359,-2.6102723367562723,-0.6940011023338845,0.2962009611680925,-0.8752783909621127,-0.43488675212236205,0.5531283858218767,-1.5609567584418662,-0.5849697745223852,0.6997940027426542,-1.9855923848491965,-0.6525696873494922,0.795226803726712,-2.3134067282491646,-0.6781072699549837,0.49974343055739173,-0.7558761206462679,-0.44283081826154524,0.7843407048761314,-1.2371635626763677,-0.5398428594278847,0.9393784420611487,-1.4758947047532318,-0.5561016153663352,1.0496133890464319,-1.6917623531691042,-0.5512187374647872,0.0,0.0,0.0,0.0,0.0,0.0,0.0,0.0,0.0,0.0,0.0,0.0,0.0,0.0,0.0,0.0,0.0,0.0,0.0,0.0,0.0,0.0,0.0,0.0,0.0,0.0,0.0,0.0,0.0,0.0,0.0,0.0,0.0,0.0,0.0,0.0,0.0,0.0,0.0,0.0,0.0,0.0,0.0,0.0,0.0,0.0,0.0,0.0,0.0,0.0,0.0,0.0,0.0,0.0,0.0,0.0,0.0,0.0,0.0,0.0,0.0,0.0,0.0
quatro,0.0,0.0,0.0,-0.24577267528050856,-0.4750227433723822,0.03795138564590658,-0.22832648925694557,-0.9808072069947317,0.0009041401808090772,-0.041965923538257066,-1.3797840942943456,-0.0103998318590277,0.14443021308728848,-1.5912915521388475,-0.02428761304949458,-0.2011281834094568,-1.1033020275201795,-0.41818152397791786,-0.3334276106080594,-1.7741260133840278,-0.5790220982810923,-0.37245427058948954,-2.2141087259225976,-0.6463942258561507,-0.3923896296284484,-2.5467738543805614,-0.6813266744583356,0.07390891408171675,-0.997264996086427,-0.4697706820875887,0.204531923963377,-1.7953047732337892,-0.6500853002910162,0.2949662909062772,-2.280823621708627,-0.7252500254777057,0.35034861195349315,-2.639747035515538,-0.7666059474865944,0.3201038555498482,-0.8820879806125287,-0.483544290547852,0.5679519746757754,-1.5727383994938935,-0.633845402765435,0.7090204999256947,-2.000722333731447,-0.6929344889697633,0.8062713592728391,-2.3225328023458363,-0.7140549125322794,0.5191102738885125,-0.7676094196563832,-0.4732490029762192,0.8034838649186021,-1.2507533962965258,-0.5709005488274932,0.9589084919901836,-1.4978311286263892,-0.5859046735256309,1.0749246646800694,-1.715549582993969,-0.5801139275054542,0.0,0.0,0.0,0.0,0.0,0.0,0.0,0.0,0.0,0.0,0.0,0.0,0.0,0.0,0.0,0.0,0.0,0.0,0.0,0.0,0.0,0.0,0.0,0.0,0.0,0.0,0.0,0.0,0.0,0.0,0.0,0.0,0.0,0.0,0.0,0.0,0.0,0.0,0.0,0.0,0.0,0.0,0.0,0.0,0.0,0.0,0.0,0.0,0.0,0.0,0.0,0.0,0.0,0.0,0.0,0.0,0.0,0.0,0.0,0.0,0.0,0.0,0.0
quatro,0.0,0.0,0.0,-0.2365022241394168,-0.4858079843972388,0.035823109229240244,-0.20946870096153808,-0.990316994426337,0.002019835738257216,-0.02193383101360641,-1.3790320483194105,-0.011251508288456521,0.16233339592875506,-1.5875990696055247,-0.028266458444863342,-0.19419815664026857,-1.1093617264830946,-0.37252508363061576,-0.3293958810642787,-1.7735648277546505,-0.5267994021876562,-0.371780343079942,-2.2100613379024585,-0.5945952703741999,-0.3917107742692543,-2.5411593758085598,-0.6296607574790078,0.07739564341274682,-0.9970004585659562,-0.42611464961279655,0.21154792384944732,-1.773483487420294,-0.597222673519327,0.295615681587717,-2.2618789141588627,-0.6757225592618543,0.34616475848255934,-2.627361686778458,-0.7195767433848279,0.3210212946243191,-0.8804627743340135,-0.4465499110749314,0.5759912426613948,-1.5759374508942472,-0.5975558772630206,0.7146848674633551,-2.0102324123799975,-0.6674929194060822,0.8109549364455428,-2.343092193651927,-0.6952593725928566,0.5143606486646385,-0.7692055911103486,-0.44366031934236566,0.7988702218865664,-1.2533312808404329,-0.5458877008164732,0.9574763073388535,-1.4915228932808144,-0.5659029009298169,1.081024078138296,-1.7018165050363199,-0.562576301945469,0.0,0.0,0.0,0.0,0.0,0.0,0.0,0.0,0.0,0.0,0.0,0.0,0.0,0.0,0.0,0.0,0.0,0.0,0.0,0.0,0.0,0.0,0.0,0.0,0.0,0.0,0.0,0.0,0.0,0.0,0.0,0.0,0.0,0.0,0.0,0.0,0.0,0.0,0.0,0.0,0.0,0.0,0.0,0.0,0.0,0.0,0.0,0.0,0.0,0.0,0.0,0.0,0.0,0.0,0.0,0.0,0.0,0.0,0.0,0.0,0.0,0.0,0.0
quatro,0.0,0.0,0.0,-0.23910341813240735,-0.4823547479437951,0.036471274771251776,-0.21387410804627038,-0.9901147042324602,0.0021365536145030706,-0.027202278515626843,-1.378152900667503,-0.01204617506617661,0.1571888791625681,-1.5872587909561526,-0.03199453453939544,-0.19907320991049537,-1.1050889495377103,-0.37378146271848145,-0.3350585259273619,-1.768482989778328,-0.5356028034803132,-0.37478071464678464,-2.2106618168366428,-0.611524632591307,-0.3937446962790049,-2.544662740654893,-0.6518775580138773,0.07310619265314444,-0.9973241622440325,-0.42993129238742855,0.21406675852012078,-1.7804957503754086,-0.5975461338839971,0.30233781488843103,-2.2687234140359833,-0.6738036789663417,0.351818484993284,-2.6354069613097373,-0.7166843714143426,0.3192434866179217,-0.8818998196873256,-0.45404472320101497,0.5690864969984855,-1.5817258187744447,-0.6019698249533539,0.703781102252484,-2.0183802077983755,-0.6708866599990789,0.7954169832629177,-2.3535408274140948,-0.6996724969625981,0.5144720631589682,-0.7663367182167214,-0.45541271540909445,0.8011326494132646,-1.2392337344483737,-0.5601861260259552,0.9562907175922581,-1.4727646704577586,-0.5813367853602364,1.076924366891423,-1.6795530656286541,-0.5786130095159436,0.0,0.0,0.0,0.0,0.0,0.0,0.0,0.0,0.0,0.0,0.0,0.0,0.0,0.0,0.0,0.0,0.0,0.0,0.0,0.0,0.0,0.0,0.0,0.0,0.0,0.0,0.0,0.0,0.0,0.0,0.0,0.0,0.0,0.0,0.0,0.0,0.0,0.0,0.0,0.0,0.0,0.0,0.0,0.0,0.0,0.0,0.0,0.0,0.0,0.0,0.0,0.0,0.0,0.0,0.0,0.0,0.0,0.0,0.0,0.0,0.0,0.0,0.0
quatro,0.0,0.0,0.0,-0.23921284093371364,-0.48115667818090113,0.029414174737096985,-0.21411242430578614,-0.9901208437727247,-0.007271525811520261,-0.023761537604438648,-1.3788280046053312,-0.022760826726236125,0.16270881818989516,-1.587008957166229,-0.04290337284474168,-0.19923597310621866,-1.1029089633947564,-0.37421180954819633,-0.33678036199061356,-1.7701039117963755,-0.5347166268840406,-0.37766481550409015,-2.2141094699018407,-0.6093623409997841,-0.39704243537812767,-2.5490049437429367,-0.6487789790631016,0.07559675395228035,-0.9971384712224669,-0.4273009375968824,0.21165110516367064,-1.7845273623890607,-0.5941686388505385,0.2988316186010662,-2.2762608679610805,-0.6705752957766133,0.3504819270411669,-2.6453378440482362,-0.7135006287293856,0.3224475432087491,-0.8825656020950413,-0.44904191661821036,0.5712432721117652,-1.5802423101156828,-0.5964981299041874,0.7053720142376573,-2.018893144363301,-0.6653906650112772,0.7970853857938658,-2.355360414643807,-0.6938912797935903,0.5167952610778488,-0.7686334935322299,-0.4488019879127289,0.8017779587121671,-1.2430656716235609,-0.551652456236039,0.9571082066812541,-1.478436801219581,-0.5713493868736369,1.0777217176893292,-1.6860508296211838,-0.5677571110747276,0.0,0.0,0.0,0.0,0.0,0.0,0.0,0.0,0.0,0.0,0.0,0.0,0.0,0.0,0.0,0.0,0.0,0.0,0.0,0.0,0.0,0.0,0.0,0.0,0.0,0.0,0.0,0.0,0.0,0.0,0.0,0.0,0.0,0.0,0.0,0.0,0.0,0.0,0.0,0.0,0.0,0.0,0.0,0.0,0.0,0.0,0.0,0.0,0.0,0.0,0.0,0.0,0.0,0.0,0.0,0.0,0.0,0.0,0.0,0.0,0.0,0.0,0.0
quatro,0.0,0.0,0.0,-0.23751135810998894,-0.47521259763619783,0.028373869435980224,-0.2117260551667413,-0.9747503163710108,-0.012258269834703451,-0.021341827959731365,-1.3580309518904148,-0.032919839032440314,0.17120729723615508,-1.5560335463133297,-0.05835265702967553,-0.1986161175185796,-1.091551434828287,-0.3637554294141574,-0.3325911980800546,-1.7487349201776492,-0.5134839920033518,-0.3733840036138202,-2.1809702952311496,-0.5807174724407886,-0.3914922260085159,-2.50909069164361,-0.6168285143058804,0.07715759517957886,-0.9970189093021777,-0.4158500439869028,0.21122527416195722,-1.7680775279302552,-0.5746886593995642,0.2964728170483821,-2.2451178903500506,-0.6486197539519675,0.35119333077039494,-2.6022055087997678,-0.6909377398003503,0.32357604692657754,-0.8832187292140756,-0.43613799885611715,0.5720727320358063,-1.5713661583681322,-0.5732504560165542,0.706844502552507,-1.9969500623646372,-0.6363793513911585,0.8011637237903296,-2.320435853157518,-0.6629925357476005,0.5183323874335408,-0.7640159856075698,-0.4352397317123627,0.786358907119428,-1.2281720507134453,-0.5276214129728354,0.936628499015241,-1.4575378708335502,-0.5416893070504013,1.054814377669095,-1.6587614224705847,-0.5353197302587277,0.0,0.0,0.0,0.0,0.0,0.0,0.0,0.0,0.0,0.0,0.0,0.0,0.0,0.0,0.0,0.0,0.0,0.0,0.0,0.0,0.0,0.0,0.0,0.0,0.0,0.0,0.0,0.0,0.0,0.0,0.0,0.0,0.0,0.0,0.0,0.0,0.0,0.0,0.0,0.0,0.0,0.0,0.0,0.0,0.0,0.0,0.0,0.0,0.0,0.0,0.0,0.0,0.0,0.0,0.0,0.0,0.0,0.0,0.0,0.0,0.0,0.0,0.0
quatro,0.0,0.0,0.0,-0.22470591502734774,-0.4691039419414547,0.05787941962340964,-0.1920625160456546,-0.9606922611463613,0.0363929666517604,-0.00638984512528536,-1.3428930880540821,0.03208886905182731,0.17396851427170118,-1.5353584902850341,0.023130636422319554,-0.18274819658707656,-1.0949130533470095,-0.3476663259289588,-0.3216674447326724,-1.7270533860449,-0.4966455917415775,-0.3639388922789635,-2.153038735520694,-0.5633322627159852,-0.38462440333500314,-2.4754380621678482,-0.5991904308704342,0.07991359695056738,-0.9968017942512053,-0.40701574331108226,0.20925090173352054,-1.758895745309179,-0.5730758032848188,0.2960756989904233,-2.233815812677417,-0.6496866953132057,0.3486154772768098,-2.5856485781198044,-0.6920961531328992,0.3162723727727522,-0.8821412103131795,-0.43086877334118523,0.5577882138997308,-1.5502785611031955,-0.5708058854196818,0.6898489315889069,-1.966197099264659,-0.630372470516313,0.7783545840561643,-2.2846632857860754,-0.652116225723522,0.5060513073255382,-0.7633238302200642,-0.4304555058521362,0.7693414750726116,-1.2211255857007586,-0.5235470610850648,0.9176405364901591,-1.4419029405893184,-0.537278968788931,1.0313628337685266,-1.6371137396638498,-0.5295379511805173,0.0,0.0,0.0,0.0,0.0,0.0,0.0,0.0,0.0,0.0,0.0,0.0,0.0,0.0,0.0,0.0,0.0,0.0,0.0,0.0,0.0,0.0,0.0,0.0,0.0,0.0,0.0,0.0,0.0,0.0,0.0,0.0,0.0,0.0,0.0,0.0,0.0,0.0,0.0,0.0,0.0,0.0,0.0,0.0,0.0,0.0,0.0,0.0,0.0,0.0,0.0,0.0,0.0,0.0,0.0,0.0,0.0,0.0,0.0,0.0,0.0,0.0,0.0
quatro,0.0,0.0,0.0,-0.2101927984851524,-0.4699587387850009,0.0785255060619211,-0.17047602369967413,-0.939007586497814,0.06739277890105684,0.01093505675300233,-1.3038105148117727,0.06952591657720938,0.19092469039459084,-1.4856654841203074,0.06945951199849444,-0.16398840600463707,-1.0821506121206812,-0.31942817826570835,-0.2946180706264718,-1.6950539459739213,-0.4595435531396629,-0.3371286473738799,-2.109492523201508,-0.5189202110520507,-0.3592386171297954,-2.4207099141544752,-0.5501080101261949,0.08882022882376633,-0.9960476730316145,-0.38200228067982667,0.21340645945122855,-1.7224459130119847,-0.5554577480025863,0.2941037138619119,-2.179837481618806,-0.6358413243949859,0.34062830780205006,-2.514944230733604,-0.678877904276802,0.31622400318604726,-0.8919774811373045,-0.40608284569853126,0.5521129688059293,-1.5267857201836905,-0.5436799510820269,0.6823599248692093,-1.92150773037036,-0.5943642155491987,0.7691522111153645,-2.224109018971737,-0.6080641057619136,0.4999661266771932,-0.7804052579919425,-0.4043932006805286,0.7604106522987009,-1.2254425343707211,-0.4860723251517335,0.9109563464729029,-1.4353045169832246,-0.49057571101169084,1.0235767429045992,-1.6208064217006677,-0.4760454641132828,0.0,0.0,0.0,0.0,0.0,0.0,0.0,0.0,0.0,0.0,0.0,0.0,0.0,0.0,0.0,0.0,0.0,0.0,0.0,0.0,0.0,0.0,0.0,0.0,0.0,0.0,0.0,0.0,0.0,0.0,0.0,0.0,0.0,0.0,0.0,0.0,0.0,0.0,0.0,0.0,0.0,0.0,0.0,0.0,0.0,0.0,0.0,0.0,0.0,0.0,0.0,0.0,0.0,0.0,0.0,0.0,0.0,0.0,0.0,0.0,0.0,0.0,0.0
quatro,0.0,0.0,0.0,-0.21479003075008496,-0.4799830216898923,0.0748063604837854,-0.17357760143886408,-0.9640046100495683,0.057536494252616546,0.017445616734348027,-1.322781366268121,0.05385949626772858,0.20418453850472662,-1.5099748731157392,0.04557732378464016,-0.17437062473288636,-1.0977198028187483,-0.3349516176273208,-0.305456539216238,-1.7231916961338198,-0.47720472430779254,-0.34912626585795714,-2.1427574499225788,-0.5366061550469955,-0.37175639180819486,-2.455251772295217,-0.5678906030247738,0.07893776560629477,-0.996879545963847,-0.3990078801262404,0.21169930009192542,-1.7439716832130452,-0.5710098105642087,0.2948098432003318,-2.206437429437202,-0.6499526146750542,0.3450112632080267,-2.547650929170712,-0.6932974137566379,0.3083829026592773,-0.8842645652297804,-0.4246737610516512,0.5460295308085894,-1.5581543225861152,-0.561062981491521,0.6739223023635068,-1.963217244876175,-0.6140461785227784,0.7613756631720465,-2.270772041320855,-0.6326280713389464,0.4937059673286568,-0.7682687852644583,-0.4248986276436356,0.7504844317352803,-1.2196205608284525,-0.5077491092727147,0.8977395418001392,-1.4354951763358927,-0.5160217365888488,1.0112765315447256,-1.6262241458433448,-0.5065128095449997,0.0,0.0,0.0,0.0,0.0,0.0,0.0,0.0,0.0,0.0,0.0,0.0,0.0,0.0,0.0,0.0,0.0,0.0,0.0,0.0,0.0,0.0,0.0,0.0,0.0,0.0,0.0,0.0,0.0,0.0,0.0,0.0,0.0,0.0,0.0,0.0,0.0,0.0,0.0,0.0,0.0,0.0,0.0,0.0,0.0,0.0,0.0,0.0,0.0,0.0,0.0,0.0,0.0,0.0,0.0,0.0,0.0,0.0,0.0,0.0,0.0,0.0,0.0
quatro,0.0,0.0,0.0,-0.22805363353242855,-0.47897892877778275,0.06908309720331954,-0.20194893507886355,-0.956008874392165,0.0557897166149842,-0.01989549556432895,-1.3183613691911993,0.05682774755514372,0.16867311623928738,-1.5022753242001967,0.05486811290685682,-0.18552747954957294,-1.087952639490585,-0.32195335521955415,-0.3194320534388824,-1.7063871515776758,-0.4625681868286445,-0.3643665937593687,-2.12497394799179,-0.5219252399811664,-0.3873873481935499,-2.4376106066775445,-0.5520135282922133,0.07291996261928661,-0.9973377958603603,-0.38401043114965255,0.20298674615965123,-1.7393076028266288,-0.5525215063540413,0.28745061688916224,-2.19798477334381,-0.6293199754067923,0.33757720644333106,-2.5346121873008296,-0.6691114904556554,0.30718339780690007,-0.8905451944420139,-0.4098010768630629,0.5403853706587475,-1.536255291795582,-0.5472134836406471,0.6690194569750794,-1.9424846068665167,-0.603369047533458,0.7558248019474406,-2.2512653625333745,-0.6211781431491328,0.49466165681771995,-0.7769922260785449,-0.41097308636212926,0.7566268489358815,-1.2213597885679144,-0.49295963782415203,0.9039588989189076,-1.4368077522713782,-0.4994734628898489,1.014486003560028,-1.622562164115553,-0.4868098998782079,0.0,0.0,0.0,0.0,0.0,0.0,0.0,0.0,0.0,0.0,0.0,0.0,0.0,0.0,0.0,0.0,0.0,0.0,0.0,0.0,0.0,0.0,0.0,0.0,0.0,0.0,0.0,0.0,0.0,0.0,0.0,0.0,0.0,0.0,0.0,0.0,0.0,0.0,0.0,0.0,0.0,0.0,0.0,0.0,0.0,0.0,0.0,0.0,0.0,0.0,0.0,0.0,0.0,0.0,0.0,0.0,0.0,0.0,0.0,0.0,0.0,0.0,0.0
quatro,0.0,0.0,0.0,-0.2308419888295487,-0.4685421563283652,0.05526685397222597,-0.20558278692257312,-0.9501076266547632,0.03709900984417186,-0.02109868390346608,-1.3198534742865997,0.03463693913130142,0.16963334632913152,-1.505091435048808,0.029353716130069495,-0.18681025391849676,-1.0842313830943953,-0.32103590395016446,-0.3231252857507655,-1.7123065768767705,-0.46003388207231527,-0.3696740444881745,-2.1323941052813438,-0.520016564923321,-0.39425149285710986,-2.448867439421158,-0.5502633004968649,0.07404710479946268,-0.9972547449226888,-0.3794692119438808,0.20256389374407957,-1.7471270372239542,-0.5371956175751542,0.28665094460816376,-2.2096699430544047,-0.6100250795463529,0.33832482207148495,-2.5534337403602616,-0.6484387453233015,0.3091205115919859,-0.8930691361226236,-0.40455146501359285,0.5449977523198447,-1.5464714211574495,-0.5394682548108712,0.6779020595628187,-1.9565823769218913,-0.6012636283452687,0.7690735367375208,-2.269535701184573,-0.6236348611496417,0.49708413173005966,-0.7823291196048836,-0.4063504950360048,0.7634960732596079,-1.2343734123293328,-0.4898918344817228,0.9146421422602175,-1.452871432207697,-0.49928860050005114,1.029049086617803,-1.6428070045092344,-0.4889130086082172,0.0,0.0,0.0,0.0,0.0,0.0,0.0,0.0,0.0,0.0,0.0,0.0,0.0,0.0,0.0,0.0,0.0,0.0,0.0,0.0,0.0,0.0,0.0,0.0,0.0,0.0,0.0,0.0,0.0,0.0,0.0,0.0,0.0,0.0,0.0,0.0,0.0,0.0,0.0,0.0,0.0,0.0,0.0,0.0,0.0,0.0,0.0,0.0,0.0,0.0,0.0,0.0,0.0,0.0,0.0,0.0,0.0,0.0,0.0,0.0,0.0,0.0,0.0
quatro,0.0,0.0,0.0,-0.22639533666348524,-0.46418238156388913,0.04231936534407015,-0.1928001164292531,-0.965473557488882,0.019429162604152023,-0.0013112251270571715,-1.3378570005115753,0.01201841454087585,0.1862049011585404,-1.525461490340858,0.0010859989164802605,-0.1815348129904197,-1.0883797583190586,-0.31552202189843037,-0.32058817839495873,-1.718753297471668,-0.4518213277878155,-0.36788244373731943,-2.140992350453847,-0.5132360125267085,-0.3955978938672526,-2.4593766821618104,-0.5465887197641403,0.07900314857199144,-0.9968743664653595,-0.37209767935517407,0.1984997147656652,-1.7428400013305025,-0.5270919029248783,0.27637136067233203,-2.214959376110656,-0.6048940187041623,0.32421602605374866,-2.5683560396636125,-0.6487830675872043,0.3089289832274948,-0.8906727693783523,-0.3977970553284427,0.5351594245323404,-1.5559511064363516,-0.5330626200832498,0.660633110497085,-1.9754871335940731,-0.5993024784978669,0.743753101592497,-2.295987697288937,-0.6265660764052607,0.4906219519842392,-0.7844918403744443,-0.40200491979029496,0.73926423357329,-1.2452936424331438,-0.4894308364157421,0.8853947699834211,-1.4660725023987682,-0.5026682943346542,0.9977922989386586,-1.6524574255564775,-0.4961363937895227,0.0,0.0,0.0,0.0,0.0,0.0,0.0,0.0,0.0,0.0,0.0,0.0,0.0,0.0,0.0,0.0,0.0,0.0,0.0,0.0,0.0,0.0,0.0,0.0,0.0,0.0,0.0,0.0,0.0,0.0,0.0,0.0,0.0,0.0,0.0,0.0,0.0,0.0,0.0,0.0,0.0,0.0,0.0,0.0,0.0,0.0,0.0,0.0,0.0,0.0,0.0,0.0,0.0,0.0,0.0,0.0,0.0,0.0,0.0,0.0,0.0,0.0,0.0
quatro,0.0,0.0,0.0,-0.23269027552326108,-0.46168279713504845,0.058631967289161334,-0.20495150554302985,-0.9323269801382036,0.042061254251505774,-0.024334359587032475,-1.2958184654497606,0.040160344842676936,0.15625973267181079,-1.4787380255189688,0.03368954334904728,-0.1765933891219471,-1.066054088323641,-0.3044993040043629,-0.3107976792824522,-1.6915783288919999,-0.43967397378442097,-0.3551968832995998,-2.1077847527883864,-0.5031711339172286,-0.3775028130972914,-2.4220762494305643,-0.5368793706042997,0.08185998409146081,-0.9966438395959439,-0.36101280100817407,0.20583493504038378,-1.745259749395982,-0.4996012098008722,0.2899216698287547,-2.191402876848067,-0.5620251168850795,0.33947145401841416,-2.516606604589963,-0.5959421299224996,0.3094552447635558,-0.8989514334236849,-0.38536969706197577,0.5309573837218001,-1.552965462491103,-0.49894890839549916,0.6593472654558432,-1.9474888497532885,-0.548268488118865,0.7456860213399278,-2.235423616003602,-0.5667226771305023,0.48541583945464484,-0.7827454306355838,-0.38820072062852123,0.7320057210005088,-1.2140044409724982,-0.457314596345689,0.8693762000169536,-1.4196963248664385,-0.4592716852869456,0.9723880990274113,-1.5902295472390564,-0.4452957877825748,0.0,0.0,0.0,0.0,0.0,0.0,0.0,0.0,0.0,0.0,0.0,0.0,0.0,0.0,0.0,0.0,0.0,0.0,0.0,0.0,0.0,0.0,0.0,0.0,0.0,0.0,0.0,0.0,0.0,0.0,0.0,0.0,0.0,0.0,0.0,0.0,0.0,0.0,0.0,0.0,0.0,0.0,0.0,0.0,0.0,0.0,0.0,0.0,0.0,0.0,0.0,0.0,0.0,0.0,0.0,0.0,0.0,0.0,0.0,0.0,0.0,0.0,0.0
quatro,0.0,0.0,0.0,-0.22183561846790717,-0.4677896597159326,0.07301956002129745,-0.1950215952300185,-0.936973716417336,0.06142448574064825,-0.0186904118875883,-1.2976968837774756,0.059776549996260205,0.15891685065713312,-1.4866576870819597,0.05370312746478234,-0.17621856234140382,-1.068444931374274,-0.28291522457325047,-0.29934267680203597,-1.6773520650170293,-0.4091091742577096,-0.3476461308920624,-2.0863041900851935,-0.464234488458222,-0.3734703747486868,-2.3972221439369505,-0.49331926366946444,0.07746951800045332,-0.9969947210395737,-0.3482993113786067,0.20552982116106572,-1.719520522942194,-0.4973106994778903,0.28418149449395297,-2.1675122578914436,-0.5692476925440051,0.330297676379869,-2.497524803020984,-0.608228873890187,0.303533171325311,-0.8989402459072879,-0.379211512054623,0.5372179506002994,-1.5388311551813159,-0.5014241048529271,0.6668577231306891,-1.931878156620739,-0.5524733349050723,0.7521246751853444,-2.2254786230838017,-0.5696829486112014,0.4810881403312938,-0.7878456903552514,-0.3866394221433949,0.7248890900681274,-1.2210141059994972,-0.4519478805138855,0.864146199443624,-1.4278817945385145,-0.44815543038464023,0.9675276041030568,-1.6022997355055313,-0.4309411058778845,0.0,0.0,0.0,0.0,0.0,0.0,0.0,0.0,0.0,0.0,0.0,0.0,0.0,0.0,0.0,0.0,0.0,0.0,0.0,0.0,0.0,0.0,0.0,0.0,0.0,0.0,0.0,0.0,0.0,0.0,0.0,0.0,0.0,0.0,0.0,0.0,0.0,0.0,0.0,0.0,0.0,0.0,0.0,0.0,0.0,0.0,0.0,0.0,0.0,0.0,0.0,0.0,0.0,0.0,0.0,0.0,0.0,0.0,0.0,0.0,0.0,0.0,0.0
quatro,0.0,0.0,0.0,-0.22444127412585524,-0.4643061372418958,0.06801759698780047,-0.1991363956488772,-0.9380504548519966,0.05530352395354613,-0.02023214891383766,-1.2991453531343007,0.05387967408393019,0.15819828830178811,-1.4881332196168144,0.04819884815883468,-0.18057069373034884,-1.0712691427331766,-0.2889260040592481,-0.3059565398217512,-1.6800208120535312,-0.4155481260534344,-0.35165145498824324,-2.089849672799326,-0.4707454000450961,-0.37621031372515085,-2.400588019338296,-0.5004170450586026,0.07460650597097913,-0.9972130510912913,-0.3524540145555113,0.20155427150249772,-1.7256256727109338,-0.5018017427801414,0.2827354875989304,-2.1735452517234037,-0.5729577795349579,0.33095412190570006,-2.5025406880564085,-0.6112539711985895,0.3006931753887202,-0.8965648570235114,-0.3821034748746115,0.5300701968130782,-1.5357849198549982,-0.504494021740192,0.657653314449309,-1.932651925179694,-0.556154317171935,0.7415252013895585,-2.2284124233099942,-0.5740344864496393,0.47828315258363946,-0.7830587503202859,-0.3888310291384628,0.7177882362404769,-1.2194529602855413,-0.4573122934713187,0.8541333944648174,-1.4290960564437514,-0.4565854249336682,0.9559517123812205,-1.603556054678273,-0.4412855877972885,0.0,0.0,0.0,0.0,0.0,0.0,0.0,0.0,0.0,0.0,0.0,0.0,0.0,0.0,0.0,0.0,0.0,0.0,0.0,0.0,0.0,0.0,0.0,0.0,0.0,0.0,0.0,0.0,0.0,0.0,0.0,0.0,0.0,0.0,0.0,0.0,0.0,0.0,0.0,0.0,0.0,0.0,0.0,0.0,0.0,0.0,0.0,0.0,0.0,0.0,0.0,0.0,0.0,0.0,0.0,0.0,0.0,0.0,0.0,0.0,0.0,0.0,0.0
quatro,0.0,0.0,0.0,-0.2280847074438585,-0.4810708481160914,0.04951596964827636,-0.19604154148057665,-0.9732413962051342,0.0248947139331588,-0.00977109997754437,-1.3430480502092141,0.017603819764968505,0.1736501707958971,-1.5432458484526843,0.008352596266029728,-0.18922642980670745,-1.0865525761100916,-0.34157638031324455,-0.3153421783459175,-1.7155597464415149,-0.48507052069589796,-0.35342068769225277,-2.139019212988004,-0.5480672757549794,-0.370608237151575,-2.458372316017145,-0.5810879353565986,0.06926623203321759,-0.9975982102529658,-0.3979394255152909,0.19954440567410622,-1.758324087002542,-0.5619360708887801,0.2862742579391035,-2.2209317431090843,-0.637781400413691,0.33900497905677573,-2.5565281884215567,-0.6797674771567769,0.3050082550660498,-0.8952037864194292,-0.4195114978843791,0.5445996223953923,-1.5654843646933219,-0.549723437106971,0.6788474981627454,-1.9719848112101142,-0.6025478868847202,0.7672264031454026,-2.2721160165591323,-0.6217169775669509,0.4931437915915099,-0.7895458600266845,-0.4193465324336981,0.7522340300571575,-1.2506027054942668,-0.4943276175158942,0.8995138003100892,-1.473645021652194,-0.49775894402424475,1.0089193686330329,-1.6612315760257754,-0.48556643256713117,0.0,0.0,0.0,0.0,0.0,0.0,0.0,0.0,0.0,0.0,0.0,0.0,0.0,0.0,0.0,0.0,0.0,0.0,0.0,0.0,0.0,0.0,0.0,0.0,0.0,0.0,0.0,0.0,0.0,0.0,0.0,0.0,0.0,0.0,0.0,0.0,0.0,0.0,0.0,0.0,0.0,0.0,0.0,0.0,0.0,0.0,0.0,0.0,0.0,0.0,0.0,0.0,0.0,0.0,0.0,0.0,0.0,0.0,0.0,0.0,0.0,0.0,0.0
quatro,0.0,0.0,0.0,-0.2302853476813325,-0.47293575476071814,0.045593587503558686,-0.20104510487860294,-0.9737646630720195,0.01839891264652038,-0.015319764174697409,-1.3555747916076797,0.010091750038779778,0.16784917196509874,-1.5651963242627043,-1.7848711931992606e-05,-0.1926770070800137,-1.096213224944475,-0.35473559002228555,-0.3234448085916541,-1.7312257573901153,-0.5014934380662891,-0.3599168176532877,-2.1560444187419954,-0.5656049782765051,-0.3778547418917142,-2.4775012161395042,-0.5993128217965005,0.06448305947512709,-0.9979188018274469,-0.41152720685988975,0.1940110472585304,-1.7693870145531396,-0.5792097376027346,0.28265962549515733,-2.2383874114805993,-0.6563087856098119,0.3365529065195294,-2.5806998149400897,-0.6992766538709995,0.300147508426773,-0.8879676108903134,-0.4335545742137954,0.5427143103948799,-1.5659759305453724,-0.5701351690271693,0.6806710893425921,-1.9802645964117314,-0.6271461923818498,0.7723188302462529,-2.2869223787124167,-0.6485775129510355,0.4909419590355792,-0.7795492309044283,-0.43343356681589196,0.7520414802261646,-1.257329833583713,-0.5161342710787057,0.9020988472308068,-1.4890255433509547,-0.5238990009553349,1.0149357042410785,-1.6828455582408828,-0.5144323153038675,0.0,0.0,0.0,0.0,0.0,0.0,0.0,0.0,0.0,0.0,0.0,0.0,0.0,0.0,0.0,0.0,0.0,0.0,0.0,0.0,0.0,0.0,0.0,0.0,0.0,0.0,0.0,0.0,0.0,0.0,0.0,0.0,0.0,0.0,0.0,0.0,0.0,0.0,0.0,0.0,0.0,0.0,0.0,0.0,0.0,0.0,0.0,0.0,0.0,0.0,0.0,0.0,0.0,0.0,0.0,0.0,0.0,0.0,0.0,0.0,0.0,0.0,0.0
quatro,0.0,0.0,0.0,-0.230423853798769,-0.47962221304911046,0.053911940173335275,-0.20041526840908383,-0.9780815770965972,0.02404406255479137,-0.015195954616556527,-1.3598669553726324,0.014266872898519902,0.1670040566932467,-1.56951940088931,0.0020144223971237303,-0.19337555111316,-1.1016313677866558,-0.38626033265199766,-0.32681953689076154,-1.7286813603097313,-0.5457685531681928,-0.3613448357945384,-2.158992556938694,-0.6192224714885546,-0.3775323234467924,-2.4859811759849064,-0.6604662391955135,0.06323596587715885,-0.997998603515848,-0.4450196888086801,0.19653094040265437,-1.7683299093445906,-0.6322134777177615,0.2871995736879388,-2.242229634155935,-0.7195642538330664,0.3406743902383637,-2.583638589046262,-0.7704143436142522,0.2984807898384524,-0.8869575471786009,-0.4645277705722787,0.543653868602056,-1.5639947326913295,-0.6089189136015398,0.679894856402607,-1.9813766183110264,-0.6632830080172119,0.7686626839097511,-2.2888760861047497,-0.6834002873130174,0.4921820369740727,-0.7810707596412422,-0.46019340577664425,0.7584557172450836,-1.2638158227880605,-0.5470421432168053,0.9092763916981241,-1.4944417540909611,-0.5549500411216194,1.0197290056418504,-1.688326984507243,-0.5459994065697337,0.0,0.0,0.0,0.0,0.0,0.0,0.0,0.0,0.0,0.0,0.0,0.0,0.0,0.0,0.0,0.0,0.0,0.0,0.0,0.0,0.0,0.0,0.0,0.0,0.0,0.0,0.0,0.0,0.0,0.0,0.0,0.0,0.0,0.0,0.0,0.0,0.0,0.0,0.0,0.0,0.0,0.0,0.0,0.0,0.0,0.0,0.0,0.0,0.0,0.0,0.0,0.0,0.0,0.0,0.0,0.0,0.0,0.0,0.0,0.0,0.0,0.0,0.0
quatro,0.0,0.0,0.0,-0.22059243926242972,-0.48797747286552823,0.045711169246416536,-0.19207645342835156,-0.9818790741288496,0.019757582833336635,-0.006305002252163077,-1.3445575873117486,0.007181971972782213,0.17857433806657216,-1.5380009479076044,-0.00815840077198743,-0.19015211038751798,-1.0997298001101303,-0.3196840242845477,-0.31001103874506203,-1.7293545338645517,-0.4688163216876793,-0.3470267018752584,-2.1484809003264593,-0.5409487676509054,-0.36753351128972267,-2.4681348478168252,-0.5798721544263684,0.059786064715187194,-0.9982112133541036,-0.3813951753392234,0.1910596208683865,-1.7566826140943883,-0.5384373330263044,0.28415232654347317,-2.2239660425201655,-0.6151643938598449,0.3411336776673337,-2.5693108310697417,-0.6587411732761828,0.29391355318749235,-0.8815826990688312,-0.4132423208017281,0.5345648405416726,-1.5488252059818346,-0.5467150117908123,0.6792571101357785,-1.9461813840231492,-0.60548195687325,0.7756113340730053,-2.2441403115517713,-0.6277780195627465,0.49174977071619486,-0.7606611966956331,-0.42501937339795876,0.7645461709988135,-1.228814627608614,-0.509526407840232,0.915760409816567,-1.4485904294154772,-0.5176357580478046,1.0276711503620823,-1.6352010838320388,-0.5073388227219086,0.0,0.0,0.0,0.0,0.0,0.0,0.0,0.0,0.0,0.0,0.0,0.0,0.0,0.0,0.0,0.0,0.0,0.0,0.0,0.0,0.0,0.0,0.0,0.0,0.0,0.0,0.0,0.0,0.0,0.0,0.0,0.0,0.0,0.0,0.0,0.0,0.0,0.0,0.0,0.0,0.0,0.0,0.0,0.0,0.0,0.0,0.0,0.0,0.0,0.0,0.0,0.0,0.0,0.0,0.0,0.0,0.0,0.0,0.0,0.0,0.0,0.0,0.0
quatro,0.0,0.0,0.0,-0.22031079187491637,-0.48399027306003345,0.04565399638089781,-0.19271018867781423,-0.9703274339393613,0.017944794301461786,-0.005825164435935265,-1.3249318898007587,0.003831968751832097,0.17817399852575558,-1.5131693578707057,-0.01375076888792829,-0.19208133569893485,-1.0910149785967231,-0.318532885721874,-0.31305354943775465,-1.7195199779909243,-0.4627024033499269,-0.34961204337842056,-2.135963971402615,-0.5297845205719827,-0.36831366335388205,-2.4560606134744147,-0.566236965790836,0.06421269083683717,-0.9979362356060094,-0.3811056549142482,0.19142879825247816,-1.750627096977548,-0.5390367591457739,0.2810773926792562,-2.215127482397624,-0.6152674194842152,0.33490520360099724,-2.562072138526906,-0.6578486382033482,0.30009146543852594,-0.8848082871640898,-0.41316334089767626,0.540950962112913,-1.540219752667166,-0.5483590642694813,0.681154052583441,-1.938407576282061,-0.6071488091045446,0.7715648010309758,-2.2377783355180902,-0.628931763129462,0.4966859067990176,-0.7612898413371999,-0.4246862518886862,0.7590153733322285,-1.2162724109084233,-0.507985435299116,0.9013207639472621,-1.4352383501307773,-0.5137743898278898,1.0035095248386707,-1.622273679647666,-0.5022032748724197,0.0,0.0,0.0,0.0,0.0,0.0,0.0,0.0,0.0,0.0,0.0,0.0,0.0,0.0,0.0,0.0,0.0,0.0,0.0,0.0,0.0,0.0,0.0,0.0,0.0,0.0,0.0,0.0,0.0,0.0,0.0,0.0,0.0,0.0,0.0,0.0,0.0,0.0,0.0,0.0,0.0,0.0,0.0,0.0,0.0,0.0,0.0,0.0,0.0,0.0,0.0,0.0,0.0,0.0,0.0,0.0,0.0,0.0,0.0,0.0,0.0,0.0,0.0
quatro,0.0,0.0,0.0,-0.21362125481015806,-0.4910547719879794,0.030492003757110663,-0.18221855120000718,-0.9892977054864539,0.006329611364356461,0.02182260501697871,-1.3390796776903577,-0.0038097551151733983,0.21367219964282125,-1.5189729832249925,-0.01602606909269807,-0.2050087992810249,-1.102580487935689,-0.29604024477106994,-0.31915532821132225,-1.7471788173569365,-0.43330586681776884,-0.35153895141766067,-2.165282595888881,-0.4945084801322603,-0.36348273586812396,-2.485778545090649,-0.5258589652889314,0.0584463820837024,-0.9982905490994722,-0.3564085399642762,0.17237971460821835,-1.76351466389609,-0.49954642235323704,0.2551490123446964,-2.234414888191108,-0.5701702404153898,0.3081805762294251,-2.5886997660893147,-0.60863802745167,0.30457275580718657,-0.8748073761248204,-0.3923161175918099,0.5391238460364711,-1.5443212794188255,-0.5337193670231594,0.68049405851573,-1.9512494598255548,-0.6102981342942263,0.7753331133798022,-2.2596852233531384,-0.6425054960984642,0.5073321091587105,-0.7447124901401716,-0.40917808531192124,0.7840338732855515,-1.193471318268364,-0.5136058839528902,0.9404931733082427,-1.4266729879451974,-0.540608382020039,1.0627110618934779,-1.63144713223941,-0.5418373103243278,0.0,0.0,0.0,0.0,0.0,0.0,0.0,0.0,0.0,0.0,0.0,0.0,0.0,0.0,0.0,0.0,0.0,0.0,0.0,0.0,0.0,0.0,0.0,0.0,0.0,0.0,0.0,0.0,0.0,0.0,0.0,0.0,0.0,0.0,0.0,0.0,0.0,0.0,0.0,0.0,0.0,0.0,0.0,0.0,0.0,0.0,0.0,0.0,0.0,0.0,0.0,0.0,0.0,0.0,0.0,0.0,0.0,0.0,0.0,0.0,0.0,0.0,0.0
quatro,0.0,0.0,0.0,-0.20322684736124041,-0.48380881937626186,0.04010288658719515,-0.1762184830479863,-0.9767421213214822,0.013090471771273975,0.017988125681845397,-1.3255864219045461,-0.006925204953755532,0.20313148176198426,-1.5067593238699077,-0.030559884428255836,-0.21919836565207357,-1.1106997140923573,-0.2773368682444125,-0.32490156525263986,-1.7556059818043714,-0.40536386497567095,-0.357401794099623,-2.1586647836531716,-0.4520008193139943,-0.3712813921987473,-2.461923103193407,-0.4715635106384539,0.01414962204308548,-0.9998998890869214,-0.3485219496055488,0.1331357341795328,-1.7850904840527262,-0.48392747689225707,0.2226093313795615,-2.245965637168061,-0.5371006868434827,0.2835882079761638,-2.581700918185958,-0.5597257543113113,0.2555165861148627,-0.8531504477326752,-0.39711902673436184,0.5062872411874494,-1.5451440541079107,-0.5367576844894968,0.6495603538753917,-1.9375690558778556,-0.5993246355796513,0.7477122206077308,-2.2383509313333936,-0.6190763360111439,0.4739132990489515,-0.6886807615933705,-0.4268974325951913,0.7615232411972775,-1.1644259067519505,-0.5306159409001625,0.9319974393693624,-1.398041316119502,-0.5496704621634173,1.0672965796713467,-1.595486681428887,-0.5425595254895079,0.0,0.0,0.0,0.0,0.0,0.0,0.0,0.0,0.0,0.0,0.0,0.0,0.0,0.0,0.0,0.0,0.0,0.0,0.0,0.0,0.0,0.0,0.0,0.0,0.0,0.0,0.0,0.0,0.0,0.0,0.0,0.0,0.0,0.0,0.0,0.0,0.0,0.0,0.0,0.0,0.0,0.0,0.0,0.0,0.0,0.0,0.0,0.0,0.0,0.0,0.0,0.0,0.0,0.0,0.0,0.0,0.0,0.0,0.0,0.0,0.0,0.0,0.0
quatro,0.0,0.0,0.0,-0.1899336428244655,-0.4952380298745988,0.0358678969635102,-0.16032352422015864,-0.9855028756856054,0.004590378482129028,0.03089127175909925,-1.3296536017583163,-0.019203308446913474,0.2202532948230592,-1.5124444548349707,-0.048274086404801804,-0.21311081223256176,-1.116938561724256,-0.2884804546970096,-0.31610895271136014,-1.7587778628364314,-0.42471925563420976,-0.3403914277122448,-2.1722475442724587,-0.48383344678032236,-0.3467611025018653,-2.4896453290714495,-0.5132584647085547,0.016859250625807905,-0.9998578727340882,-0.36096779534152945,0.14945107679263855,-1.7819342991258633,-0.4936704285092211,0.2452320954537483,-2.248144580662635,-0.551486304085647,0.3046799362316982,-2.5915484537274636,-0.5820971412174806,0.2535509905551196,-0.8486176045900554,-0.4116782775730684,0.5141621455407068,-1.5440291342293957,-0.5477427475375001,0.6666245926353317,-1.9503067271687882,-0.6153620863009843,0.7663628725454866,-2.258837341061732,-0.6437131670770739,0.4643032953556331,-0.6870405713733233,-0.4446127981765271,0.7627507025382082,-1.1660121642372543,-0.5510081753324515,0.9374590180662635,-1.4094030051749626,-0.5750215805266715,1.0717205513895198,-1.6126070725737869,-0.5744164806189896,0.0,0.0,0.0,0.0,0.0,0.0,0.0,0.0,0.0,0.0,0.0,0.0,0.0,0.0,0.0,0.0,0.0,0.0,0.0,0.0,0.0,0.0,0.0,0.0,0.0,0.0,0.0,0.0,0.0,0.0,0.0,0.0,0.0,0.0,0.0,0.0,0.0,0.0,0.0,0.0,0.0,0.0,0.0,0.0,0.0,0.0,0.0,0.0,0.0,0.0,0.0,0.0,0.0,0.0,0.0,0.0,0.0,0.0,0.0,0.0,0.0,0.0,0.0
quatro,0.0,0.0,0.0,-0.19777371704915425,-0.4875972549869074,0.03500838312599867,-0.1732381957176562,-0.9725201968649269,0.0066259114704764555,0.010949671757961866,-1.31267763073037,-0.014427109559404514,0.19244022388428048,-1.4927664081663519,-0.040600749581749626,-0.21479386164833014,-1.1011039314091127,-0.26974737082114947,-0.3189414990185857,-1.7254186342141145,-0.40054005818116245,-0.3443532241131248,-2.131977482926226,-0.45697843848646436,-0.34972530656289935,-2.4416048905445265,-0.4837340921766213,0.02113451902224333,-0.9997766411082519,-0.3390139076574873,0.14513838643608798,-1.768208551939497,-0.4633404495918405,0.24127655289676248,-2.224936194972135,-0.5190275873184418,0.3047718162640802,-2.5582153536324412,-0.5475777940870136,0.25776189540637234,-0.8603661151956707,-0.38770038161360465,0.5047071385897938,-1.5368725988331735,-0.5175335010054013,0.6524116368065186,-1.9307926244223725,-0.5865738932824309,0.7501442217209756,-2.227191927837746,-0.6153408810338277,0.4666258702749505,-0.7036267304047075,-0.418797556850892,0.7558642130569732,-1.1638561618789292,-0.5199198699501915,0.9253716572426343,-1.3943031994577737,-0.5433472734829212,1.0541530294577235,-1.5860041737077786,-0.5419157623436316,0.0,0.0,0.0,0.0,0.0,0.0,0.0,0.0,0.0,0.0,0.0,0.0,0.0,0.0,0.0,0.0,0.0,0.0,0.0,0.0,0.0,0.0,0.0,0.0,0.0,0.0,0.0,0.0,0.0,0.0,0.0,0.0,0.0,0.0,0.0,0.0,0.0,0.0,0.0,0.0,0.0,0.0,0.0,0.0,0.0,0.0,0.0,0.0,0.0,0.0,0.0,0.0,0.0,0.0,0.0,0.0,0.0,0.0,0.0,0.0,0.0,0.0,0.0
quatro,0.0,0.0,0.0,-0.18488223759096678,-0.49735048976452,0.0413387319705334,-0.1609435004732722,-0.9912021615176672,0.011220104747842,0.01898661304121022,-1.3385087182919067,-0.014333907731481748,0.1983847140854604,-1.5237141154576488,-0.04142965909875907,-0.2176773102988356,-1.1199017542022311,-0.26749675380193194,-0.30639099772430917,-1.7500939337409802,-0.40179781078334403,-0.3261237962559108,-2.1541151478918548,-0.4637762755422381,-0.3333190369104571,-2.463311827380606,-0.4964451472919897,-0.010361474870242622,-0.9999463184784039,-0.3409158617264893,0.11084388615150448,-1.7661935431115845,-0.46926995031252816,0.20428017227344797,-2.226341768864832,-0.5300379726989718,0.2639718194299396,-2.5631833363424783,-0.5656961845180675,0.21889470683428983,-0.8573730565986871,-0.393375217359972,0.46408010191538945,-1.534450127106935,-0.5223217398325052,0.6142892627785677,-1.9260567542631595,-0.5882356908381605,0.712925134777435,-2.2188580254478567,-0.6186084347672807,0.43684577554995063,-0.707674171696243,-0.429434110570934,0.7459210041919258,-1.173062568277715,-0.52717354155746,0.9264249311564443,-1.3926156025430263,-0.5516526133404569,1.061276108032522,-1.5810124665159102,-0.5540633898484235,0.0,0.0,0.0,0.0,0.0,0.0,0.0,0.0,0.0,0.0,0.0,0.0,0.0,0.0,0.0,0.0,0.0,0.0,0.0,0.0,0.0,0.0,0.0,0.0,0.0,0.0,0.0,0.0,0.0,0.0,0.0,0.0,0.0,0.0,0.0,0.0,0.0,0.0,0.0,0.0,0.0,0.0,0.0,0.0,0.0,0.0,0.0,0.0,0.0,0.0,0.0,0.0,0.0,0.0,0.0,0.0,0.0,0.0,0.0,0.0,0.0,0.0,0.0
quatro,0.0,0.0,0.0,-0.1868459188027757,-0.4952307221433134,0.03881299654029291,-0.15589815646502994,-0.9830339571347534,0.007791572109868875,0.029888507055695047,-1.3205390579837266,-0.017290217187399582,0.21192619912712943,-1.4973491150805411,-0.04578707677779226,-0.2127654691914548,-1.121822101823615,-0.2751707802242182,-0.3053970865793894,-1.7342446191713299,-0.4118324956371031,-0.3254332797327787,-2.133483922202796,-0.4775131645889236,-0.33353372510052526,-2.439661464929195,-0.5119930126063195,-0.00294991861377275,-0.9999956489806203,-0.3469196582510683,0.11904420681097957,-1.7458940081924559,-0.4762500260999295,0.21049999943035744,-2.2029546491901044,-0.5367080116344365,0.26650067623375706,-2.539235846027059,-0.5720210064162828,0.22383639536514635,-0.8566454190961266,-0.39800313626424305,0.47341408505594895,-1.5220167908281441,-0.5299266838119472,0.621914992887006,-1.9187754770436516,-0.6017928305910297,0.721017501913035,-2.217047008072403,-0.6356357420270011,0.43681580207074644,-0.7081507101612392,-0.43207669199549975,0.7550169354772883,-1.1695647905810072,-0.5353893476669477,0.9368674511229192,-1.3900362436741978,-0.5638569467665033,1.0737427071694021,-1.5757383905373912,-0.5682123894904337,0.0,0.0,0.0,0.0,0.0,0.0,0.0,0.0,0.0,0.0,0.0,0.0,0.0,0.0,0.0,0.0,0.0,0.0,0.0,0.0,0.0,0.0,0.0,0.0,0.0,0.0,0.0,0.0,0.0,0.0,0.0,0.0,0.0,0.0,0.0,0.0,0.0,0.0,0.0,0.0,0.0,0.0,0.0,0.0,0.0,0.0,0.0,0.0,0.0,0.0,0.0,0.0,0.0,0.0,0.0,0.0,0.0,0.0,0.0,0.0,0.0,0.0,0.0
cinco,0.0,0.0,0.0,0.23553816557201188,-0.06104853460823096,-0.15179479049808509,0.4197480071414025,-0.3118024530628049,-0.23364586642725757,0.37061422227929375,-0.5237883140498371,-0.3111248056560393,0.21397594334336562,-0.6423462785584101,-0.37788672232276727,0.29578440140688184,-0.9501617562228658,-0.12606699115243158,0.358621694502681,-1.2334977225535697,-0.2800382821954313,0.3862531911701466,-1.439704580525557,-0.3841319167727574,0.38953022069298515,-1.6104270850248095,-0.4437293666895427,0.06747782189221047,-0.9977207743415405,-0.1437786645302999,0.023220215551116564,-1.2826678764772212,-0.3208388185376782,-0.025244759977001888,-1.519659306160097,-0.4274097038181842,-0.08493183851736473,-1.7369896484156506,-0.47266248755115847,-0.1477410715881533,-0.902067690636999,-0.18031261277351565,-0.03896284307805222,-0.9285993977805059,-0.3972125196939555,0.10708849739235181,-0.6834016367054558,-0.4326674169511148,0.18642358684352692,-0.5164654648043553,-0.3953283094465515,-0.32185216464171856,-0.6972090760026564,-0.2296192358115239,-0.14107994856355233,-0.5943086054499916,-0.38613756154587464,-0.020296251974042327,-0.4245182113932025,-0.3990026062652317,0.039487402089293855,-0.32096745657160314,-0.36686778206442233,0.0,0.0,0.0,0.0,0.0,0.0,0.0,0.0,0.0,0.0,0.0,0.0,0.0,0.0,0.0,0.0,0.0,0.0,0.0,0.0,0.0,0.0,0.0,0.0,0.0,0.0,0.0,0.0,0.0,0.0,0.0,0.0,0.0,0.0,0.0,0.0,0.0,0.0,0.0,0.0,0.0,0.0,0.0,0.0,0.0,0.0,0.0,0.0,0.0,0.0,0.0,0.0,0.0,0.0,0.0,0.0,0.0,0.0,0.0,0.0,0.0,0.0,0.0
cinco,0.0,0.0,0.0,0.23977717312391736,-0.0962588039927563,-0.14034311302344912,0.42837050132535415,-0.33122287983588766,-0.21715774162872165,0.3894071770273762,-0.5418794334059556,-0.2910151376309395,0.25938548194861577,-0.6679142780432871,-0.35865683260019915,0.2937693671737058,-0.9615502571420079,-0.11702598738957695,0.3690851961861735,-1.200469112692151,-0.2611958014949008,0.42130839470569076,-1.3822101685076837,-0.36497921791295396,0.4602599379175562,-1.524933052524337,-0.42309498845355475,0.07532918091006191,-0.9971587208180146,-0.13190444376070798,0.022215855884266444,-1.3039581001331089,-0.29369939265119566,0.00697008324702905,-1.5111219543736891,-0.39663709071256686,-0.0016526245796710005,-1.6740374890862213,-0.44035895931758207,-0.1260619411353903,-0.905562347104761,-0.16385119042806148,-0.045801066677676514,-0.9281843886579952,-0.3719457013836709,0.0938428959339517,-0.7099827039376513,-0.427717690292667,0.18511018464179596,-0.532100084724921,-0.4068308390976088,-0.28960148070901476,-0.7140241400780681,-0.2050226011532955,-0.15636066930049042,-0.6530758691836288,-0.36000213445852974,-0.02264573462641611,-0.4809136217833043,-0.38002137411188025,0.06610144886100627,-0.3439503798660985,-0.3530950145717242,0.0,0.0,0.0,0.0,0.0,0.0,0.0,0.0,0.0,0.0,0.0,0.0,0.0,0.0,0.0,0.0,0.0,0.0,0.0,0.0,0.0,0.0,0.0,0.0,0.0,0.0,0.0,0.0,0.0,0.0,0.0,0.0,0.0,0.0,0.0,0.0,0.0,0.0,0.0,0.0,0.0,0.0,0.0,0.0,0.0,0.0,0.0,0.0,0.0,0.0,0.0,0.0,0.0,0.0,0.0,0.0,0.0,0.0,0.0,0.0,0.0,0.0,0.0
cinco,0.0,0.0,0.0,0.2100984669361239,-0.06774946945369775,-0.14684170874650443,0.3942810060655083,-0.3081043959302308,-0.2438078127066868,0.2641812558656927,-0.49492893705010726,-0.3399841511904755,0.05772534698883385,-0.5666638488982011,-0.41574331353207505,0.2972364754185503,-0.9693687233958356,-0.11471548389047438,0.3912595047274575,-1.331295916240306,-0.2973549958359719,0.47136145545713853,-1.4533840983041875,-0.40419826956140026,0.5119928041960513,-1.4003177573758692,-0.44584578024677884,0.05082608699085337,-0.9987075191872735,-0.13478963267014024,-0.05365815649377435,-1.3891773855737972,-0.3309214270727605,-0.016044622164577645,-1.522509554839503,-0.4286577971081868,0.01186809517407408,-1.5583266651214616,-0.4518215600485014,-0.1610671512315309,-0.8925878051475382,-0.1794895386103056,-0.07924620194964145,-0.8831251128732336,-0.39173009501698197,0.05922325697641758,-0.6441071428921539,-0.4191051882799255,0.12227405410613644,-0.5063973183385114,-0.37373442030216186,-0.30729009331009216,-0.7013033520972223,-0.23671962941541574,-0.15630541971948192,-0.5709277179496001,-0.3728008010529834,-0.024460735333654837,-0.3962430876168901,-0.3721295576090057,0.02668814858967817,-0.33550005335379995,-0.3299592659128527,0.0,0.0,0.0,0.0,0.0,0.0,0.0,0.0,0.0,0.0,0.0,0.0,0.0,0.0,0.0,0.0,0.0,0.0,0.0,0.0,0.0,0.0,0.0,0.0,0.0,0.0,0.0,0.0,0.0,0.0,0.0,0.0,0.0,0.0,0.0,0.0,0.0,0.0,0.0,0.0,0.0,0.0,0.0,0.0,0.0,0.0,0.0,0.0,0.0,0.0,0.0,0.0,0.0,0.0,0.0,0.0,0.0,0.0,0.0,0.0,0.0,0.0,0.0
cinco,0.0,0.0,0.0,0.19135901987082363,-0.08521818557630911,-0.118216566475369,0.36799036589731576,-0.3287545621610558,-0.21266659878826558,0.23935427808379472,-0.48842221322050994,-0.3150748587174008,0.028687099070607354,-0.557487077939975,-0.3933739021203395,0.28417832924858666,-0.9718016439564058,-0.10213456558119711,0.38997469737595797,-1.3779539746160991,-0.288141413794878,0.48861731442838524,-1.4613304336761173,-0.3686163893149516,0.5264740499105828,-1.2977118928882765,-0.3806073203832371,0.041397082200058145,-0.9991427733739167,-0.1408467268829488,-0.07850819647140593,-1.46157825192844,-0.3329783734140466,0.046616430676006605,-1.4754264658554705,-0.38033624284132644,0.14145607865672757,-1.3438396678554776,-0.3512985393175786,-0.15654867962152658,-0.8732693956933811,-0.206300504147398,-0.05386418177769378,-0.8358891597065434,-0.3981653458650735,0.08905666041996065,-0.5921344527139709,-0.37729571508768805,0.12819112225799054,-0.4775011192043538,-0.2967221960056478,-0.27725145403844514,-0.6709719501753502,-0.28551606285590087,-0.08064143139329479,-0.48246759436892284,-0.40635144230414366,0.02227571952569098,-0.3184537961062749,-0.3883580197714196,0.019492668797929966,-0.3093457832717557,-0.3308609355517097,0.0,0.0,0.0,0.0,0.0,0.0,0.0,0.0,0.0,0.0,0.0,0.0,0.0,0.0,0.0,0.0,0.0,0.0,0.0,0.0,0.0,0.0,0.0,0.0,0.0,0.0,0.0,0.0,0.0,0.0,0.0,0.0,0.0,0.0,0.0,0.0,0.0,0.0,0.0,0.0,0.0,0.0,0.0,0.0,0.0,0.0,0.0,0.0,0.0,0.0,0.0,0.0,0.0,0.0,0.0,0.0,0.0,0.0,0.0,0.0,0.0,0.0,0.0
cinco,0.0,0.0,0.0,0.20740945871814845,-0.10572373803010322,-0.09974661178192192,0.38058327481093784,-0.3519535511210459,-0.17276400620540402,0.26287435645432655,-0.49773707944381396,-0.2531887309524207,0.0653025905935146,-0.550309772937664,-0.3113006343159484,0.3074471259020166,-0.9645629121803057,-0.0708707142393418,0.41475953317747877,-1.3485671244264517,-0.247066427157665,0.5001956326619178,-1.4080200848824305,-0.33350605326158433,0.5225713744179353,-1.2508673335642233,-0.3525085951174834,0.07424581506850093,-0.9972399705912384,-0.1084228596717772,-0.04558690440830146,-1.4492381488659951,-0.2900344464619325,0.07206049679550762,-1.4406860297931308,-0.3501930019250978,0.16614761427912253,-1.2785493787797426,-0.3328952036503195,-0.10827737341686297,-0.8826555174060569,-0.17067823233979637,-0.014793977188303182,-0.8129518684628888,-0.34168929393279174,0.10094504518770056,-0.5972029065248091,-0.34392428618409704,0.12581761999595614,-0.5044206711291007,-0.2858760328673556,-0.21485280969205792,-0.6962646063246221,-0.24550276328782927,-0.03604411220864993,-0.4695038495197932,-0.3467458523454018,0.04365932953463996,-0.3317370838799011,-0.34448809987013546,0.0283421197747838,-0.3505251856972227,-0.3050429759463911,0.0,0.0,0.0,0.0,0.0,0.0,0.0,0.0,0.0,0.0,0.0,0.0,0.0,0.0,0.0,0.0,0.0,0.0,0.0,0.0,0.0,0.0,0.0,0.0,0.0,0.0,0.0,0.0,0.0,0.0,0.0,0.0,0.0,0.0,0.0,0.0,0.0,0.0,0.0,0.0,0.0,0.0,0.0,0.0,0.0,0.0,0.0,0.0,0.0,0.0,0.0,0.0,0.0,0.0,0.0,0.0,0.0,0.0,0.0,0.0,0.0,0.0,0.0
cinco,0.0,0.0,0.0,0.218126511647812,-0.11673123954158181,-0.09698230285554488,0.3900875677507318,-0.34983529622813103,-0.16549601623323354,0.26836231696414986,-0.4923455672787439,-0.2403401730188152,0.07637651352677412,-0.5462550338342694,-0.2935673296879867,0.328280688989779,-0.9592040927403761,-0.07330699002689285,0.41970073139035896,-1.3508118696980382,-0.2465195647838645,0.4938833946185071,-1.4204277333480337,-0.3350187283629426,0.5053666018337704,-1.2737072896373773,-0.3559791444334571,0.09119830080517921,-0.9958327519871236,-0.10820675777199998,-0.031005108350837265,-1.4676425338618493,-0.28000723076610473,0.08264924211974577,-1.4443389061245517,-0.3360271700871678,0.17018532786120838,-1.2601185472224659,-0.31901722754352063,-0.09481136464481404,-0.8815186753832607,-0.166937378684866,-0.01723176830210289,-0.8050470014957073,-0.3294436553866747,0.10500889703289792,-0.6000644024631262,-0.3404310860996705,0.14101890171717352,-0.5075200538660278,-0.29114539751048824,-0.2074794363289713,-0.6927957052595857,-0.23759965562403798,-0.048909732222789847,-0.4694164090272016,-0.3316594441882869,0.03496144523719829,-0.33854061425592097,-0.33426619843442157,0.03349117277619584,-0.3523893644018767,-0.30101651751718445,0.0,0.0,0.0,0.0,0.0,0.0,0.0,0.0,0.0,0.0,0.0,0.0,0.0,0.0,0.0,0.0,0.0,0.0,0.0,0.0,0.0,0.0,0.0,0.0,0.0,0.0,0.0,0.0,0.0,0.0,0.0,0.0,0.0,0.0,0.0,0.0,0.0,0.0,0.0,0.0,0.0,0.0,0.0,0.0,0.0,0.0,0.0,0.0,0.0,0.0,0.0,0.0,0.0,0.0,0.0,0.0,0.0,0.0,0.0,0.0,0.0,0.0,0.0
cinco,0.0,0.0,0.0,0.22193845629498027,-0.10890202846887802,-0.10331834224782409,0.39711113708645174,-0.35608337690272635,-0.16649120877616305,0.26940301481310036,-0.5199871078103133,-0.2359515117760887,0.06954076441080329,-0.583533640280503,-0.28838874297319395,0.34043938791179,-0.960847605144938,-0.06401066663475202,0.45640976520556703,-1.357122859844792,-0.24094855194996956,0.5188879075822811,-1.4432612384521788,-0.33532640810285874,0.5222464413205942,-1.3245949171167821,-0.35668080928187523,0.1027861594914643,-0.9947034761259234,-0.09503698754452514,-0.012395982315252362,-1.5030945197612966,-0.2675885519747955,0.08740170866002792,-1.4833906942294797,-0.3253091342523174,0.1679410038926771,-1.3093274073536818,-0.30679000993532285,-0.08816543348242234,-0.8880177157004364,-0.151164254924457,-0.04399045814126535,-0.8874523669116934,-0.3373218224586701,0.0809100476696754,-0.6604760527413355,-0.3618544780013072,0.1304805762401899,-0.5276044268022394,-0.31072485926677973,-0.21878368177367977,-0.7090616878283812,-0.2164125605516857,-0.08790830057506249,-0.562631999182909,-0.3262515063140234,0.004276309233490984,-0.39344541828910123,-0.3234913649474259,0.025090101360062712,-0.340798343159748,-0.27960493396122055,0.0,0.0,0.0,0.0,0.0,0.0,0.0,0.0,0.0,0.0,0.0,0.0,0.0,0.0,0.0,0.0,0.0,0.0,0.0,0.0,0.0,0.0,0.0,0.0,0.0,0.0,0.0,0.0,0.0,0.0,0.0,0.0,0.0,0.0,0.0,0.0,0.0,0.0,0.0,0.0,0.0,0.0,0.0,0.0,0.0,0.0,0.0,0.0,0.0,0.0,0.0,0.0,0.0,0.0,0.0,0.0,0.0,0.0,0.0,0.0,0.0,0.0,0.0
cinco,0.0,0.0,0.0,0.22064968341018953,-0.11457760204352899,-0.09788677712444852,0.3931902620473163,-0.35682182880829255,-0.1602639114139504,0.2621398385307524,-0.5187705557842107,-0.22948352469295824,0.06725290100567245,-0.5842040060268217,-0.2807981650801278,0.3391760607586184,-0.9612753430384884,-0.06462690815948953,0.45060186913491335,-1.3589636916944845,-0.23732904852440243,0.5161343417732515,-1.4469086143809726,-0.32920851061709744,0.5199795208997116,-1.3325951482890945,-0.3499704254149895,0.10214411677310291,-0.9947696112209312,-0.09706077340616431,-0.019583451095855724,-1.496672056361173,-0.2642006508558914,0.07798596820813174,-1.4796280837719056,-0.3195316156013971,0.15593031499357904,-1.3045400225084436,-0.30182384420982555,-0.0894445516933729,-0.8875413919291001,-0.1535821294214365,-0.042107501442192406,-0.875279080476692,-0.32927340115933207,0.08259737028351558,-0.6597263061768259,-0.3520433780848954,0.12905762638869583,-0.5371573909778895,-0.3042675019685855,-0.21652275926863498,-0.7060070413105377,-0.2195370909447776,-0.0872699467026801,-0.5448637574703037,-0.32113512664814126,-0.001934024020011466,-0.38721530100074664,-0.31941541293435577,0.010263797096149297,-0.34929361115253316,-0.2792830137981621,0.0,0.0,0.0,0.0,0.0,0.0,0.0,0.0,0.0,0.0,0.0,0.0,0.0,0.0,0.0,0.0,0.0,0.0,0.0,0.0,0.0,0.0,0.0,0.0,0.0,0.0,0.0,0.0,0.0,0.0,0.0,0.0,0.0,0.0,0.0,0.0,0.0,0.0,0.0,0.0,0.0,0.0,0.0,0.0,0.0,0.0,0.0,0.0,0.0,0.0,0.0,0.0,0.0,0.0,0.0,0.0,0.0,0.0,0.0,0.0,0.0,0.0,0.0
cinco,0.0,0.0,0.0,0.233271081515184,-0.12320559022276889,-0.0961584797728801,0.40961791662623037,-0.37178047665035335,-0.16022676399232452,0.2743764691439157,-0.5448449713858263,-0.23132517219587545,0.07358416563492363,-0.6060110730134517,-0.28674306595975624,0.357439956108484,-0.9583115706038157,-0.05967357378282739,0.46762264528589437,-1.337242717430292,-0.22761504811727357,0.5330198647089475,-1.42029489582701,-0.3200841508215321,0.541363988591143,-1.3060574568214551,-0.3435468875390827,0.11992416367086012,-0.9927830553388011,-0.09194021976198431,0.011755770306321248,-1.4890779461556616,-0.2563227899862147,0.11510614262679149,-1.4780021748838206,-0.312904009832223,0.19309630906097103,-1.3103619089659735,-0.2969531606512498,-0.06893508774086277,-0.8864672109984852,-0.14785878894464655,-0.018251914282617118,-0.8864930265170125,-0.3295604736672769,0.10373749087042042,-0.6709126573263738,-0.35719167414524566,0.14517619568084428,-0.5335677019959233,-0.3108532753007224,-0.19462582141972964,-0.7047063133580825,-0.21176253492971686,-0.054598222493652086,-0.5568564980902999,-0.3226940312078589,0.03680676111007574,-0.400070401205609,-0.32517523379940294,0.05174697843189156,-0.35071844037088634,-0.2864313949761212,0.0,0.0,0.0,0.0,0.0,0.0,0.0,0.0,0.0,0.0,0.0,0.0,0.0,0.0,0.0,0.0,0.0,0.0,0.0,0.0,0.0,0.0,0.0,0.0,0.0,0.0,0.0,0.0,0.0,0.0,0.0,0.0,0.0,0.0,0.0,0.0,0.0,0.0,0.0,0.0,0.0,0.0,0.0,0.0,0.0,0.0,0.0,0.0,0.0,0.0,0.0,0.0,0.0,0.0,0.0,0.0,0.0,0.0,0.0,0.0,0.0,0.0,0.0
cinco,0.0,0.0,0.0,0.23066681509476553,-0.11516278546695519,-0.09748193877198279,0.42140473359805636,-0.33400776381823255,-0.17071410398198933,0.33616442232204896,-0.5181787989797371,-0.24987032006740678,0.14902518298750728,-0.5791825078163266,-0.3124154260229062,0.3449837238009469,-0.94815539759416,-0.08719492571933954,0.4339177849607733,-1.327083959463268,-0.2528874374344293,0.5032918502328746,-1.4143352230384736,-0.3441643946582697,0.523575784355523,-1.3161740208104633,-0.3695286127076196,0.10800515474710705,-0.9941503339777407,-0.12308776618387626,-0.004458449113730045,-1.5002540039465446,-0.2905551608863479,0.11996466031592001,-1.4924631425580839,-0.34981128512022697,0.22399200123103985,-1.3001810138531307,-0.33801155116979553,-0.07983023645394369,-0.8960945362381777,-0.17960973185924806,0.01114428566905806,-0.8743451582309417,-0.3546672113449396,0.1505865013250942,-0.6803209849740051,-0.3854956704118052,0.2167015241134429,-0.535972178898782,-0.3469219620839688,-0.19807937556954847,-0.7120174235947013,-0.24564027605023833,-0.03150285259943046,-0.5485848937647366,-0.3519042473931435,0.07490688235794496,-0.4066778435188359,-0.361184779623776,0.11718188996515098,-0.3472329269863411,-0.33057106210867326,0.0,0.0,0.0,0.0,0.0,0.0,0.0,0.0,0.0,0.0,0.0,0.0,0.0,0.0,0.0,0.0,0.0,0.0,0.0,0.0,0.0,0.0,0.0,0.0,0.0,0.0,0.0,0.0,0.0,0.0,0.0,0.0,0.0,0.0,0.0,0.0,0.0,0.0,0.0,0.0,0.0,0.0,0.0,0.0,0.0,0.0,0.0,0.0,0.0,0.0,0.0,0.0,0.0,0.0,0.0,0.0,0.0,0.0,0.0,0.0,0.0,0.0,0.0
cinco,0.0,0.0,0.0,0.230727546446322,-0.1118268809309282,-0.09312995596826257,0.4149572743976426,-0.33486502737751134,-0.16544755246372395,0.3224615125815545,-0.5176807707707624,-0.2455337796283184,0.13916917836127635,-0.5879077239700496,-0.30909149957254034,0.35470385883668193,-0.9573637499194819,-0.08303183997520086,0.4382410533743848,-1.351081951743657,-0.2551138969908788,0.5084348405771296,-1.417644857400269,-0.34802315473303747,0.5270766294419156,-1.2698421839595948,-0.3709563907069407,0.1161328949546228,-0.993233683837524,-0.12054925501772361,-0.00011892054239688326,-1.490794507253765,-0.28924244571717517,0.12157484435989449,-1.4717254222280458,-0.3488601702125582,0.22270716797423878,-1.268888661559001,-0.33715884884853364,-0.07387316833971203,-0.8868001391388534,-0.17958525418077292,-0.004585199021986419,-0.8875436480887386,-0.3522416536870885,0.13230529364533933,-0.6947049588088873,-0.37819637441620313,0.19579739148510109,-0.5492148185517858,-0.33736360912342,-0.1976074371046204,-0.6984452199943022,-0.24809389356861464,-0.042425443015442814,-0.5422844882605841,-0.3550062723423662,0.06739943841186793,-0.4015897876405373,-0.3626321231124288,0.11033282093600116,-0.3452430311586032,-0.33016653108262983,0.0,0.0,0.0,0.0,0.0,0.0,0.0,0.0,0.0,0.0,0.0,0.0,0.0,0.0,0.0,0.0,0.0,0.0,0.0,0.0,0.0,0.0,0.0,0.0,0.0,0.0,0.0,0.0,0.0,0.0,0.0,0.0,0.0,0.0,0.0,0.0,0.0,0.0,0.0,0.0,0.0,0.0,0.0,0.0,0.0,0.0,0.0,0.0,0.0,0.0,0.0,0.0,0.0,0.0,0.0,0.0,0.0,0.0,0.0,0.0,0.0,0.0,0.0
cinco,0.0,0.0,0.0,0.22768256762956998,-0.11628722386679786,-0.08875268567093826,0.4105444294486809,-0.33843126602640694,-0.15678715633217719,0.31784789534913804,-0.5207165489121028,-0.23336068386771272,0.1372364091280465,-0.5929699582097919,-0.2931724560732612,0.35149131001702155,-0.9576820129707242,-0.07259566298404621,0.43578473166028325,-1.3491114155449317,-0.23976053203727965,0.5046287309536212,-1.4165231213451095,-0.33010710014580585,0.5227197708199264,-1.2681441152596225,-0.3512333161595427,0.11446967800515243,-0.9934267425519594,-0.10992264376296104,-0.00043667208912503736,-1.4869435023597737,-0.2727194428635922,0.11681113996544788,-1.4734455431659086,-0.3302571214186613,0.21498653005693458,-1.2735555040576718,-0.31818388402282927,-0.07487864030969087,-0.8883594147391242,-0.16867440690329974,-0.008247949211361731,-0.890077172439616,-0.3368995039793446,0.12610861652973512,-0.6979021256140884,-0.3621472931282928,0.18967740452693752,-0.5493743978750587,-0.3212803965513097,-0.1988565592285659,-0.7015661479933876,-0.23658108401982236,-0.05226842855621662,-0.550241639493057,-0.3400064417149217,0.056200059503592414,-0.40745935922067256,-0.34603512143399173,0.10208634014023156,-0.3438609625052117,-0.3124959588370756,0.0,0.0,0.0,0.0,0.0,0.0,0.0,0.0,0.0,0.0,0.0,0.0,0.0,0.0,0.0,0.0,0.0,0.0,0.0,0.0,0.0,0.0,0.0,0.0,0.0,0.0,0.0,0.0,0.0,0.0,0.0,0.0,0.0,0.0,0.0,0.0,0.0,0.0,0.0,0.0,0.0,0.0,0.0,0.0,0.0,0.0,0.0,0.0,0.0,0.0,0.0,0.0,0.0,0.0,0.0,0.0,0.0,0.0,0.0,0.0,0.0,0.0,0.0
cinco,0.0,0.0,0.0,0.23504648297104216,-0.12463396511057369,-0.0903816682815834,0.41952681880263326,-0.36069039066686714,-0.1643789283074922,0.34731814850030546,-0.5492876143349599,-0.24659278083664216,0.17110489944923962,-0.6218027011948372,-0.31096444269871326,0.3294195884804719,-0.9669272220015023,-0.09445769439779189,0.415882332665615,-1.380059791188647,-0.2601191724348452,0.4918146600248939,-1.45625769477502,-0.3478992454354395,0.5127784123324397,-1.3136463409620862,-0.3690876766000566,0.10051341496962973,-0.9949357031543009,-0.13372680579188245,-0.011925604651191603,-1.507550526006649,-0.30001313090297616,0.1315737411513047,-1.5079185452972874,-0.35969237569070617,0.24652786346918187,-1.298021720347179,-0.3510353949453393,-0.0765839473803966,-0.8877273259684008,-0.19251098568365843,0.03167863509527059,-0.9112821576771453,-0.35769596230230183,0.17544857660681648,-0.737102483292824,-0.38130729170282834,0.2340308364290234,-0.587752589033916,-0.3436637723377418,-0.1795038617102292,-0.7033097336612519,-0.2611979902980639,0.02549691490893862,-0.567623097443183,-0.3653098604735983,0.13951513200040647,-0.4323658550905703,-0.3743143833048082,0.17247761368490308,-0.3695504607929404,-0.3453530846937847,0.0,0.0,0.0,0.0,0.0,0.0,0.0,0.0,0.0,0.0,0.0,0.0,0.0,0.0,0.0,0.0,0.0,0.0,0.0,0.0,0.0,0.0,0.0,0.0,0.0,0.0,0.0,0.0,0.0,0.0,0.0,0.0,0.0,0.0,0.0,0.0,0.0,0.0,0.0,0.0,0.0,0.0,0.0,0.0,0.0,0.0,0.0,0.0,0.0,0.0,0.0,0.0,0.0,0.0,0.0,0.0,0.0,0.0,0.0,0.0,0.0,0.0,0.0
cinco,0.0,0.0,0.0,0.24901573572015426,-0.12341838371636103,-0.09571002939755016,0.44087942512564404,-0.35769152452989533,-0.1731270633669289,0.3676463168304889,-0.543400211104984,-0.2587549768817309,0.19305532329292674,-0.611570402534169,-0.3261313019056035,0.33996373628213494,-0.9695775392290492,-0.09560775239085954,0.4206735723308745,-1.378418370316351,-0.2657953623330259,0.49582071569109826,-1.4649859228981512,-0.35670999171627166,0.5262658642255067,-1.3286664677281403,-0.38082284596308463,0.10825123954264874,-0.9941235683442378,-0.1340129027363203,0.00040848585224367395,-1.4940337805860038,-0.30984707166406894,0.13799118154067197,-1.5014476121518707,-0.37259730289548,0.25229855472655455,-1.29860186375395,-0.36385874865647544,-0.07048456751643328,-0.8821977660936324,-0.19318104901779448,0.04734906459665498,-0.880463596025813,-0.36375153667462445,0.1910798626344578,-0.7035524571463739,-0.38430888979184874,0.25077603711776264,-0.5609511886667692,-0.34226075209525986,-0.17416463430823334,-0.6920119116813518,-0.26314800975558683,0.027856902536254134,-0.5394836790705392,-0.3671145596326284,0.129573952159961,-0.4116903903833468,-0.37476903133396633,0.15068399421448786,-0.36259290226626034,-0.3439643790503387,0.0,0.0,0.0,0.0,0.0,0.0,0.0,0.0,0.0,0.0,0.0,0.0,0.0,0.0,0.0,0.0,0.0,0.0,0.0,0.0,0.0,0.0,0.0,0.0,0.0,0.0,0.0,0.0,0.0,0.0,0.0,0.0,0.0,0.0,0.0,0.0,0.0,0.0,0.0,0.0,0.0,0.0,0.0,0.0,0.0,0.0,0.0,0.0,0.0,0.0,0.0,0.0,0.0,0.0,0.0,0.0,0.0,0.0,0.0,0.0,0.0,0.0,0.0
cinco,0.0,0.0,0.0,0.24823298123614254,-0.12656979432354257,-0.09320751528968839,0.44034154349549154,-0.35565232357092486,-0.1694069102962858,0.37205677687328936,-0.5452856882900141,-0.2529568831059604,0.1958830593768695,-0.6162453697194289,-0.31975002560738386,0.3419995556652907,-0.9693152443931826,-0.09831723777700886,0.4153501575878057,-1.3796687170783448,-0.2605878228369237,0.4854127035948261,-1.470464895231292,-0.3490434931838874,0.5177770231855922,-1.35616440592317,-0.37502442355690563,0.11001794148930394,-0.9939296014056811,-0.13687834429427917,0.0009201097321463508,-1.4984497654591376,-0.30510566602069683,0.13525635809392697,-1.5132030255487332,-0.36732541390323653,0.2479493281246502,-1.3230629749388265,-0.36246811027089537,-0.07068251116770394,-0.8842525213338361,-0.19447398631852583,0.04541031550369309,-0.9038452856524254,-0.36339026721876216,0.1890222708265278,-0.7268971519426329,-0.38872629620627946,0.24911487627484005,-0.5766092261553326,-0.3524885876052733,-0.1779710591647893,-0.6946234785146012,-0.2618119156700088,0.021513280132807275,-0.5547292669401471,-0.36598815553449193,0.12762627136951382,-0.4230084503954787,-0.37531504288855794,0.15428909517875997,-0.3641221099433524,-0.34781820614163206,0.0,0.0,0.0,0.0,0.0,0.0,0.0,0.0,0.0,0.0,0.0,0.0,0.0,0.0,0.0,0.0,0.0,0.0,0.0,0.0,0.0,0.0,0.0,0.0,0.0,0.0,0.0,0.0,0.0,0.0,0.0,0.0,0.0,0.0,0.0,0.0,0.0,0.0,0.0,0.0,0.0,0.0,0.0,0.0,0.0,0.0,0.0,0.0,0.0,0.0,0.0,0.0,0.0,0.0,0.0,0.0,0.0,0.0,0.0,0.0,0.0,0.0,0.0
cinco,0.0,0.0,0.0,0.25926017745327873,-0.13074343799805568,-0.09394794920995778,0.4455927424918446,-0.3563510277083647,-0.17739102764178036,0.3927599521282654,-0.5385176606869279,-0.2699873050280337,0.22137013801570615,-0.6104740387745833,-0.34592815865527266,0.33079217489814544,-0.9839370922710178,-0.11015030214966219,0.3776964612698564,-1.412621622602312,-0.2791599003615573,0.45495545989117514,-1.5054862286014967,-0.3745668907220497,0.4996392869127327,-1.3956431617538185,-0.40482593535057687,0.0991344169387244,-0.9950740512033359,-0.1536284268498336,-0.01028507805040114,-1.5042349238475077,-0.331985729403675,0.14126075266484814,-1.5057746179520004,-0.3991404710216834,0.26597297107303963,-1.3019018336426056,-0.3948165949544135,-0.07648349007941899,-0.880204968030771,-0.21558189148748821,0.07198584094197372,-0.9145105912741606,-0.3964135105436168,0.23875946125618353,-0.7301050124486168,-0.42927239209937246,0.3136319686777198,-0.5675708080192977,-0.3944919258538863,-0.17192268738360247,-0.6857529025045017,-0.2869405202542976,0.05866897741191671,-0.570349790654842,-0.3970554830310915,0.18288587324574523,-0.4313227845097418,-0.40801708020991323,0.2270062087358896,-0.35491624447336595,-0.379842445868952,0.0,0.0,0.0,0.0,0.0,0.0,0.0,0.0,0.0,0.0,0.0,0.0,0.0,0.0,0.0,0.0,0.0,0.0,0.0,0.0,0.0,0.0,0.0,0.0,0.0,0.0,0.0,0.0,0.0,0.0,0.0,0.0,0.0,0.0,0.0,0.0,0.0,0.0,0.0,0.0,0.0,0.0,0.0,0.0,0.0,0.0,0.0,0.0,0.0,0.0,0.0,0.0,0.0,0.0,0.0,0.0,0.0,0.0,0.0,0.0,0.0,0.0,0.0
cinco,0.0,0.0,0.0,0.2592537769530801,-0.12604684613160913,-0.10724358428974187,0.4494000683140056,-0.3397091784333481,-0.19828330684575785,0.3955301142903433,-0.5165076460894262,-0.29489929555337896,0.22354712830528942,-0.5820300220026549,-0.3742602111359231,0.33933023504286375,-0.9840515658763798,-0.1286794846255657,0.3792957740552741,-1.41428022057558,-0.3044783041606732,0.46021760324396493,-1.5012947325829342,-0.40475621342889895,0.5157623402756178,-1.3910917507426797,-0.4386422912872077,0.1020464379551258,-0.9947796361509773,-0.16705010938562662,-0.02136923868343996,-1.5060983322294184,-0.3501191990023803,0.1286117325661878,-1.5123207853945313,-0.4179752278333995,0.2564112938079191,-1.314794009437566,-0.41465734721619224,-0.07856895534884976,-0.8765392801423064,-0.22458124134335983,0.05958998393542161,-0.9152322776245444,-0.41202839104144556,0.22079527471985694,-0.7261384773589236,-0.44362543181920794,0.2930893562070928,-0.5593046016555141,-0.4068496921888872,-0.17996735700478578,-0.6750387824096874,-0.29245060832937764,0.04068801270063167,-0.5603867978121694,-0.4108984629283652,0.16364390158566477,-0.42481149992278033,-0.42309288569714326,0.20678753269127959,-0.35517258495854165,-0.39428360668191664,0.0,0.0,0.0,0.0,0.0,0.0,0.0,0.0,0.0,0.0,0.0,0.0,0.0,0.0,0.0,0.0,0.0,0.0,0.0,0.0,0.0,0.0,0.0,0.0,0.0,0.0,0.0,0.0,0.0,0.0,0.0,0.0,0.0,0.0,0.0,0.0,0.0,0.0,0.0,0.0,0.0,0.0,0.0,0.0,0.0,0.0,0.0,0.0,0.0,0.0,0.0,0.0,0.0,0.0,0.0,0.0,0.0,0.0,0.0,0.0,0.0,0.0,0.0
cinco,0.0,0.0,0.0,0.24517572043904345,-0.1259409402359201,-0.10529846391984342,0.4285065605536829,-0.34121424313932897,-0.1968341243344063,0.41564369574285154,-0.5043769244887601,-0.29420744496391676,0.2632746247349784,-0.5648593213769103,-0.372778683918033,0.3180906636860955,-0.9908948282440452,-0.12705790685618537,0.365229508663183,-1.3885120677467382,-0.29592860377472113,0.44108883289452283,-1.4913634676159484,-0.3932519582451286,0.4946937243481192,-1.418520512437017,-0.42976045974921145,0.08624274058090624,-0.9962741538839067,-0.16878653514740663,-0.027336376398179554,-1.4866706735522546,-0.3497170015537228,0.11499127908215774,-1.4971328627878637,-0.414461500313667,0.23938689078867387,-1.313254637362913,-0.4113829179308218,-0.08751874633788395,-0.8761847166164486,-0.2291789900742486,0.08560738263143779,-0.8868095114883561,-0.4067171193926733,0.23143186427058712,-0.6919435609311319,-0.4263649458715726,0.2889994343813298,-0.5349431042116041,-0.38562634038699706,-0.17702877923739607,-0.6746413552549104,-0.3016638161139705,0.06531226727324971,-0.5549258879515557,-0.40715016902130874,0.16716273400360496,-0.4170556278520956,-0.4109385986046211,0.1885887290133899,-0.3590258851442645,-0.3808491385884779,0.0,0.0,0.0,0.0,0.0,0.0,0.0,0.0,0.0,0.0,0.0,0.0,0.0,0.0,0.0,0.0,0.0,0.0,0.0,0.0,0.0,0.0,0.0,0.0,0.0,0.0,0.0,0.0,0.0,0.0,0.0,0.0,0.0,0.0,0.0,0.0,0.0,0.0,0.0,0.0,0.0,0.0,0.0,0.0,0.0,0.0,0.0,0.0,0.0,0.0,0.0,0.0,0.0,0.0,0.0,0.0,0.0,0.0,0.0,0.0,0.0,0.0,0.0
cinco,0.0,0.0,0.0,0.25333913781517786,-0.1390345318933221,-0.1003108037448331,0.4244618145514875,-0.37481213454900036,-0.1922757314726521,0.4005870442387611,-0.5308791459205421,-0.2920386686766136,0.25399052455319643,-0.5832986426891856,-0.3730703889039902,0.3116191402706565,-1.000597410425487,-0.12683968167603146,0.3493959696865985,-1.4046859342939753,-0.2951094918701297,0.43232806163869547,-1.5158476892396198,-0.39280019267029886,0.48924708752276563,-1.4491664591496574,-0.431068611703135,0.08372056382492243,-0.9964892709873182,-0.17249714921399,-0.037287969884359624,-1.5017465081694052,-0.3606452188240929,0.12513247279010656,-1.5349911636200215,-0.4307104767884521,0.2585698650988029,-1.3594614321473584,-0.4307013280983114,-0.08964914738378874,-0.8739307458639746,-0.2360793984752255,0.07601614690109237,-0.9247015034519583,-0.41702662120595774,0.2359192185703643,-0.744062097840135,-0.4361241778748914,0.29343514566005946,-0.5860138577491054,-0.394992218828013,-0.1749658236384663,-0.6747969291329069,-0.31149819399705103,0.08775144765745857,-0.5675238612358972,-0.422869003773276,0.20642024016757995,-0.4301573533811822,-0.42868998131001107,0.2272997002847771,-0.36277815084213555,-0.39908888609918,0.0,0.0,0.0,0.0,0.0,0.0,0.0,0.0,0.0,0.0,0.0,0.0,0.0,0.0,0.0,0.0,0.0,0.0,0.0,0.0,0.0,0.0,0.0,0.0,0.0,0.0,0.0,0.0,0.0,0.0,0.0,0.0,0.0,0.0,0.0,0.0,0.0,0.0,0.0,0.0,0.0,0.0,0.0,0.0,0.0,0.0,0.0,0.0,0.0,0.0,0.0,0.0,0.0,0.0,0.0,0.0,0.0,0.0,0.0,0.0,0.0,0.0,0.0
cinco,0.0,0.0,0.0,0.24772729587107756,-0.137602368082045,-0.10175775693223069,0.4209522487507751,-0.3769833171333052,-0.19420163852906638,0.4023682068008007,-0.5416496658057456,-0.29450842572645114,0.25186328932742974,-0.5890193703895211,-0.37517411696564706,0.30333640399667855,-1.0048257739250608,-0.1278000161072084,0.33364440826561564,-1.4216914861217107,-0.2962769172732,0.4241444881434557,-1.5250991192656902,-0.3940759922431681,0.4927150284663281,-1.4398437984075394,-0.43177992713259794,0.07544062770351125,-0.9971502954378041,-0.17284921738464393,-0.0452453851716516,-1.503466786600811,-0.3588931956754947,0.1159582821298131,-1.5399979819692586,-0.4274930028475673,0.24949994761607258,-1.3642904089669508,-0.42731763449072974,-0.09637148694103992,-0.8723469081753628,-0.23622380101340698,0.07388872829622091,-0.9296335944245013,-0.4149667332053021,0.22801005082960699,-0.7450013197692753,-0.4314313723410798,0.28084259027959707,-0.5849073489846013,-0.3894913664990267,-0.17967890406653983,-0.6733618913863353,-0.3120084596564974,0.08223810071476274,-0.5723704315622095,-0.42275040593925406,0.1945684572355714,-0.43590103383329726,-0.4283297845409516,0.2084579336569835,-0.37076734092306074,-0.3990540621906724,0.0,0.0,0.0,0.0,0.0,0.0,0.0,0.0,0.0,0.0,0.0,0.0,0.0,0.0,0.0,0.0,0.0,0.0,0.0,0.0,0.0,0.0,0.0,0.0,0.0,0.0,0.0,0.0,0.0,0.0,0.0,0.0,0.0,0.0,0.0,0.0,0.0,0.0,0.0,0.0,0.0,0.0,0.0,0.0,0.0,0.0,0.0,0.0,0.0,0.0,0.0,0.0,0.0,0.0,0.0,0.0,0.0,0.0,0.0,0.0,0.0,0.0,0.0
cinco,0.0,0.0,0.0,0.25032433974944596,-0.13739381540589818,-0.09598284533847087,0.42717074768920527,-0.374956643652782,-0.1835858068256326,0.41241801640628256,-0.5423122889307235,-0.2790994625526,0.264237019727545,-0.5942869107870694,-0.35561780467622994,0.3098031636736321,-0.997793417878579,-0.11945905136572584,0.3425068082523093,-1.401850640800539,-0.27978500358900316,0.4285956433647332,-1.508898126978151,-0.3724570069811271,0.49288402891225175,-1.440190619626181,-0.40848894135237646,0.08314131732698823,-0.9965377671484072,-0.1653638744819721,-0.03780871509834032,-1.5044106316135315,-0.3447887780856898,0.11900435619186014,-1.5438868695182855,-0.41181446475303385,0.25231055090444493,-1.372730027029915,-0.4114463016690459,-0.08870927801378521,-0.8770172895849895,-0.2282652348032806,0.08051691411720156,-0.9330451706350755,-0.4015110526263064,0.22785238494711565,-0.7509557802587215,-0.41914487916879456,0.2788800271711521,-0.5922312777549663,-0.3794010583660919,-0.1731830061666023,-0.6825328327150825,-0.3028856282339512,0.08475176510021226,-0.5778611821537333,-0.4102183148580221,0.19370043228133682,-0.44174794412515495,-0.4160021705938333,0.21018067339535207,-0.37513858488103136,-0.3878265854212211,0.0,0.0,0.0,0.0,0.0,0.0,0.0,0.0,0.0,0.0,0.0,0.0,0.0,0.0,0.0,0.0,0.0,0.0,0.0,0.0,0.0,0.0,0.0,0.0,0.0,0.0,0.0,0.0,0.0,0.0,0.0,0.0,0.0,0.0,0.0,0.0,0.0,0.0,0.0,0.0,0.0,0.0,0.0,0.0,0.0,0.0,0.0,0.0,0.0,0.0,0.0,0.0,0.0,0.0,0.0,0.0,0.0,0.0,0.0,0.0,0.0,0.0,0.0
cinco,0.0,0.0,0.0,0.24637410416059843,-0.1308342115570318,-0.09004415912675667,0.4228914156717069,-0.3787483616831347,-0.1730253323565337,0.42650268442477884,-0.5601926369984441,-0.2643668015995476,0.2859999660836207,-0.6101649099189138,-0.3370039304027039,0.2903835652260009,-1.0070617933011097,-0.12281308915423195,0.3286239182585052,-1.4284494898695028,-0.28207336619671414,0.42341324453900425,-1.5318906441069584,-0.3698095126958584,0.490110546806248,-1.457584579974646,-0.40035206163593773,0.06170194456614988,-0.9980946197814894,-0.17173185348904074,-0.04903996234327349,-1.525924637381275,-0.349053739916972,0.11988349669897487,-1.5516140003626773,-0.4066015539645299,0.2569895942610469,-1.3664428493094094,-0.3970851289381573,-0.10653603723613173,-0.8704148104794263,-0.2369032648425375,0.08571116058910433,-0.9087066364274123,-0.4096924137928005,0.22926403374031304,-0.7285081239953016,-0.42251588489246694,0.2709367427713873,-0.5762031986126236,-0.3779325895658494,-0.18594513804215482,-0.6664209016985576,-0.31289596921200347,0.09246606369988326,-0.5743842522751873,-0.4143371936080474,0.19695146731464025,-0.4334511730291855,-0.41099958918895324,0.20457608520424805,-0.36323927642714243,-0.3764663806101394,0.0,0.0,0.0,0.0,0.0,0.0,0.0,0.0,0.0,0.0,0.0,0.0,0.0,0.0,0.0,0.0,0.0,0.0,0.0,0.0,0.0,0.0,0.0,0.0,0.0,0.0,0.0,0.0,0.0,0.0,0.0,0.0,0.0,0.0,0.0,0.0,0.0,0.0,0.0,0.0,0.0,0.0,0.0,0.0,0.0,0.0,0.0,0.0,0.0,0.0,0.0,0.0,0.0,0.0,0.0,0.0,0.0,0.0,0.0,0.0,0.0,0.0,0.0
cinco,0.0,0.0,0.0,0.25182375909456833,-0.14109218819365416,-0.08260383532025563,0.4292250336154242,-0.3735988128166656,-0.16209944890736963,0.44503711326533685,-0.5418777515963691,-0.25256532696637746,0.3164777070830186,-0.5905279590686633,-0.3256715540670615,0.3000261760305516,-0.9992012922562615,-0.10145590563083062,0.324024280960297,-1.4039918346344646,-0.2522777192973305,0.42020172847364823,-1.510980956562468,-0.33756916126165637,0.4968364007020572,-1.4440530286181827,-0.3682611994087138,0.0831211183027266,-0.9965394521503422,-0.15191654897694898,-0.024367695039756745,-1.5101903409430042,-0.3227701087859176,0.1334297101131102,-1.5427256748528386,-0.3878288487131822,0.26943316848287063,-1.3698358201635068,-0.3851470221143805,-0.0806470988635448,-0.8789797737887775,-0.21792687288629495,0.10499664023291057,-0.9308052444039464,-0.3875298368152999,0.25827506152492397,-0.753682209792737,-0.4140895002775067,0.3211617031529389,-0.597335818204647,-0.3795483894364118,-0.16008895693068295,-0.685569638485758,-0.29342406056563797,0.10094767351762876,-0.5928290531604028,-0.39066407964527183,0.22070615702046067,-0.46274660058015354,-0.3946584107948577,0.25689375339966114,-0.3885504550379184,-0.3664987514825018,0.0,0.0,0.0,0.0,0.0,0.0,0.0,0.0,0.0,0.0,0.0,0.0,0.0,0.0,0.0,0.0,0.0,0.0,0.0,0.0,0.0,0.0,0.0,0.0,0.0,0.0,0.0,0.0,0.0,0.0,0.0,0.0,0.0,0.0,0.0,0.0,0.0,0.0,0.0,0.0,0.0,0.0,0.0,0.0,0.0,0.0,0.0,0.0,0.0,0.0,0.0,0.0,0.0,0.0,0.0,0.0,0.0,0.0,0.0,0.0,0.0,0.0,0.0
cinco,0.0,0.0,0.0,0.252398111272892,-0.1282625047441442,-0.08571050976979715,0.4315711092883421,-0.37662578923880907,-0.16831070970740566,0.45054714903504733,-0.559248435948908,-0.2603948066992657,0.3161419643321153,-0.6091355377141593,-0.33361869622241613,0.3066457862301527,-1.0042296917878897,-0.11143475214146459,0.3492753278240071,-1.392004632791157,-0.2590910926308676,0.4406063474738434,-1.507900428423872,-0.3418030020273707,0.4991763684947699,-1.4621415068813701,-0.3748211888132087,0.08421145008807036,-0.9964479071552432,-0.16255435100982885,-0.01721561055880463,-1.5048563602372598,-0.3318379005995214,0.1490482726887787,-1.5254752341337596,-0.3884042024007867,0.28154886064966034,-1.354123646432776,-0.38283350167714736,-0.07968165192546629,-0.8730661209500532,-0.22904647819549268,0.12150947273921024,-0.8872647020227815,-0.38921518859767557,0.2502124052821678,-0.6988077563953501,-0.3956513316941751,0.27481342710929924,-0.5601957228366443,-0.35354618938075494,-0.1528004751187331,-0.6715100903742667,-0.3074118436395423,0.12409889450000314,-0.5550697912549001,-0.3994185977105271,0.216712853871813,-0.4214554885426396,-0.39592250538586315,0.20848504722644906,-0.3713798151503759,-0.36695461687608033,0.0,0.0,0.0,0.0,0.0,0.0,0.0,0.0,0.0,0.0,0.0,0.0,0.0,0.0,0.0,0.0,0.0,0.0,0.0,0.0,0.0,0.0,0.0,0.0,0.0,0.0,0.0,0.0,0.0,0.0,0.0,0.0,0.0,0.0,0.0,0.0,0.0,0.0,0.0,0.0,0.0,0.0,0.0,0.0,0.0,0.0,0.0,0.0,0.0,0.0,0.0,0.0,0.0,0.0,0.0,0.0,0.0,0.0,0.0,0.0,0.0,0.0,0.0
cinco,0.0,0.0,0.0,0.24847699521072286,-0.12658325217966013,-0.08767125321607927,0.4240736544269878,-0.37043493667068367,-0.1732261486643616,0.44604684603385114,-0.5611254373710828,-0.2681742003111301,0.3049106706541232,-0.6252866497885767,-0.3431381358579837,0.31087298343652464,-0.9992215638492185,-0.11278759466822186,0.3737790700484617,-1.389243069011881,-0.2650813654029922,0.46177929906341836,-1.4958313018258487,-0.34939989593169885,0.516878647378654,-1.4360865226311323,-0.38132983354508826,0.08828098083988384,-0.9960956120884923,-0.16231700966101337,-0.007974212459044139,-1.5114705973526128,-0.33136342292877774,0.14895372971608076,-1.5424340113367325,-0.38602431458288017,0.27686770367735514,-1.3849322375525808,-0.3785219663913115,-0.07513379388997957,-0.8773341010992436,-0.22795314318445115,0.12099682585051659,-0.896060968891197,-0.3900157239679624,0.2508947871280432,-0.7042793275025349,-0.3934551955016991,0.2791519814708079,-0.5594055707650252,-0.34720973512843767,-0.14820928380416737,-0.6815170302071334,-0.3056209868803148,0.12169998472935245,-0.568465690344759,-0.40092314752416164,0.2184616710678653,-0.43493272563388563,-0.39627515801164503,0.2168548495213889,-0.379804418244745,-0.36393694397679466,0.0,0.0,0.0,0.0,0.0,0.0,0.0,0.0,0.0,0.0,0.0,0.0,0.0,0.0,0.0,0.0,0.0,0.0,0.0,0.0,0.0,0.0,0.0,0.0,0.0,0.0,0.0,0.0,0.0,0.0,0.0,0.0,0.0,0.0,0.0,0.0,0.0,0.0,0.0,0.0,0.0,0.0,0.0,0.0,0.0,0.0,0.0,0.0,0.0,0.0,0.0,0.0,0.0,0.0,0.0,0.0,0.0,0.0,0.0,0.0,0.0,0.0,0.0
cinco,0.0,0.0,0.0,0.2536874528079231,-0.12430824260379562,-0.08482759185355583,0.4306415506575343,-0.372279411608825,-0.16871742248780167,0.4517618182027468,-0.5623054293043273,-0.26277052925011224,0.31132424537448183,-0.6196504688343454,-0.3371235311483398,0.3143762358349899,-0.9998381174945088,-0.10516652631612751,0.37018536283785974,-1.3807415412921458,-0.2560630346861176,0.455428450435888,-1.4890469568655769,-0.34287481378387785,0.511568769028064,-1.426363874623516,-0.37817572037253894,0.09278680632979949,-0.9956859989831714,-0.15557651400392222,2.5600464075900937e-05,-1.4994939066044422,-0.3232975796156185,0.15806764377112964,-1.5267119279307604,-0.3797994759335152,0.28592224255387205,-1.3710554557964012,-0.3760289427177957,-0.06888185407060113,-0.8762854345331695,-0.22225426325444803,0.13078873485457673,-0.9045824808250653,-0.37853037905391473,0.2614003421739256,-0.714837145695152,-0.3808646916397545,0.2865269670296109,-0.5735410347810983,-0.3375942567986003,-0.14106120935854635,-0.6770563959545981,-0.30136847578649445,0.13068621768086738,-0.566119667816825,-0.39035355554231976,0.2199542286916937,-0.43990199960866555,-0.3852459458363117,0.20733700537666422,-0.3962778862840844,-0.35598026216549,0.0,0.0,0.0,0.0,0.0,0.0,0.0,0.0,0.0,0.0,0.0,0.0,0.0,0.0,0.0,0.0,0.0,0.0,0.0,0.0,0.0,0.0,0.0,0.0,0.0,0.0,0.0,0.0,0.0,0.0,0.0,0.0,0.0,0.0,0.0,0.0,0.0,0.0,0.0,0.0,0.0,0.0,0.0,0.0,0.0,0.0,0.0,0.0,0.0,0.0,0.0,0.0,0.0,0.0,0.0,0.0,0.0,0.0,0.0,0.0,0.0,0.0,0.0
cinco,0.0,0.0,0.0,0.25168357835014515,-0.12175194903783301,-0.08317794909044789,0.4281306048507956,-0.3698097069650171,-0.1664210671647013,0.4523919600471813,-0.5615601047952729,-0.259953171127118,0.313064205287174,-0.6223994234281776,-0.33419162815584297,0.3166947517834888,-1.0003548059935434,-0.10677317289288225,0.375499553472656,-1.3758422561076107,-0.25730267968377163,0.4627730683438417,-1.4823316394247947,-0.344394759446207,0.5182956697238881,-1.4266262196950166,-0.38073350864547434,0.09610481691806984,-0.9953712192770817,-0.15873187549703352,0.0030356376041545154,-1.4996635336538842,-0.32688454240057585,0.16194328372847888,-1.525521610023338,-0.38393429945932517,0.28835871446562,-1.370040943430873,-0.3809263266748022,-0.06569783731061529,-0.8755869305355434,-0.22634086194634184,0.13007594745472345,-0.9031470849328288,-0.3834997312509461,0.25847840386190124,-0.7116122421555355,-0.3851404279602202,0.28059919363929514,-0.569995108300935,-0.3414117138168729,-0.13756515993923163,-0.6756108596681709,-0.3062562408247841,0.13349601078167483,-0.5623174292326868,-0.3976760781732904,0.22228186912605236,-0.43545048558514227,-0.3930844961875039,0.20749928802601106,-0.3910263182207862,-0.36376396591851745,0.0,0.0,0.0,0.0,0.0,0.0,0.0,0.0,0.0,0.0,0.0,0.0,0.0,0.0,0.0,0.0,0.0,0.0,0.0,0.0,0.0,0.0,0.0,0.0,0.0,0.0,0.0,0.0,0.0,0.0,0.0,0.0,0.0,0.0,0.0,0.0,0.0,0.0,0.0,0.0,0.0,0.0,0.0,0.0,0.0,0.0,0.0,0.0,0.0,0.0,0.0,0.0,0.0,0.0,0.0,0.0,0.0,0.0,0.0,0.0,0.0,0.0,0.0
cinco,0.0,0.0,0.0,0.25526219471530937,-0.12221901848469192,-0.08599074154213585,0.43471904722755356,-0.36489054068396354,-0.1648152980704722,0.43460408136264844,-0.5518238792566047,-0.2515823692067474,0.2933910348169347,-0.6244864738233679,-0.3200228047575751,0.3176791657022403,-0.9954976443301623,-0.10970855837857707,0.3802701484665653,-1.3757807597422154,-0.2579210058005916,0.4691378358277864,-1.4900703752848299,-0.34163719779381974,0.5247440344735591,-1.4489116694384256,-0.37450099492220984,0.09946307114032649,-0.995041254159512,-0.15789805495034792,0.005656598416446655,-1.5080544866896917,-0.3271604135908048,0.16628162546256522,-1.5356600716464874,-0.38499012500290974,0.2938045877569557,-1.3687082171890226,-0.3794271027801283,-0.06256504887334943,-0.8757358620154049,-0.2214752202295383,0.12008375620227091,-0.911977548443362,-0.38759703098337406,0.2518856947313303,-0.7201038036398761,-0.39754427009661364,0.2847783201581709,-0.5695804902339353,-0.35428428231154435,-0.13714281497813838,-0.676752294690449,-0.2958138938048589,0.12503898179938738,-0.5642550120326231,-0.39721789670973817,0.22255295894608174,-0.4303405033757463,-0.39831357465938094,0.2243120640330581,-0.37288489412977877,-0.36868077565120416,0.0,0.0,0.0,0.0,0.0,0.0,0.0,0.0,0.0,0.0,0.0,0.0,0.0,0.0,0.0,0.0,0.0,0.0,0.0,0.0,0.0,0.0,0.0,0.0,0.0,0.0,0.0,0.0,0.0,0.0,0.0,0.0,0.0,0.0,0.0,0.0,0.0,0.0,0.0,0.0,0.0,0.0,0.0,0.0,0.0,0.0,0.0,0.0,0.0,0.0,0.0,0.0,0.0,0.0,0.0,0.0,0.0,0.0,0.0,0.0,0.0,0.0,0.0
cinco,0.0,0.0,0.0,0.25351924108963025,-0.12555323524998763,-0.09427181795245643,0.4346276887279028,-0.37218781217003877,-0.1754308516479818,0.41693303415299277,-0.570000955860906,-0.261904956032781,0.2629025980881389,-0.6340417420656304,-0.3301311511544035,0.3114842133152506,-0.9827009880507178,-0.1185442136575963,0.3594736367207317,-1.377452767681777,-0.2750694126511164,0.4488631046857671,-1.4807128873813413,-0.3635807541727845,0.5146167773640072,-1.422280322160855,-0.3965685541046065,0.08882564669410865,-0.9960471898908071,-0.1599119143418712,-0.005751810710249312,-1.515074487806685,-0.33588076169949616,0.14819884041813533,-1.5369841956290249,-0.3998009730637291,0.2785221495258528,-1.367498409926041,-0.3956975492484567,-0.07645527600006578,-0.8888743659555998,-0.2167611712367502,0.09361830119423545,-0.912795024731095,-0.3937106264147748,0.23153866478961407,-0.7206879514748524,-0.4163243002386099,0.28341010591671134,-0.5647370028245969,-0.37692941672390423,-0.158977565318609,-0.6978919244888911,-0.28394293927366016,0.08483454709999029,-0.5901347830073507,-0.39023702882512795,0.20198222506634003,-0.45551501454140847,-0.3957135004458422,0.2399049664949311,-0.38916382332589533,-0.3667736280581709,0.0,0.0,0.0,0.0,0.0,0.0,0.0,0.0,0.0,0.0,0.0,0.0,0.0,0.0,0.0,0.0,0.0,0.0,0.0,0.0,0.0,0.0,0.0,0.0,0.0,0.0,0.0,0.0,0.0,0.0,0.0,0.0,0.0,0.0,0.0,0.0,0.0,0.0,0.0,0.0,0.0,0.0,0.0,0.0,0.0,0.0,0.0,0.0,0.0,0.0,0.0,0.0,0.0,0.0,0.0,0.0,0.0,0.0,0.0,0.0,0.0,0.0,0.0
cinco,0.0,0.0,0.0,0.2570409986556586,-0.11432894118084952,-0.10252827501086346,0.4446311555039088,-0.3574488686724894,-0.18743105013976308,0.4351128590938002,-0.5620310189564963,-0.27764044140120997,0.27909393823218986,-0.6350868767549622,-0.34990556645136234,0.32537292578252747,-0.9797426848632097,-0.12495500001855336,0.3805546025935658,-1.3832339305715171,-0.2888173728535263,0.46606662210144517,-1.4955664340941244,-0.38226499882422077,0.5155472566089699,-1.437813877340702,-0.41585205960465693,0.10187802711714984,-0.9947968976583699,-0.16399628883242903,0.009974841587212516,-1.5234172058840023,-0.3478036511142718,0.16599119693314052,-1.5429805457195396,-0.41884861107519494,0.2926669155638573,-1.3660377454103174,-0.41660323093500556,-0.06578845155654617,-0.8921424522042704,-0.21943292834119166,0.10538322122529524,-0.9050320694496469,-0.39994766989668046,0.24229348159888497,-0.714469762683428,-0.4301259766357567,0.2906792239818047,-0.562688723885964,-0.39404989918607247,-0.1515943392244005,-0.7095374421698171,-0.28570785123220427,0.09213408194134619,-0.5926296912708383,-0.39045479541469663,0.20656844249386927,-0.45919208960196817,-0.39903020650437776,0.23902244910392595,-0.3923928248665876,-0.3720692313524556,0.0,0.0,0.0,0.0,0.0,0.0,0.0,0.0,0.0,0.0,0.0,0.0,0.0,0.0,0.0,0.0,0.0,0.0,0.0,0.0,0.0,0.0,0.0,0.0,0.0,0.0,0.0,0.0,0.0,0.0,0.0,0.0,0.0,0.0,0.0,0.0,0.0,0.0,0.0,0.0,0.0,0.0,0.0,0.0,0.0,0.0,0.0,0.0,0.0,0.0,0.0,0.0,0.0,0.0,0.0,0.0,0.0,0.0,0.0,0.0,0.0,0.0,0.0
cinco,0.0,0.0,0.0,0.22794051214902133,-0.12103394673993569,-0.07779332068169087,0.3890467764892532,-0.3768139513974393,-0.13578588864657162,0.3569645389477171,-0.5884182274861594,-0.20116118415000292,0.20494117085892377,-0.6802803566427057,-0.24887110589878786,0.31207813834863246,-0.9710741921136252,-0.06435622779786063,0.37445585895667544,-1.3333017793792896,-0.1969830262614617,0.45102049661106536,-1.4304087432505719,-0.2686107813891619,0.49187918653000967,-1.3436662302866837,-0.28684578558424184,0.10843980929441747,-0.9941030166739211,-0.10249111604468657,0.00268570962852724,-1.5046489836301389,-0.2482166968271566,0.14278986810580135,-1.5486441698570903,-0.30068718488591933,0.25739612043744686,-1.3815136424196985,-0.2901312350160114,-0.05497889964352991,-0.891524003387842,-0.15775806809181653,0.05888753889267632,-0.9443753265062511,-0.3167334831501006,0.19329516529557414,-0.7635784495692957,-0.3440973729447276,0.2447505295628567,-0.600719695095076,-0.307967731264579,-0.15019699902677958,-0.715729720242912,-0.22067022988971377,0.05105955990249685,-0.6076527031574598,-0.3214276409552446,0.1618247909869179,-0.46229061893814166,-0.33278140356331787,0.1934494117477699,-0.3713967704623164,-0.3061849894740073,0.0,0.0,0.0,0.0,0.0,0.0,0.0,0.0,0.0,0.0,0.0,0.0,0.0,0.0,0.0,0.0,0.0,0.0,0.0,0.0,0.0,0.0,0.0,0.0,0.0,0.0,0.0,0.0,0.0,0.0,0.0,0.0,0.0,0.0,0.0,0.0,0.0,0.0,0.0,0.0,0.0,0.0,0.0,0.0,0.0,0.0,0.0,0.0,0.0,0.0,0.0,0.0,0.0,0.0,0.0,0.0,0.0,0.0,0.0,0.0,0.0,0.0,0.0
cinco,0.0,0.0,0.0,0.22500944233614448,-0.12130036568123899,-0.07610158226719903,0.39025215044980904,-0.37946851873545734,-0.13386144238493608,0.35130466430336066,-0.6002748597294988,-0.19906800350024753,0.1925633224580759,-0.686244570617021,-0.2482191019187263,0.312374605650282,-0.9646659768809048,-0.06254225204187071,0.3844441250450981,-1.3078992058400172,-0.19280280539569386,0.4560715784152881,-1.4237708503840034,-0.26664913177792093,0.48890600107046317,-1.3768640115957629,-0.28915175611302035,0.10508619034666769,-0.9944631177667796,-0.10236407439162483,0.01092931644650751,-1.505830651876701,-0.251891575954537,0.1450720361634307,-1.5479026711644834,-0.3097613047426884,0.25442101416936297,-1.3895605669941058,-0.3036956827611437,-0.05854635406585953,-0.9011506230061591,-0.15822936379837185,0.06187215766983579,-0.9417760464390714,-0.3179522266264453,0.18719542668983885,-0.7652104794632634,-0.3527960221813684,0.23401911469272074,-0.6066385146287023,-0.32330756434798946,-0.15262315262066745,-0.7333703351716443,-0.22138425047569885,0.05399960077933578,-0.6189509817417995,-0.3166588332459689,0.1597650077466799,-0.47747595742883686,-0.33026252954101937,0.19082137045740433,-0.3875571537627045,-0.30884448190521996,0.0,0.0,0.0,0.0,0.0,0.0,0.0,0.0,0.0,0.0,0.0,0.0,0.0,0.0,0.0,0.0,0.0,0.0,0.0,0.0,0.0,0.0,0.0,0.0,0.0,0.0,0.0,0.0,0.0,0.0,0.0,0.0,0.0,0.0,0.0,0.0,0.0,0.0,0.0,0.0,0.0,0.0,0.0,0.0,0.0,0.0,0.0,0.0,0.0,0.0,0.0,0.0,0.0,0.0,0.0,0.0,0.0,0.0,0.0,0.0,0.0,0.0,0.0
cinco,0.0,0.0,0.0,0.2252830326485984,-0.12300826861202717,-0.07507778837266663,0.3900561049952703,-0.3817838679741508,-0.13215795561459243,0.3474990509754353,-0.6025223012972766,-0.19679390964004048,0.1902366257367404,-0.6872151724344093,-0.2453524597778451,0.3110751010045194,-0.9657653389148821,-0.06281547002352096,0.3833763768506632,-1.313763307362334,-0.19314130691274006,0.4569910149024366,-1.431030306904038,-0.2660955171184727,0.4894633234147594,-1.3840857307632886,-0.2873450140186621,0.1014376672370424,-0.9948418968185382,-0.10286966381702797,0.007766226477957575,-1.5123098091590137,-0.2519051704669818,0.14382677563685442,-1.5531887798310986,-0.30838383526539626,0.25249239677541824,-1.3939645483988379,-0.30048664438108896,-0.06395112944679837,-0.8999219611334921,-0.1587876613829303,0.058349433711916594,-0.9400554729090714,-0.31804396894135845,0.18388089077735478,-0.762466937068287,-0.35119726948582497,0.22905952101164978,-0.6050737476308958,-0.3196959966930868,-0.15944491746838077,-0.7310963426709653,-0.2217765642468891,0.04646808192590213,-0.6204654832076364,-0.3148813458444096,0.15339509980323324,-0.4799844634683111,-0.3256955050350701,0.18437008387763978,-0.39065363903708245,-0.3019288545121619,0.0,0.0,0.0,0.0,0.0,0.0,0.0,0.0,0.0,0.0,0.0,0.0,0.0,0.0,0.0,0.0,0.0,0.0,0.0,0.0,0.0,0.0,0.0,0.0,0.0,0.0,0.0,0.0,0.0,0.0,0.0,0.0,0.0,0.0,0.0,0.0,0.0,0.0,0.0,0.0,0.0,0.0,0.0,0.0,0.0,0.0,0.0,0.0,0.0,0.0,0.0,0.0,0.0,0.0,0.0,0.0,0.0,0.0,0.0,0.0,0.0,0.0,0.0
cinco,0.0,0.0,0.0,0.21796363760002938,-0.1293579861341594,-0.07772757371401713,0.37908044597644,-0.37491563311986914,-0.132337035324285,0.31494219203575197,-0.5748823895292517,-0.19253560027945418,0.15775670325391905,-0.6628412612606633,-0.23884672580311936,0.3176858794782315,-0.9635438763435187,-0.057738543816173854,0.40328784008761215,-1.3034919392058857,-0.1785150294702211,0.49188159597244896,-1.399838894934373,-0.24734626006535085,0.5485349237445956,-1.3334298312200845,-0.2670281503093405,0.10928153079642561,-0.9940108384855719,-0.09186753933716726,0.01493201306027272,-1.5005554940956969,-0.22277092430369919,0.14352856871706385,-1.5390981962642705,-0.2755379940751341,0.25543154569944754,-1.3854332330120045,-0.26999952483735656,-0.06254560557722373,-0.8990879537436222,-0.14162955167643457,0.018460129103451222,-0.9680977313454968,-0.2910057614468894,0.1430772163852925,-0.7833366996513969,-0.32600782888938756,0.1958303796560434,-0.6137140976713064,-0.2989161245742371,-0.17404741825067113,-0.7322088126235153,-0.19770495247005485,-0.01060519371915547,-0.6431458043897335,-0.29124007607043007,0.09451288371567454,-0.4943042160182819,-0.3004113991101016,0.13236156369940083,-0.3911774588483979,-0.2751961377344915,0.0,0.0,0.0,0.0,0.0,0.0,0.0,0.0,0.0,0.0,0.0,0.0,0.0,0.0,0.0,0.0,0.0,0.0,0.0,0.0,0.0,0.0,0.0,0.0,0.0,0.0,0.0,0.0,0.0,0.0,0.0,0.0,0.0,0.0,0.0,0.0,0.0,0.0,0.0,0.0,0.0,0.0,0.0,0.0,0.0,0.0,0.0,0.0,0.0,0.0,0.0,0.0,0.0,0.0,0.0,0.0,0.0,0.0,0.0,0.0,0.0,0.0,0.0
cinco,0.0,0.0,0.0,0.21684618207376097,-0.12442884259406317,-0.07658778555689251,0.3837390682633071,-0.37239720369194146,-0.13206878015894563,0.3189049561476594,-0.5726693423844615,-0.19447684778131044,0.15815608169372747,-0.653083732794424,-0.24236239762919198,0.3242371867312919,-0.9615801532343506,-0.051449341291671585,0.4125572428865691,-1.2959233569243767,-0.17904950295613467,0.49653489449892896,-1.3902917622644315,-0.25278992516687027,0.5447799948577343,-1.3107975330493398,-0.27465663985336825,0.11407995530038148,-0.9934715717113717,-0.0882561970591434,0.014174376429548921,-1.4945553893188475,-0.2245708654042669,0.14269116118130398,-1.5329191108971185,-0.2780726369995661,0.25313875315433076,-1.3766622121979415,-0.27250493586065366,-0.0584409275711485,-0.8960895709316088,-0.14217977719753216,0.021594639137500957,-0.9700135386277511,-0.2959938623209857,0.1428262141942498,-0.7822641905606302,-0.3270028781746721,0.19017276184025578,-0.6142030958091029,-0.2969242931720491,-0.17127355575279807,-0.7257586852091724,-0.20296996599689504,-0.003362594933995495,-0.6296288509477721,-0.3016395003027855,0.09418158200547976,-0.47935288747107707,-0.3114615964378455,0.12245155394035921,-0.3854977961243938,-0.2864354853297467,0.0,0.0,0.0,0.0,0.0,0.0,0.0,0.0,0.0,0.0,0.0,0.0,0.0,0.0,0.0,0.0,0.0,0.0,0.0,0.0,0.0,0.0,0.0,0.0,0.0,0.0,0.0,0.0,0.0,0.0,0.0,0.0,0.0,0.0,0.0,0.0,0.0,0.0,0.0,0.0,0.0,0.0,0.0,0.0,0.0,0.0,0.0,0.0,0.0,0.0,0.0,0.0,0.0,0.0,0.0,0.0,0.0,0.0,0.0,0.0,0.0,0.0,0.0
cinco,0.0,0.0,0.0,0.21456681697369911,-0.12287343117036517,-0.07711283302963225,0.3862870965601512,-0.3608449517323426,-0.1332913918038034,0.31697851523510756,-0.5518723805208684,-0.19760379188844204,0.15310282775764528,-0.631229891857418,-0.2474963960511917,0.33702912341204205,-0.9585520718969035,-0.043162634156670474,0.43498893456024773,-1.2916085608863612,-0.1701019407736789,0.5220116830175885,-1.387442375672578,-0.2435470788994447,0.5707288975091639,-1.3175760878792246,-0.2652316357110447,0.12248497834548695,-0.9924703673559757,-0.0806581104203395,0.024301478529271368,-1.4869662117022278,-0.2131114324935235,0.14057828261804373,-1.5360550434440694,-0.2671060524697499,0.24237076844522704,-1.411770454409736,-0.26297625795816354,-0.05863729623871836,-0.8963482152952393,-0.13642088662017912,0.013313796877406732,-0.947625559499462,-0.28922878316991524,0.14265287435888427,-0.7533697409233613,-0.32051536966494865,0.2010109245333735,-0.5956522821645983,-0.28987338926251327,-0.18061473812823903,-0.7290198881763718,-0.1990477370339669,-0.028716776326984297,-0.6229324227913684,-0.2930113720144225,0.07281801297147308,-0.4747641019524666,-0.29881860706175506,0.10929363221409066,-0.3903009220219527,-0.27116454832285497,0.0,0.0,0.0,0.0,0.0,0.0,0.0,0.0,0.0,0.0,0.0,0.0,0.0,0.0,0.0,0.0,0.0,0.0,0.0,0.0,0.0,0.0,0.0,0.0,0.0,0.0,0.0,0.0,0.0,0.0,0.0,0.0,0.0,0.0,0.0,0.0,0.0,0.0,0.0,0.0,0.0,0.0,0.0,0.0,0.0,0.0,0.0,0.0,0.0,0.0,0.0,0.0,0.0,0.0,0.0,0.0,0.0,0.0,0.0,0.0,0.0,0.0,0.0
cinco,0.0,0.0,0.0,0.21301506650999225,-0.1195526244633181,-0.07627971540580589,0.388098185624903,-0.3623822985607712,-0.1304767193140782,0.2918377361226549,-0.5517296520017095,-0.194764827041183,0.111503523228869,-0.6335829502986883,-0.24145012260095344,0.35911057531495166,-0.9502521835007284,-0.03387206891284205,0.46951663248456826,-1.3022607502284116,-0.17199863421127493,0.5532998170512762,-1.4013371706516877,-0.24631675302800277,0.5836427086919658,-1.3049662288902315,-0.26331047379200745,0.14185308055799756,-0.9898877226919255,-0.07368329559773551,0.03174833510137524,-1.4963982481460067,-0.21691016465744434,0.14015909187234482,-1.5435176607875847,-0.2670263408967354,0.2305160009730924,-1.4047911270407618,-0.2539491922461329,-0.042273118213155846,-0.8925944304149517,-0.1346266328895072,0.014548373417958864,-0.931428053393613,-0.28931677021431385,0.13369427790873128,-0.7361231561770416,-0.30514970087889615,0.18069167455854548,-0.5998023710678264,-0.2603880495670541,-0.1655619175353866,-0.7255773592000129,-0.20365823939641736,-0.0175421713492055,-0.5998823593290937,-0.294822798331536,0.06833596000942313,-0.4525887212716769,-0.2920433474747095,0.08483432974019821,-0.39491854063118353,-0.25553102225046764,0.0,0.0,0.0,0.0,0.0,0.0,0.0,0.0,0.0,0.0,0.0,0.0,0.0,0.0,0.0,0.0,0.0,0.0,0.0,0.0,0.0,0.0,0.0,0.0,0.0,0.0,0.0,0.0,0.0,0.0,0.0,0.0,0.0,0.0,0.0,0.0,0.0,0.0,0.0,0.0,0.0,0.0,0.0,0.0,0.0,0.0,0.0,0.0,0.0,0.0,0.0,0.0,0.0,0.0,0.0,0.0,0.0,0.0,0.0,0.0,0.0,0.0,0.0
cinco,0.0,0.0,0.0,0.22166035212217408,-0.11378790181039235,-0.0751380480261228,0.39917982367085875,-0.37717276685319595,-0.12284264578900224,0.29222999262560595,-0.573658809414797,-0.1799119180812712,0.1059129859547635,-0.6462031669817107,-0.2189051796978265,0.3537623480578751,-0.949432394661736,-0.03184486486009826,0.4670447638777641,-1.2969024928798452,-0.16800706770345442,0.5459557141055771,-1.3961075644979581,-0.24025975962788162,0.5752142465250473,-1.3077148540343333,-0.25618519518373917,0.13166565554783244,-0.9912941819405375,-0.0696830658496335,0.025885650596828992,-1.493942943075644,-0.20992569955958543,0.1347280600566821,-1.548190153968875,-0.2554532629937574,0.2257976769961665,-1.417456834226504,-0.2399660320454473,-0.05139619759766533,-0.8943536288087139,-0.12874311291580004,0.016654034747019496,-0.9376143717277508,-0.2821473917704131,0.13701675690729145,-0.7342164804949308,-0.2928710047698855,0.18121311213910388,-0.5866055326270855,-0.243950067219481,-0.17269351522361537,-0.7228119753806241,-0.1959656740916916,-0.01926100473916842,-0.5993400737450143,-0.2863950728002446,0.05429827921413136,-0.451397633723361,-0.2813862252263762,0.05469970785165001,-0.392985643084503,-0.24284198634065632,0.0,0.0,0.0,0.0,0.0,0.0,0.0,0.0,0.0,0.0,0.0,0.0,0.0,0.0,0.0,0.0,0.0,0.0,0.0,0.0,0.0,0.0,0.0,0.0,0.0,0.0,0.0,0.0,0.0,0.0,0.0,0.0,0.0,0.0,0.0,0.0,0.0,0.0,0.0,0.0,0.0,0.0,0.0,0.0,0.0,0.0,0.0,0.0,0.0,0.0,0.0,0.0,0.0,0.0,0.0,0.0,0.0,0.0,0.0,0.0,0.0,0.0,0.0
cinco,0.0,0.0,0.0,0.21948169685977292,-0.11144654923807201,-0.07825332902353793,0.3942158983859308,-0.37034393381816716,-0.12809777684758403,0.2935235999864269,-0.5729812808073858,-0.18690384212907066,0.10816490324688524,-0.6536956480462791,-0.22807093227183867,0.3587051612857483,-0.9504391435379375,-0.0341830029664141,0.4735392307367833,-1.3016511164809859,-0.1713508791478125,0.552104385389911,-1.3994284052921027,-0.24445437105661555,0.5815327564839728,-1.3059610274703468,-0.2607790161006209,0.1371889962975375,-0.9905448900957868,-0.07119125687283968,0.03069931663925026,-1.4995781409503668,-0.21308717116871712,0.13737402031346643,-1.5536931736313164,-0.25977349529616883,0.22776240291009892,-1.4219226403251528,-0.24484699270074253,-0.047515577430557836,-0.8928001254816927,-0.129641624287195,0.012305859734286747,-0.9566032749204889,-0.2884619124777257,0.13129620314609014,-0.7536688887612603,-0.3015824408008943,0.17764966599841955,-0.5993613613378491,-0.2530316045325928,-0.17335067222204523,-0.7229858342205213,-0.19602650980074499,-0.021126058059699873,-0.6172569478422368,-0.29306826560201144,0.06154760774737999,-0.46277770175622407,-0.289206784822123,0.07447199582993803,-0.3886887181485655,-0.250255135514215,0.0,0.0,0.0,0.0,0.0,0.0,0.0,0.0,0.0,0.0,0.0,0.0,0.0,0.0,0.0,0.0,0.0,0.0,0.0,0.0,0.0,0.0,0.0,0.0,0.0,0.0,0.0,0.0,0.0,0.0,0.0,0.0,0.0,0.0,0.0,0.0,0.0,0.0,0.0,0.0,0.0,0.0,0.0,0.0,0.0,0.0,0.0,0.0,0.0,0.0,0.0,0.0,0.0,0.0,0.0,0.0,0.0,0.0,0.0,0.0,0.0,0.0,0.0
cinco,0.0,0.0,0.0,0.22112692374463847,-0.1154828945679099,-0.08881667532166664,0.38710861128886165,-0.3733900810892304,-0.14706011770302618,0.2670778609157189,-0.5781518340415068,-0.21447812459295038,0.0809833177023958,-0.6842571114993734,-0.2630687171882588,0.36217473997307675,-0.9521554741592296,-0.043631540488322504,0.488931469344603,-1.3093333766833064,-0.19893750183135836,0.5665853036406254,-1.3882785017225592,-0.2831191038707481,0.587912556409437,-1.2583422145125251,-0.3027418903398873,0.13612242058412566,-0.9906920240994769,-0.07964267161423179,0.04585746085111576,-1.4957254994328475,-0.24003554997508547,0.1428212539683275,-1.537204565802409,-0.2983304440854171,0.22095462292156864,-1.4011215574698357,-0.2869877514215594,-0.05178395040085834,-0.8932360889477486,-0.13876476158851592,-0.00183499808669467,-0.938028623947116,-0.3125783989465738,0.12145913214698971,-0.7134619306397424,-0.33058139298789213,0.17633813688446787,-0.5556539124636113,-0.2803089649030608,-0.17790270104912614,-0.7229660758426661,-0.2063561341137817,-0.038169005139025165,-0.6022934850270927,-0.30876929569800005,0.045102154013004866,-0.43749711810881314,-0.3032269336259253,0.06293182501147247,-0.36398543194498106,-0.2605764033874503,0.0,0.0,0.0,0.0,0.0,0.0,0.0,0.0,0.0,0.0,0.0,0.0,0.0,0.0,0.0,0.0,0.0,0.0,0.0,0.0,0.0,0.0,0.0,0.0,0.0,0.0,0.0,0.0,0.0,0.0,0.0,0.0,0.0,0.0,0.0,0.0,0.0,0.0,0.0,0.0,0.0,0.0,0.0,0.0,0.0,0.0,0.0,0.0,0.0,0.0,0.0,0.0,0.0,0.0,0.0,0.0,0.0,0.0,0.0,0.0,0.0,0.0,0.0
cinco,0.0,0.0,0.0,0.22287480621335204,-0.10732670766413922,-0.0846451816716649,0.3968150269682954,-0.38352734296965196,-0.13107972856779984,0.2778517575124006,-0.5935854485067952,-0.18569840916138666,0.08869280973011578,-0.6882655296370722,-0.2214028289888772,0.3629564705143738,-0.9480430027247407,-0.029911065107551635,0.4908987649622955,-1.3031535914597456,-0.17998722307462747,0.5561613806233122,-1.392843462275209,-0.2600723392085193,0.5657096007664528,-1.2795731709349318,-0.27595721847684346,0.13874650813994255,-0.9903279287584356,-0.06368713674310666,0.03148219521481317,-1.5037150352121256,-0.21503776713972017,0.13282642229970223,-1.5493501138687078,-0.26352726252204756,0.21539656290533366,-1.413013502714252,-0.24465208401820587,-0.04704506287760751,-0.8908428823885769,-0.12135771284106898,-0.010969725147785547,-0.9534954131903185,-0.2954571713577267,0.1145686038072062,-0.7290087238746845,-0.3086808351602654,0.1682220337959598,-0.5653508595339373,-0.2521578460296724,-0.17892256043540303,-0.7217784625824017,-0.18671986636155277,-0.048528506352604146,-0.6265898700325526,-0.29420551236109943,0.037299848741285925,-0.4638390677843216,-0.286993501815145,0.05585732167505963,-0.3855121116328539,-0.2403242332111535,0.0,0.0,0.0,0.0,0.0,0.0,0.0,0.0,0.0,0.0,0.0,0.0,0.0,0.0,0.0,0.0,0.0,0.0,0.0,0.0,0.0,0.0,0.0,0.0,0.0,0.0,0.0,0.0,0.0,0.0,0.0,0.0,0.0,0.0,0.0,0.0,0.0,0.0,0.0,0.0,0.0,0.0,0.0,0.0,0.0,0.0,0.0,0.0,0.0,0.0,0.0,0.0,0.0,0.0,0.0,0.0,0.0,0.0,0.0,0.0,0.0,0.0,0.0
cinco,0.0,0.0,0.0,0.2172313527330303,-0.109329281542576,-0.09392554509998416,0.3891548165617206,-0.3629845831743009,-0.15143910097825136,0.27830316971301283,-0.5659802989553157,-0.21723630157856913,0.09203626463710522,-0.6661127117452862,-0.2642983606642812,0.3727652589082157,-0.9428296996560648,-0.03943537763190774,0.507384334108054,-1.2902444252776921,-0.20034297821420127,0.5719374549084585,-1.385802562793456,-0.28931522484267636,0.5781465720631777,-1.2780566141023955,-0.31224204179469905,0.1435789112526342,-0.989638871631217,-0.07308154616188473,0.045483042394535725,-1.4934865183168742,-0.23961707439106095,0.13591774089552483,-1.5310765997238138,-0.2988684973302115,0.21116570873651308,-1.3937486282224516,-0.2860556548567034,-0.04479747089354849,-0.8956444661860227,-0.1315292231242296,-0.00563397098359508,-0.9429217777432984,-0.30960046619866194,0.11588540089485272,-0.7161767529377252,-0.3267405799190513,0.17181679911377604,-0.5638982857699704,-0.2738760771489842,-0.17354474470378095,-0.7293885909594101,-0.1992948777342387,-0.04647561682498766,-0.6027066924623247,-0.30609084380809437,0.03338069974080492,-0.43821648293323473,-0.3035901773146122,0.05242035135299634,-0.37086523669479143,-0.26158846723000573,0.0,0.0,0.0,0.0,0.0,0.0,0.0,0.0,0.0,0.0,0.0,0.0,0.0,0.0,0.0,0.0,0.0,0.0,0.0,0.0,0.0,0.0,0.0,0.0,0.0,0.0,0.0,0.0,0.0,0.0,0.0,0.0,0.0,0.0,0.0,0.0,0.0,0.0,0.0,0.0,0.0,0.0,0.0,0.0,0.0,0.0,0.0,0.0,0.0,0.0,0.0,0.0,0.0,0.0,0.0,0.0,0.0,0.0,0.0,0.0,0.0,0.0,0.0
cinco,0.0,0.0,0.0,0.22007456927911972,-0.12110136530754492,-0.0769732200514831,0.3951634776237985,-0.36742249911184627,-0.13293592934244441,0.2961586075468585,-0.5629322002471435,-0.19769653588459546,0.11425786756519085,-0.6489929842898897,-0.2416959672767605,0.3564667052148868,-0.9429844992974339,-0.05268187496107967,0.4766892230053139,-1.3087479206746104,-0.2089882308215471,0.5266700989678821,-1.396781276895142,-0.29219797685905313,0.5228369169134244,-1.2858195116187683,-0.3124005562557353,0.12279889474158667,-0.9924315751981315,-0.09194566856918701,0.017999579755748382,-1.4818363228128426,-0.2503196373334978,0.12781616295023612,-1.5095991283188501,-0.2997967112143673,0.21991974464253056,-1.3606223166447844,-0.28441320413471843,-0.0602790327070324,-0.8953561887770334,-0.15232671137278875,0.013287323997705897,-0.9025308235069207,-0.3114928699640885,0.13232541635424097,-0.7103447063161683,-0.3188974797841906,0.17601344552810927,-0.5730063192961489,-0.26724172130757845,-0.17672977806876353,-0.7135357449911132,-0.22192365108672799,-0.013566664284320363,-0.5697116872193665,-0.3123273001137699,0.06612222079954641,-0.4371465132102176,-0.3050410140891619,0.07500490263418608,-0.39063827807387763,-0.26398686977566105,0.0,0.0,0.0,0.0,0.0,0.0,0.0,0.0,0.0,0.0,0.0,0.0,0.0,0.0,0.0,0.0,0.0,0.0,0.0,0.0,0.0,0.0,0.0,0.0,0.0,0.0,0.0,0.0,0.0,0.0,0.0,0.0,0.0,0.0,0.0,0.0,0.0,0.0,0.0,0.0,0.0,0.0,0.0,0.0,0.0,0.0,0.0,0.0,0.0,0.0,0.0,0.0,0.0,0.0,0.0,0.0,0.0,0.0,0.0,0.0,0.0,0.0,0.0
cinco,0.0,0.0,0.0,0.22591521108883425,-0.11717428104582119,-0.08484279724638624,0.4040702216406274,-0.36602584750003564,-0.1431037856003108,0.30737755522808213,-0.5645638997164982,-0.2088479197595197,0.13122651943736968,-0.6499730416288646,-0.256608861875607,0.3653034354199239,-0.9490457101627624,-0.05266860239797433,0.4807912516255347,-1.3013496071695319,-0.20524374576689483,0.5323831340499027,-1.405325606617809,-0.2913729181497437,0.5387875247822264,-1.3254714622071233,-0.31747632944340287,0.1318263998412275,-0.9912728183022577,-0.08938886219453582,0.022049312737005482,-1.479778773790262,-0.24998693178229894,0.122497563617826,-1.5219543136637732,-0.3087560443942459,0.21524046594106788,-1.4049974864121233,-0.3022997431286861,-0.05713056518703144,-0.8955997660337361,-0.147362902240976,0.007909225750749777,-0.9320642345386065,-0.3162151316639343,0.13563343848640266,-0.7305295184408719,-0.334704266011346,0.19287432781769628,-0.5867765880218423,-0.2903971712585315,-0.18476738568431325,-0.721829084892337,-0.21405450345969185,-0.033183038269846005,-0.6043768828378058,-0.31359350712415723,0.053138017691214796,-0.4590604756111559,-0.31110593725812175,0.07493952893769552,-0.3964162131708647,-0.27423109031797627,0.0,0.0,0.0,0.0,0.0,0.0,0.0,0.0,0.0,0.0,0.0,0.0,0.0,0.0,0.0,0.0,0.0,0.0,0.0,0.0,0.0,0.0,0.0,0.0,0.0,0.0,0.0,0.0,0.0,0.0,0.0,0.0,0.0,0.0,0.0,0.0,0.0,0.0,0.0,0.0,0.0,0.0,0.0,0.0,0.0,0.0,0.0,0.0,0.0,0.0,0.0,0.0,0.0,0.0,0.0,0.0,0.0,0.0,0.0,0.0,0.0,0.0,0.0
cinco,0.0,0.0,0.0,0.2233438231845864,-0.11439298409948233,-0.0842877548840244,0.39878888240743937,-0.3641665905429966,-0.14223483095992115,0.2916701198997939,-0.5699908859501128,-0.2074576133627171,0.10681570357609378,-0.6558349806543684,-0.2530968844427949,0.3556295080837997,-0.9455874571094239,-0.05815981970475272,0.4719254900860466,-1.3186884048525593,-0.21556765430520844,0.5288677032377394,-1.4076031046444961,-0.30087139193620754,0.5360570498776652,-1.301601324180614,-0.32261731176539105,0.12047699593768728,-0.9927161192656391,-0.09453455301217177,0.016459398113180077,-1.4920151651737106,-0.25228964984581553,0.12727125890200588,-1.5272961604692885,-0.3041217797005588,0.22004961411354196,-1.39052040610322,-0.2902309155855458,-0.06535947893285227,-0.8933838263612279,-0.15244278813054066,0.009150350114444946,-0.9039452225511927,-0.31846126444284306,0.13601061128736022,-0.7094810243081383,-0.33150531063581773,0.18636094672011982,-0.5682087425984388,-0.281313164354259,-0.1881844896746961,-0.7136740314433051,-0.2191807066271562,-0.029944136736491378,-0.5824107668207803,-0.31641336792992064,0.05596592056626027,-0.44462850623150674,-0.31041085795620355,0.07204049841513749,-0.3894210402287226,-0.2687408891236047,0.0,0.0,0.0,0.0,0.0,0.0,0.0,0.0,0.0,0.0,0.0,0.0,0.0,0.0,0.0,0.0,0.0,0.0,0.0,0.0,0.0,0.0,0.0,0.0,0.0,0.0,0.0,0.0,0.0,0.0,0.0,0.0,0.0,0.0,0.0,0.0,0.0,0.0,0.0,0.0,0.0,0.0,0.0,0.0,0.0,0.0,0.0,0.0,0.0,0.0,0.0,0.0,0.0,0.0,0.0,0.0,0.0,0.0,0.0,0.0,0.0,0.0,0.0
cinco,0.0,0.0,0.0,0.2255765682764556,-0.12353189745101786,-0.06680513259783609,0.3960815054390416,-0.36319772587330873,-0.1192630498143879,0.34844831515303265,-0.5660267800638882,-0.1828683352273047,0.19931185660043407,-0.659506008816516,-0.22968062606419012,0.3320045644805977,-0.9569971196917288,-0.07060542528269598,0.40277559043948485,-1.380370198931834,-0.22107382281307947,0.4760256702204661,-1.4620882566944726,-0.29408572326748694,0.5001992072438368,-1.3362682792133325,-0.30194992981335045,0.11444877916135882,-0.9934291504422821,-0.11316546714986139,-0.011359451454379929,-1.5347036568269825,-0.26349249522583457,0.12320984725006179,-1.5524242103546344,-0.30691713837058476,0.2333903272691719,-1.3530007003800877,-0.28236331111804247,-0.0622098871932046,-0.8930990567430611,-0.17284046656481572,0.033879588096099734,-0.9421423360996339,-0.3367981109298771,0.18567676981492146,-0.7739797936814522,-0.35550827971480053,0.2572683317679383,-0.6111375345397363,-0.30476557203615484,-0.17672996168615823,-0.7136006729069003,-0.23873964001865663,0.0016992247872763186,-0.6309874109561942,-0.3373877803119093,0.13211408752994458,-0.5049158644665065,-0.3353660691776843,0.19484188355119447,-0.4127688000337597,-0.29148143739270976,0.0,0.0,0.0,0.0,0.0,0.0,0.0,0.0,0.0,0.0,0.0,0.0,0.0,0.0,0.0,0.0,0.0,0.0,0.0,0.0,0.0,0.0,0.0,0.0,0.0,0.0,0.0,0.0,0.0,0.0,0.0,0.0,0.0,0.0,0.0,0.0,0.0,0.0,0.0,0.0,0.0,0.0,0.0,0.0,0.0,0.0,0.0,0.0,0.0,0.0,0.0,0.0,0.0,0.0,0.0,0.0,0.0,0.0,0.0,0.0,0.0,0.0,0.0
cinco,0.0,0.0,0.0,0.23651203631988302,-0.12171247926586812,-0.08236550752356635,0.4139717181322945,-0.356243031638352,-0.141368030752016,0.36397196705403567,-0.5589897089987251,-0.2083508987821318,0.20281980628705296,-0.642183334268814,-0.25577164977305955,0.3344167448733768,-0.9623477449812545,-0.08274019282097793,0.40239978299823387,-1.3981666438575755,-0.23718711551884158,0.4742845995078102,-1.4802385379776044,-0.30851212837265285,0.4969049722788202,-1.3295753842985747,-0.31379471750756505,0.11292082097063211,-0.9936039896212768,-0.11721801350572297,-0.00888246674265158,-1.5211682357100802,-0.26778798376925117,0.12508766049724324,-1.5365648022292857,-0.3092828234543375,0.23628185814406985,-1.3351163068200822,-0.28505493452032316,-0.06260800461285083,-0.8863545063380992,-0.17052176134895286,0.030007197980248087,-0.9220641533702135,-0.33254502596920155,0.17365169672925795,-0.7556415437885641,-0.3454825318769767,0.24057648925578795,-0.598238015427979,-0.29272463206133364,-0.1754265369277974,-0.6995751914521152,-0.23222947367901126,-0.005224068773255959,-0.6072711025031329,-0.33252533741201856,0.12300698755039145,-0.4874680114767284,-0.33053484150112744,0.1856000678924913,-0.4036849923140585,-0.2867672649848325,0.0,0.0,0.0,0.0,0.0,0.0,0.0,0.0,0.0,0.0,0.0,0.0,0.0,0.0,0.0,0.0,0.0,0.0,0.0,0.0,0.0,0.0,0.0,0.0,0.0,0.0,0.0,0.0,0.0,0.0,0.0,0.0,0.0,0.0,0.0,0.0,0.0,0.0,0.0,0.0,0.0,0.0,0.0,0.0,0.0,0.0,0.0,0.0,0.0,0.0,0.0,0.0,0.0,0.0,0.0,0.0,0.0,0.0,0.0,0.0,0.0,0.0,0.0
cinco,0.0,0.0,0.0,0.25087094877002336,-0.14726198175506705,-0.06828544127840523,0.42462345204715335,-0.396911673621792,-0.13722080153657862,0.41400573687930203,-0.5915370815572832,-0.21844472076777843,0.284175139219921,-0.6541765247458864,-0.284460861559451,0.2875385718930325,-1.00053153106832,-0.09824930594483502,0.30335672850251166,-1.4175029588363341,-0.2464061625474427,0.4185420190309598,-1.5158501212264608,-0.330076497035227,0.5049122894122607,-1.4461450784979917,-0.35770653640273425,0.08040119912475124,-0.9967625831557394,-0.15002790738031976,-0.005665435390342486,-1.53383365619134,-0.31452543516414644,0.16399705272390375,-1.5553919204716797,-0.3743280383707989,0.297617445289007,-1.370071927152728,-0.36737553671321566,-0.07478617341273953,-0.8869236630209093,-0.21470713167962657,0.10908866394098193,-0.9363409302544455,-0.3846391731818863,0.2624053427379877,-0.7525137936477426,-0.41235271830158166,0.3235035217895898,-0.5894639246461193,-0.3757331198195524,-0.1511404647163572,-0.7022296683943129,-0.2862251708561223,0.10204626698670254,-0.6213070588817805,-0.3799346133949129,0.22781864998121226,-0.4865718821919092,-0.37827074067113076,0.2728094056710446,-0.4020421539677926,-0.344467724076022,0.0,0.0,0.0,0.0,0.0,0.0,0.0,0.0,0.0,0.0,0.0,0.0,0.0,0.0,0.0,0.0,0.0,0.0,0.0,0.0,0.0,0.0,0.0,0.0,0.0,0.0,0.0,0.0,0.0,0.0,0.0,0.0,0.0,0.0,0.0,0.0,0.0,0.0,0.0,0.0,0.0,0.0,0.0,0.0,0.0,0.0,0.0,0.0,0.0,0.0,0.0,0.0,0.0,0.0,0.0,0.0,0.0,0.0,0.0,0.0,0.0,0.0,0.0
cinco,0.0,0.0,0.0,0.25505364832841226,-0.15833182362247097,-0.06500752324282252,0.42999643017721373,-0.4336916615080089,-0.13572511827308778,0.480453017706214,-0.6341921763085628,-0.22045414774814134,0.3635013934169672,-0.688895713735109,-0.2885970190078052,0.22848062965929306,-1.0282734385455536,-0.10006135116233625,0.22879117925737363,-1.445083509851552,-0.24526471725650106,0.36119733874781074,-1.554061232658943,-0.3306655003213201,0.46474305724263915,-1.496946005545696,-0.3640434043877071,0.03384729253693651,-0.9994270162387641,-0.15756362179962563,-0.0335463659371132,-1.524018707309508,-0.3114545802294218,0.14892195695622343,-1.546534384787484,-0.35832036377908555,0.2792539445136502,-1.3863675385590633,-0.34919615759814204,-0.09732272748600693,-0.8776288460988296,-0.22843323198677457,0.15266732291991456,-0.9667397108003964,-0.378922015023444,0.2753679164519761,-0.780482659049987,-0.3787723833406657,0.2803456202048371,-0.6374200388104181,-0.334679062810515,-0.14189491098190485,-0.6856925621423589,-0.3093685280516494,0.17389827072932001,-0.6279707297315604,-0.3919077759618517,0.2613148937253676,-0.4955616001799328,-0.37729299586166853,0.23775019063490052,-0.4247513021147585,-0.34218517965486417,0.0,0.0,0.0,0.0,0.0,0.0,0.0,0.0,0.0,0.0,0.0,0.0,0.0,0.0,0.0,0.0,0.0,0.0,0.0,0.0,0.0,0.0,0.0,0.0,0.0,0.0,0.0,0.0,0.0,0.0,0.0,0.0,0.0,0.0,0.0,0.0,0.0,0.0,0.0,0.0,0.0,0.0,0.0,0.0,0.0,0.0,0.0,0.0,0.0,0.0,0.0,0.0,0.0,0.0,0.0,0.0,0.0,0.0,0.0,0.0,0.0,0.0,0.0
cinco,0.0,0.0,0.0,0.2621914503363171,-0.15073672186000464,-0.06785316126407287,0.4282038613683089,-0.4291594179038638,-0.13615556349099392,0.4810702112372088,-0.6214184405646471,-0.21754453481246247,0.39061105763406256,-0.6964933244375671,-0.28142624539843275,0.23513215132754828,-1.0311771796021092,-0.09778360198171995,0.2563369104560061,-1.4419350502675776,-0.24298238796305507,0.3800677901829539,-1.5646167941620672,-0.3279834338282107,0.47931720669827155,-1.5207735839289303,-0.3606715692158853,0.038680276123451186,-0.9992516380967377,-0.15412005017095165,-0.03913840988233671,-1.5283475540966176,-0.3120712923325327,0.13841068546254676,-1.5717720386462826,-0.3643996207730532,0.2789590506654234,-1.4210782965905808,-0.35606516999598914,-0.0919460643398201,-0.8682965795180082,-0.22395214202909955,0.1524685341408645,-0.9658559729804724,-0.38081463193195697,0.28214800927554523,-0.7782513892931482,-0.3838302723977187,0.3019826532020138,-0.6262933742682143,-0.33711664224258325,-0.13053942839362823,-0.6751789132322035,-0.30377437447321515,0.1686306073655811,-0.6281637696299844,-0.3974963619456797,0.2663445376313284,-0.4994124677760396,-0.38814956414371865,0.2597211235787506,-0.4243630622358643,-0.35120258852149794,0.0,0.0,0.0,0.0,0.0,0.0,0.0,0.0,0.0,0.0,0.0,0.0,0.0,0.0,0.0,0.0,0.0,0.0,0.0,0.0,0.0,0.0,0.0,0.0,0.0,0.0,0.0,0.0,0.0,0.0,0.0,0.0,0.0,0.0,0.0,0.0,0.0,0.0,0.0,0.0,0.0,0.0,0.0,0.0,0.0,0.0,0.0,0.0,0.0,0.0,0.0,0.0,0.0,0.0,0.0,0.0,0.0,0.0,0.0,0.0,0.0,0.0,0.0
cinco,0.0,0.0,0.0,0.26192142885132574,-0.16434862923298427,-0.06200138356271373,0.4258237664050069,-0.4509596105956445,-0.13670953746269815,0.49073953383209223,-0.6621138796076053,-0.2269255754492562,0.3889892971486649,-0.7211021208777438,-0.2983844754329324,0.20718184644639542,-1.0363833727016776,-0.0976779689956527,0.19499960047170645,-1.4357007789120266,-0.23983948913888867,0.3237291527645815,-1.5665245602427784,-0.3187442520704333,0.4291963141748653,-1.5161464539305383,-0.3474546070140552,0.018094603428781008,-0.9998362792611375,-0.15793773715181691,-0.058583663523685936,-1.52456212137762,-0.3130847853342469,0.12720166099673727,-1.5606170615138195,-0.3524984377242247,0.27575789297561426,-1.413055446121345,-0.3353911331677734,-0.09883630516394146,-0.8763194280031815,-0.2313881219126276,0.1634760733023659,-0.959463591558446,-0.3774663003812956,0.2685228957358871,-0.7588961290951366,-0.3597195401951259,0.26183942305151753,-0.6074141150476685,-0.30239250889855895,-0.12148898529506842,-0.6890677165364767,-0.31645025240101493,0.197183656671801,-0.6468570086675635,-0.39533363990461096,0.2800942459042013,-0.522039204128835,-0.3733636402810637,0.2580316046130239,-0.4590307825802369,-0.3317788191631434,0.0,0.0,0.0,0.0,0.0,0.0,0.0,0.0,0.0,0.0,0.0,0.0,0.0,0.0,0.0,0.0,0.0,0.0,0.0,0.0,0.0,0.0,0.0,0.0,0.0,0.0,0.0,0.0,0.0,0.0,0.0,0.0,0.0,0.0,0.0,0.0,0.0,0.0,0.0,0.0,0.0,0.0,0.0,0.0,0.0,0.0,0.0,0.0,0.0,0.0,0.0,0.0,0.0,0.0,0.0,0.0,0.0,0.0,0.0,0.0,0.0,0.0,0.0
cinco,0.0,0.0,0.0,0.27218302151733176,-0.1838959875638446,-0.05306804474093571,0.4413196742122493,-0.45909471316655415,-0.12023364357017927,0.5149609696445111,-0.6577347232389773,-0.2024260390974602,0.42987220109590535,-0.7301664609041761,-0.26777901501411355,0.2134552528616923,-1.0263568894385837,-0.07837117122715168,0.22366100038419479,-1.4001289941349313,-0.2033992939082149,0.34576009999650414,-1.5417595435238447,-0.2745683553470024,0.45164424090303734,-1.5333729993711172,-0.3024598197217769,0.03792468076730378,-0.9992806005265478,-0.13925906583369704,-0.01688988956578786,-1.5233217998577133,-0.2744736620488008,0.16206673413122444,-1.5805935885751004,-0.31043954769617604,0.3128554994141487,-1.4624379559046323,-0.2962962979303401,-0.06764442909764112,-0.8812123314003937,-0.21179048221674587,0.21804872356530366,-0.9631073451618949,-0.3461653616473899,0.3107833453474542,-0.7575231203211977,-0.33261424916526283,0.3005794970324368,-0.6080286649393583,-0.2814886222958943,-0.07485298980774535,-0.703339680375493,-0.2943891968641462,0.23781935478456054,-0.674785570639126,-0.36576179993012425,0.3002042848536649,-0.5291234785612504,-0.3415528691938108,0.2665239767141205,-0.4444703407295359,-0.3007693173342334,0.0,0.0,0.0,0.0,0.0,0.0,0.0,0.0,0.0,0.0,0.0,0.0,0.0,0.0,0.0,0.0,0.0,0.0,0.0,0.0,0.0,0.0,0.0,0.0,0.0,0.0,0.0,0.0,0.0,0.0,0.0,0.0,0.0,0.0,0.0,0.0,0.0,0.0,0.0,0.0,0.0,0.0,0.0,0.0,0.0,0.0,0.0,0.0,0.0,0.0,0.0,0.0,0.0,0.0,0.0,0.0,0.0,0.0,0.0,0.0,0.0,0.0,0.0
cinco,0.0,0.0,0.0,0.28228628692420293,-0.18079930090659083,-0.04265325047808692,0.43771145232928577,-0.459064189003943,-0.10960083305070409,0.5095187328128991,-0.6672521472208353,-0.1957586623661325,0.43120370476540365,-0.7584554563002536,-0.2629110118531122,0.1978072879962353,-1.0309141258336076,-0.07536610139275648,0.22929940618394426,-1.4169521680309651,-0.2044987037561609,0.3588980794856868,-1.5573704897714087,-0.2732722117473634,0.4715576882642642,-1.5355735190850763,-0.2973684726974056,0.02470796365877808,-0.9996947116654347,-0.14298111749719966,-0.016824034312559258,-1.5406816726949926,-0.2817016088575819,0.16400309841030486,-1.615847166409108,-0.3093678676314846,0.3211661397594217,-1.5153059843453665,-0.2882910899849189,-0.06974043963822037,-0.8799039465284247,-0.2223754944367352,0.229050950485024,-0.9729862018309274,-0.3611526348909698,0.3248424479544549,-0.7661695279523066,-0.3320164261983591,0.3181790572291818,-0.6098744092514372,-0.26743854957912155,-0.06020607164201055,-0.6954511523491536,-0.3117563570746023,0.267641973570248,-0.6887091636191259,-0.386268370493108,0.32795005538864214,-0.5469577814940908,-0.35259751680810053,0.29252242282000723,-0.4612694722315709,-0.30193963948304503,0.0,0.0,0.0,0.0,0.0,0.0,0.0,0.0,0.0,0.0,0.0,0.0,0.0,0.0,0.0,0.0,0.0,0.0,0.0,0.0,0.0,0.0,0.0,0.0,0.0,0.0,0.0,0.0,0.0,0.0,0.0,0.0,0.0,0.0,0.0,0.0,0.0,0.0,0.0,0.0,0.0,0.0,0.0,0.0,0.0,0.0,0.0,0.0,0.0,0.0,0.0,0.0,0.0,0.0,0.0,0.0,0.0,0.0,0.0,0.0,0.0,0.0,0.0
cinco,0.0,0.0,0.0,0.26599194638975143,-0.17457212879458617,-0.05252755256839416,0.42641071533693076,-0.4527991620125869,-0.11295095285117034,0.49296455314139886,-0.6498008535033917,-0.18647628316010462,0.41796775212457166,-0.7474700127845056,-0.2434435301039992,0.22083173568976788,-1.014576397882869,-0.07414523453148654,0.27451012216917914,-1.3688691907271595,-0.18948192130172023,0.3835133452289878,-1.5340098986506145,-0.2546682418613542,0.471178410452525,-1.5824202324050503,-0.28310840510289675,0.04022885173227605,-0.9991904920926253,-0.1326807296035568,-0.012839490316427182,-1.5031276186122453,-0.2681894342065677,0.1652985367946632,-1.5636088642633759,-0.30421930934296676,0.31615579063361,-1.453329965554302,-0.29124543532272246,-0.06849726002573923,-0.8859939333794699,-0.20216052723640224,0.20706795343584916,-0.9498000445735769,-0.33508263934002386,0.2880225299215982,-0.7475334733879698,-0.3188629611119521,0.27296156592501813,-0.6039129612170193,-0.26797913281786573,-0.07439439536246206,-0.7131295999358852,-0.2818255901357419,0.24430216980243427,-0.6622548794135922,-0.3550950581620751,0.2932537990004918,-0.5107878161832095,-0.33349818084705124,0.2493184954670021,-0.43533362874289633,-0.2958652791151845,0.0,0.0,0.0,0.0,0.0,0.0,0.0,0.0,0.0,0.0,0.0,0.0,0.0,0.0,0.0,0.0,0.0,0.0,0.0,0.0,0.0,0.0,0.0,0.0,0.0,0.0,0.0,0.0,0.0,0.0,0.0,0.0,0.0,0.0,0.0,0.0,0.0,0.0,0.0,0.0,0.0,0.0,0.0,0.0,0.0,0.0,0.0,0.0,0.0,0.0,0.0,0.0,0.0,0.0,0.0,0.0,0.0,0.0,0.0,0.0,0.0,0.0,0.0
cinco,0.0,0.0,0.0,0.2714411837007741,-0.16684577248726776,-0.04920268732766556,0.42539083893194035,-0.44636848987209715,-0.10634679365555608,0.4853082729173571,-0.6434049468901775,-0.17667349729700746,0.41045759588979486,-0.7477312970571911,-0.2293210621306067,0.23101943512898793,-1.0126788095382597,-0.06538057065352271,0.29940247146904714,-1.3497759763690829,-0.172744617373225,0.4054902604219607,-1.4973331244943306,-0.2320424211616975,0.49269538299461146,-1.5250917290732273,-0.25672998496355864,0.05140414842860339,-0.9986779328313659,-0.12199497413868712,0.007280503215825194,-1.5013040821818153,-0.24739692991334444,0.17380811160721837,-1.5665028745099085,-0.27740810730248583,0.3141682908608905,-1.466776001062468,-0.26298920391254066,-0.058045838720060125,-0.8881149037898455,-0.1898561130981622,0.21184972297089266,-0.9552048142824472,-0.31945404276310435,0.29688910526429907,-0.7470429078010371,-0.30349469388962813,0.28322745372024355,-0.6018583243654424,-0.2536327953337198,-0.06593167013019335,-0.713668925823066,-0.2670293791515637,0.25132100215548636,-0.667053685396109,-0.3400223635843775,0.3025214025093051,-0.5121320264283828,-0.31964326698412604,0.25589397506045336,-0.4344216587971789,-0.2833218300967807,0.0,0.0,0.0,0.0,0.0,0.0,0.0,0.0,0.0,0.0,0.0,0.0,0.0,0.0,0.0,0.0,0.0,0.0,0.0,0.0,0.0,0.0,0.0,0.0,0.0,0.0,0.0,0.0,0.0,0.0,0.0,0.0,0.0,0.0,0.0,0.0,0.0,0.0,0.0,0.0,0.0,0.0,0.0,0.0,0.0,0.0,0.0,0.0,0.0,0.0,0.0,0.0,0.0,0.0,0.0,0.0,0.0,0.0,0.0,0.0,0.0,0.0,0.0
cinco,0.0,0.0,0.0,0.2695180605807685,-0.1596418002498174,-0.047723101063812605,0.4277123715119308,-0.44179695828142124,-0.10594161537729077,0.4897746240093181,-0.6453946786802661,-0.17837034449857117,0.4040356660421384,-0.7288300634800887,-0.23317085191495426,0.23500249292643485,-1.0117644214719057,-0.06253478806816189,0.3062441872035217,-1.3450142805512433,-0.16893478988818966,0.4117342982268546,-1.489654656604828,-0.22633345468172925,0.4978198812594419,-1.5112224122880784,-0.25003938898049155,0.0553261406624357,-0.9984683360825221,-0.12142716228981276,0.013274656801780315,-1.4938501856743707,-0.2466299329140266,0.17646606726624012,-1.557875390987816,-0.27405371244452853,0.31530553627241825,-1.4612571861902273,-0.2578586452750956,-0.05402217578492592,-0.8861549859999163,-0.19189126816598773,0.21779392420706026,-0.9471047180343158,-0.3203113807987819,0.2984087417287228,-0.7406723016182317,-0.30128270670241375,0.2837733696141316,-0.5950994287854254,-0.24966644913854913,-0.06096103502566281,-0.7074203141955401,-0.27199206449902824,0.2534277815595057,-0.6594412355937352,-0.34343653561677345,0.3007133745515107,-0.5061865673236154,-0.32169576174955034,0.2549706398669448,-0.4296679067399723,-0.2848853925200379,0.0,0.0,0.0,0.0,0.0,0.0,0.0,0.0,0.0,0.0,0.0,0.0,0.0,0.0,0.0,0.0,0.0,0.0,0.0,0.0,0.0,0.0,0.0,0.0,0.0,0.0,0.0,0.0,0.0,0.0,0.0,0.0,0.0,0.0,0.0,0.0,0.0,0.0,0.0,0.0,0.0,0.0,0.0,0.0,0.0,0.0,0.0,0.0,0.0,0.0,0.0,0.0,0.0,0.0,0.0,0.0,0.0,0.0,0.0,0.0,0.0,0.0,0.0
cinco,0.0,0.0,0.0,0.2690149619109196,-0.15569206891939044,-0.04681694266335368,0.4305087842304822,-0.4374952171817075,-0.10467933305455396,0.4941066647887732,-0.6407062299204982,-0.17683571456365096,0.4061830896118229,-0.7224305311210093,-0.23108549407413684,0.24466891480344877,-1.008878517321229,-0.062497020620426905,0.31532546200157935,-1.3431962630728487,-0.16755853841002075,0.42169450955287047,-1.4861653206628163,-0.22415789805046574,0.5087799857107838,-1.5083874149783592,-0.24820481945351786,0.0646037405544681,-0.997910996385134,-0.1224167402843637,0.018166772686511224,-1.4921397761067765,-0.2470371395246224,0.18070351300211016,-1.558446184699218,-0.2745114406313151,0.31961324905194993,-1.46434133514576,-0.2591691051674027,-0.04659202324514536,-0.8849471542366847,-0.19371908930503984,0.222169532533404,-0.9436823193467901,-0.3209968191879769,0.3023401035620424,-0.7380906536392695,-0.300969087864094,0.28776901566186547,-0.5932235205898491,-0.24953817217067256,-0.05499089539100253,-0.703961529857869,-0.27474622953042277,0.2567221763131949,-0.6533407726280351,-0.3462278172143066,0.30498228012977835,-0.5023558932018657,-0.3247596767292314,0.261161842340766,-0.42816060112829557,-0.2885176293225279,0.0,0.0,0.0,0.0,0.0,0.0,0.0,0.0,0.0,0.0,0.0,0.0,0.0,0.0,0.0,0.0,0.0,0.0,0.0,0.0,0.0,0.0,0.0,0.0,0.0,0.0,0.0,0.0,0.0,0.0,0.0,0.0,0.0,0.0,0.0,0.0,0.0,0.0,0.0,0.0,0.0,0.0,0.0,0.0,0.0,0.0,0.0,0.0,0.0,0.0,0.0,0.0,0.0,0.0,0.0,0.0,0.0,0.0,0.0,0.0,0.0,0.0,0.0
cinco,0.0,0.0,0.0,0.2717922118075623,-0.16236309201820764,-0.0463644206503066,0.42585956885367365,-0.429078811075664,-0.1006948776286158,0.48476439402641514,-0.6236926895521497,-0.1682635256564306,0.4073225844307086,-0.7496558718381153,-0.2165453119521731,0.250281880396415,-0.9963847096246224,-0.055951378434769904,0.3330416528186178,-1.3314442342257353,-0.1553717564108896,0.44138696783717046,-1.4622006991870709,-0.20687347262200492,0.5277663994282457,-1.4759933168639596,-0.22593667703127895,0.07349839634224342,-0.9972953352618865,-0.11126479966674561,0.033323109739563726,-1.507659623746547,-0.23017147793078735,0.19649421158248315,-1.5798775948100212,-0.25380430021770484,0.3348755815711534,-1.487147823126773,-0.23471403656881548,-0.03690126810778853,-0.8954353874361728,-0.17806188561912054,0.22412357891158902,-0.9527902115242097,-0.30472838388724205,0.30535320365804247,-0.747698277875581,-0.28669078445881285,0.2919433022983648,-0.5984525484320828,-0.23428908690800598,-0.04948725299582039,-0.7232001280155068,-0.2536115068729098,0.2624697207156983,-0.6669764698425268,-0.3263096374159225,0.31717865946446655,-0.5141188551553497,-0.30425889860498834,0.2775064056212211,-0.4313043064602461,-0.2652274254956608,0.0,0.0,0.0,0.0,0.0,0.0,0.0,0.0,0.0,0.0,0.0,0.0,0.0,0.0,0.0,0.0,0.0,0.0,0.0,0.0,0.0,0.0,0.0,0.0,0.0,0.0,0.0,0.0,0.0,0.0,0.0,0.0,0.0,0.0,0.0,0.0,0.0,0.0,0.0,0.0,0.0,0.0,0.0,0.0,0.0,0.0,0.0,0.0,0.0,0.0,0.0,0.0,0.0,0.0,0.0,0.0,0.0,0.0,0.0,0.0,0.0,0.0,0.0
cinco,0.0,0.0,0.0,0.26879460322054227,-0.16067372981796385,-0.04662050650535849,0.4220851506367365,-0.4336148990064067,-0.10191480194651358,0.47394747286543376,-0.628433641876205,-0.1704127429965591,0.3909796643030502,-0.7437851391977995,-0.21978908813955372,0.24073452508860355,-0.9986903188225107,-0.0625114237263324,0.32374758506561974,-1.338067286387183,-0.16572613080243617,0.43489454179526177,-1.467237629501415,-0.2189387786496749,0.5232454682447641,-1.4791507545775482,-0.23869421694295334,0.06110705420483632,-0.9981312177897289,-0.11863072852542855,0.025022952019341377,-1.5089659154276784,-0.24090988584363557,0.18981372035693092,-1.578233708172189,-0.2655018091363304,0.32757991176692025,-1.4841366922762869,-0.24670305716640073,-0.05131234349700843,-0.8940512837108158,-0.1858946232882995,0.2167363915788996,-0.9454890588478536,-0.31503938494963085,0.2980310981026516,-0.7375582084595739,-0.2960308500621304,0.2851177607237766,-0.5886743326227095,-0.24233466024182135,-0.0634685298851604,-0.7184184204635833,-0.2618666321658895,0.24795914749374262,-0.6602066165832919,-0.33491396829715253,0.301188014432234,-0.5054967111351859,-0.3108811460372395,0.26204302013918873,-0.4238170675113628,-0.2701327272816747,0.0,0.0,0.0,0.0,0.0,0.0,0.0,0.0,0.0,0.0,0.0,0.0,0.0,0.0,0.0,0.0,0.0,0.0,0.0,0.0,0.0,0.0,0.0,0.0,0.0,0.0,0.0,0.0,0.0,0.0,0.0,0.0,0.0,0.0,0.0,0.0,0.0,0.0,0.0,0.0,0.0,0.0,0.0,0.0,0.0,0.0,0.0,0.0,0.0,0.0,0.0,0.0,0.0,0.0,0.0,0.0,0.0,0.0,0.0,0.0,0.0,0.0,0.0
cinco,0.0,0.0,0.0,0.24969685934420532,-0.16028261742918967,-0.03819152362899992,0.3989429913478266,-0.4321247960279814,-0.08664499150050568,0.44370688903254496,-0.6223780989325608,-0.1496036666915522,0.35518107113803593,-0.7307715789763665,-0.19404015491057652,0.24817167354764189,-0.9981880476237385,-0.04520326976630709,0.29600091559110164,-1.3288745126911983,-0.1530985497502447,0.39585704446359954,-1.4187294330437823,-0.21264113606164545,0.4750726769168387,-1.373364828002607,-0.23283688145108875,0.06642637519376574,-0.9977913292260147,-0.10107933646358405,0.002640477161662168,-1.4933163248438681,-0.22413222459680365,0.1651881745730253,-1.5461311384906078,-0.25741582911037186,0.2969852850936665,-1.4312621169916842,-0.24354282810294967,-0.05898850414706767,-0.897223694531512,-0.1684916757594526,0.1671007357615691,-0.945094381190193,-0.2988010922886293,0.2751428948329943,-0.7441177033345773,-0.2930133397947827,0.28296011586930336,-0.597786589122927,-0.24609363337134613,-0.0986843003444385,-0.7257627696408527,-0.2427283096535166,0.18377656362821235,-0.6623374158047481,-0.3088532082116328,0.263830551173743,-0.5176688774869408,-0.2875423810758094,0.2479857716897713,-0.43915217373259013,-0.24882590855899128,0.0,0.0,0.0,0.0,0.0,0.0,0.0,0.0,0.0,0.0,0.0,0.0,0.0,0.0,0.0,0.0,0.0,0.0,0.0,0.0,0.0,0.0,0.0,0.0,0.0,0.0,0.0,0.0,0.0,0.0,0.0,0.0,0.0,0.0,0.0,0.0,0.0,0.0,0.0,0.0,0.0,0.0,0.0,0.0,0.0,0.0,0.0,0.0,0.0,0.0,0.0,0.0,0.0,0.0,0.0,0.0,0.0,0.0,0.0,0.0,0.0,0.0,0.0
seis,0.0,0.0,0.0,0.10240609275426973,-0.37350357058267936,0.04668135222992068,0.3438639173603317,-0.6783379523015076,0.025244552921230918,0.5874760215952584,-0.7452052968015561,-0.020859824467249502,0.7688119753621203,-0.726512115085722,-0.05441267366524873,0.3811211689551779,-1.0309383737162208,0.022733941846389983,0.7831081075805124,-0.9076428630380781,-0.06719991856612807,0.8739608841240327,-0.719441668647998,-0.12474474956335375,0.8871707223652636,-0.58796882068883,-0.1551411230656573,0.41596915934681516,-0.9093787211455433,-0.049410662741840666,0.8385617368514271,-0.7303992014344757,-0.11436508521861982,0.8210471535869371,-0.574911551826414,-0.12549614183453384,0.7400473075272754,-0.5221301752254403,-0.1280984271409089,0.4500750904222421,-0.7356712363194204,-0.12687405787592027,0.840058061034153,-0.5117581274301644,-0.1579745748199022,0.7672420364541161,-0.3961097754416656,-0.12217908090789424,0.6610011123633369,-0.40241279790395124,-0.09885090702082201,0.48185414775902,-0.5206369024302906,-0.2079879018683152,0.7612735223548819,-0.3176170256993777,-0.19691399917204314,0.6910233333030626,-0.2286061429815988,-0.1544040222542584,0.595161322629606,-0.2469999072915089,-0.12590039109097942,0.0,0.0,0.0,0.0,0.0,0.0,0.0,0.0,0.0,0.0,0.0,0.0,0.0,0.0,0.0,0.0,0.0,0.0,0.0,0.0,0.0,0.0,0.0,0.0,0.0,0.0,0.0,0.0,0.0,0.0,0.0,0.0,0.0,0.0,0.0,0.0,0.0,0.0,0.0,0.0,0.0,0.0,0.0,0.0,0.0,0.0,0.0,0.0,0.0,0.0,0.0,0.0,0.0,0.0,0.0,0.0,0.0,0.0,0.0,0.0,0.0,0.0,0.0
seis,0.0,0.0,0.0,0.1008647279729065,-0.36980252089582566,0.04180272505517698,0.3411096670022746,-0.6721907672947999,0.01930157570152813,0.5880966608895422,-0.7384424912769599,-0.025697004977771814,0.7676125444770177,-0.7135609577533194,-0.05993133524146971,0.39953724148873354,-1.0164684767155225,0.022956537063846493,0.7958315206369612,-0.8893363811927323,-0.06240289687587309,0.8757843637643292,-0.7031644345790788,-0.1202809817123126,0.8731835721843195,-0.579776489840906,-0.1522040191172994,0.4327291658741405,-0.9015239702869086,-0.04397742559356032,0.836076805073646,-0.7203225729849582,-0.09674254003031776,0.8134314282384232,-0.5631280283432136,-0.10600674130989673,0.7309597256625571,-0.5123079629867022,-0.11156916492580057,0.46157112148449647,-0.7298654519241253,-0.11636122582713285,0.8352213155202953,-0.5179014917488176,-0.14097251248906448,0.7636849690556379,-0.3926944322528942,-0.10589807512984294,0.6605161766817096,-0.3939093898066606,-0.08487826223156154,0.4916933589156348,-0.5174095298960926,-0.19254672482578583,0.7691567068114522,-0.3337258104475344,-0.17876016744433948,0.694750890425612,-0.23524117398867395,-0.13619355334750094,0.5929103581476756,-0.2507551338094896,-0.10759234257289568,0.0,0.0,0.0,0.0,0.0,0.0,0.0,0.0,0.0,0.0,0.0,0.0,0.0,0.0,0.0,0.0,0.0,0.0,0.0,0.0,0.0,0.0,0.0,0.0,0.0,0.0,0.0,0.0,0.0,0.0,0.0,0.0,0.0,0.0,0.0,0.0,0.0,0.0,0.0,0.0,0.0,0.0,0.0,0.0,0.0,0.0,0.0,0.0,0.0,0.0,0.0,0.0,0.0,0.0,0.0,0.0,0.0,0.0,0.0,0.0,0.0,0.0,0.0
seis,0.0,0.0,0.0,0.1061712779781463,-0.3603794504348151,0.04224490976235952,0.34248360101309644,-0.6611724804491674,0.01931304901770985,0.5830054369045929,-0.7322248291423497,-0.0259023353212452,0.7558310677432063,-0.7176055735116725,-0.05908154835998592,0.39428201952471237,-1.0117264495027096,0.023232564376909976,0.7919327243326247,-0.8759549234486798,-0.06356497293706856,0.85084727102625,-0.6968624128187798,-0.11982216945788761,0.8277118815331612,-0.5843728343134529,-0.1496562407886062,0.42590380126990496,-0.9047684521820184,-0.04296435585427209,0.8338777115159315,-0.7214060496433202,-0.09863604241689082,0.8021032800600013,-0.575512342770246,-0.10669804562943756,0.7102554541063966,-0.5296927045958487,-0.10976816142632645,0.4549495295632387,-0.7432836915197691,-0.11469938984234633,0.828523504995181,-0.5279257662774295,-0.1386181281114506,0.7524867490804996,-0.4088898085104515,-0.10192066509896805,0.6469860906649008,-0.41147983693582857,-0.07928428182174917,0.4857243920799616,-0.5418731481812691,-0.19045667988034962,0.7595089941070788,-0.35121509280075053,-0.17606177408495896,0.6865879406216523,-0.2553600327739592,-0.1341988562773855,0.5876569530902349,-0.27183079322947357,-0.10558278003446897,0.0,0.0,0.0,0.0,0.0,0.0,0.0,0.0,0.0,0.0,0.0,0.0,0.0,0.0,0.0,0.0,0.0,0.0,0.0,0.0,0.0,0.0,0.0,0.0,0.0,0.0,0.0,0.0,0.0,0.0,0.0,0.0,0.0,0.0,0.0,0.0,0.0,0.0,0.0,0.0,0.0,0.0,0.0,0.0,0.0,0.0,0.0,0.0,0.0,0.0,0.0,0.0,0.0,0.0,0.0,0.0,0.0,0.0,0.0,0.0,0.0,0.0,0.0
seis,0.0,0.0,0.0,0.11437450811671368,-0.37997880088246233,0.0354882885242185,0.349657733822714,-0.6938394929739102,0.007904393964544891,0.5946734847571817,-0.7694493655620207,-0.04058448626091233,0.777691586826107,-0.7424640063027874,-0.07769566186720736,0.3938708284306781,-1.0358958585471614,-0.00019003246034703003,0.798722423209691,-0.9572923638988629,-0.08714762217573375,0.9151840261747262,-0.7671138867196358,-0.14460009726068587,0.9468983489616543,-0.625755878505321,-0.1752406844864503,0.4365172075311771,-0.8996959083652561,-0.06470408439627291,0.8394681813735795,-0.7430455520613434,-0.11925392595329345,0.8460105711573341,-0.6022252133910644,-0.13024476663372278,0.7895537817042735,-0.5425907448762266,-0.13653327627683864,0.47370267116937925,-0.7084249878109411,-0.13271480229923907,0.8319248189670418,-0.5157898144509089,-0.15011937877847395,0.7687415827286375,-0.4126386932755336,-0.11051784164113046,0.676360213056341,-0.4095182763920287,-0.08722990750759944,0.5129203843877526,-0.48852669644382307,-0.20570314078832838,0.7611643835803936,-0.32932445488353584,-0.18219354229931678,0.6999507431751548,-0.24489360401523144,-0.1318747633552444,0.6207337251882262,-0.24878631664075732,-0.09651159766001571,0.0,0.0,0.0,0.0,0.0,0.0,0.0,0.0,0.0,0.0,0.0,0.0,0.0,0.0,0.0,0.0,0.0,0.0,0.0,0.0,0.0,0.0,0.0,0.0,0.0,0.0,0.0,0.0,0.0,0.0,0.0,0.0,0.0,0.0,0.0,0.0,0.0,0.0,0.0,0.0,0.0,0.0,0.0,0.0,0.0,0.0,0.0,0.0,0.0,0.0,0.0,0.0,0.0,0.0,0.0,0.0,0.0,0.0,0.0,0.0,0.0,0.0,0.0
seis,0.0,0.0,0.0,0.11071391453006442,-0.3899661029065655,0.030360324663388227,0.3521506054763013,-0.7006772341440093,-0.0016773527665771806,0.604900547825965,-0.7711798566681729,-0.054984580603318726,0.7898631136664819,-0.7385246584742687,-0.09740552195542017,0.4004868374323983,-1.0335992711700843,-0.004407041784244624,0.8087499730670458,-0.9398100799865956,-0.09932527504966471,0.907348997344662,-0.7566806655240863,-0.16252740140122127,0.9166771253261043,-0.6227522459089716,-0.19505033100943117,0.4357392433310514,-0.90007294805548,-0.06718582171778952,0.8398179482326192,-0.74394164998659,-0.12392760827011168,0.8343433058608781,-0.603566185845596,-0.1367246053384921,0.7637823027195806,-0.5562800752401967,-0.14511531392621943,0.4701885508652548,-0.7128167537193109,-0.13481041664681814,0.8303391252831998,-0.5328920702586013,-0.15797871894658977,0.7684717257908693,-0.42862793684584427,-0.12243485465837381,0.6708779427645292,-0.42996120418964207,-0.10152803730743774,0.504699522926306,-0.49707227773717716,-0.20718519837930488,0.7596912809739155,-0.3516859322518003,-0.18833154295473598,0.7000386961441062,-0.2656591738739914,-0.14040136415425586,0.6119215467940429,-0.2736518452384934,-0.10732448002620142,0.0,0.0,0.0,0.0,0.0,0.0,0.0,0.0,0.0,0.0,0.0,0.0,0.0,0.0,0.0,0.0,0.0,0.0,0.0,0.0,0.0,0.0,0.0,0.0,0.0,0.0,0.0,0.0,0.0,0.0,0.0,0.0,0.0,0.0,0.0,0.0,0.0,0.0,0.0,0.0,0.0,0.0,0.0,0.0,0.0,0.0,0.0,0.0,0.0,0.0,0.0,0.0,0.0,0.0,0.0,0.0,0.0,0.0,0.0,0.0,0.0,0.0,0.0
seis,0.0,0.0,0.0,0.11446346866568648,-0.37755194943841464,0.02831994788851111,0.3429042141891421,-0.6837716054483582,-0.003122537740570541,0.5901518663815857,-0.7603565100375793,-0.056642803887377136,0.7745586384616967,-0.7390365552909924,-0.09786755522048808,0.37194470638497196,-1.0486216806474293,-0.0012753871505438645,0.7831843298731265,-0.9825858516847833,-0.09051196742244062,0.9095920253875854,-0.7935737577237882,-0.15146567174326542,0.9522192500404483,-0.6426498901283979,-0.18363127821319694,0.4001151997474767,-0.9164648530800497,-0.06476491280133828,0.8223678015935773,-0.7880243212997625,-0.1174941064370669,0.8724519002292204,-0.6495482687134885,-0.1271404857892654,0.8601059263666003,-0.576118989969617,-0.13561744744804957,0.42855225596851537,-0.7307413945756644,-0.13373040756554513,0.8063845403778015,-0.5728517375295312,-0.1485487700622674,0.7471336512854655,-0.4686320022629354,-0.09980844904556256,0.6614526289212838,-0.44757335522675357,-0.07185140643566482,0.4641700190775649,-0.5159210869420681,-0.2094669115272205,0.7308684241907782,-0.4085866797431265,-0.18137275372158682,0.676045631638982,-0.33031324169651677,-0.12057116555274064,0.6035659037983856,-0.32218660814531974,-0.07995457869516179,0.0,0.0,0.0,0.0,0.0,0.0,0.0,0.0,0.0,0.0,0.0,0.0,0.0,0.0,0.0,0.0,0.0,0.0,0.0,0.0,0.0,0.0,0.0,0.0,0.0,0.0,0.0,0.0,0.0,0.0,0.0,0.0,0.0,0.0,0.0,0.0,0.0,0.0,0.0,0.0,0.0,0.0,0.0,0.0,0.0,0.0,0.0,0.0,0.0,0.0,0.0,0.0,0.0,0.0,0.0,0.0,0.0,0.0,0.0,0.0,0.0,0.0,0.0
seis,0.0,0.0,0.0,0.09601853482374853,-0.36938210940957505,0.02388533452902441,0.32169676090267596,-0.6798504867311096,-0.004495349973906239,0.562986066670912,-0.7676724499135986,-0.05233268676535318,0.7457819154256851,-0.7659309652654925,-0.08973938968420012,0.3651517543896066,-1.0280073246608052,0.004947529711633544,0.7610657119391013,-0.9500148984647634,-0.08866729251087764,0.8742939589813196,-0.7629510838664348,-0.1553418207186659,0.9064629449647323,-0.6171763623912243,-0.1918015352889232,0.3956498191508173,-0.9184014484994705,-0.05448917364034939,0.7866224390931784,-0.7660272351717381,-0.11226044461317614,0.8045124241437743,-0.6102014524096874,-0.1309547923347283,0.7620708525731281,-0.5451471495275718,-0.14490057948586937,0.4227123594620838,-0.7486927861392622,-0.12049861675827696,0.7721764323014982,-0.5627693731185025,-0.14742847324378716,0.7133855392336134,-0.4433701905805979,-0.11352227264843238,0.6261860524341604,-0.437657140983076,-0.09433888717397283,0.45262366086999467,-0.5467885686817309,-0.19229563023112597,0.6969468488986771,-0.39448095066548755,-0.17875861277934252,0.6360380178933888,-0.2982379585872129,-0.13210380946506278,0.552633428688521,-0.3050475879770235,-0.10045690010023128,0.0,0.0,0.0,0.0,0.0,0.0,0.0,0.0,0.0,0.0,0.0,0.0,0.0,0.0,0.0,0.0,0.0,0.0,0.0,0.0,0.0,0.0,0.0,0.0,0.0,0.0,0.0,0.0,0.0,0.0,0.0,0.0,0.0,0.0,0.0,0.0,0.0,0.0,0.0,0.0,0.0,0.0,0.0,0.0,0.0,0.0,0.0,0.0,0.0,0.0,0.0,0.0,0.0,0.0,0.0,0.0,0.0,0.0,0.0,0.0,0.0,0.0,0.0
seis,0.0,0.0,0.0,0.09436964958316542,-0.36659059748400985,0.03190591994134435,0.31236955781810266,-0.6742274920167987,0.007094200526547702,0.5438823196595672,-0.7674553612747046,-0.038931508047802287,0.7163171795276919,-0.7763139841290644,-0.07425848171161104,0.3585937116803787,-1.0276465280016378,0.015100330145454208,0.7446597366464995,-0.9599502347071325,-0.07271991315772458,0.8506372309996657,-0.7749198926396923,-0.13508490494365116,0.8743299808931209,-0.6284538573470851,-0.16776175273093538,0.3881976544841026,-0.9215761395853527,-0.045962504542836964,0.7723071195127352,-0.7778965859150222,-0.0973634714297146,0.7876540353910993,-0.6219652240517872,-0.11280425965116646,0.741377479749628,-0.5518373520941009,-0.12391115064282478,0.41585983915160446,-0.7552658227285063,-0.11288643516854097,0.7626594075288041,-0.5790430628214044,-0.13503100384406896,0.7088434608377804,-0.45457760827979526,-0.10138283038260107,0.6252541162388816,-0.4371359823187916,-0.08185852080248664,0.4486841094767873,-0.5565609981901376,-0.1847208314638781,0.6956596495720446,-0.4123247606836801,-0.16686182022751417,0.6395754544387084,-0.3140639387239675,-0.11976118068063306,0.5608780200904704,-0.31199576980221905,-0.08737934810479273,0.0,0.0,0.0,0.0,0.0,0.0,0.0,0.0,0.0,0.0,0.0,0.0,0.0,0.0,0.0,0.0,0.0,0.0,0.0,0.0,0.0,0.0,0.0,0.0,0.0,0.0,0.0,0.0,0.0,0.0,0.0,0.0,0.0,0.0,0.0,0.0,0.0,0.0,0.0,0.0,0.0,0.0,0.0,0.0,0.0,0.0,0.0,0.0,0.0,0.0,0.0,0.0,0.0,0.0,0.0,0.0,0.0,0.0,0.0,0.0,0.0,0.0,0.0
seis,0.0,0.0,0.0,0.08832204929767583,-0.37222004630215016,0.033825674003654375,0.30022085861058945,-0.6808145814685248,0.010810150730728519,0.5265281031849202,-0.7758962955375424,-0.033644497093684125,0.6933466900993951,-0.7891593792151378,-0.06750836541853648,0.35233975032426523,-1.0283962506768374,0.018696490613390498,0.7327873118894167,-0.9655492549390731,-0.06678160494196081,0.835103925659831,-0.7832259387758993,-0.12743756155969158,0.8556669820019311,-0.6385127722954268,-0.1589915109111254,0.383822420758046,-0.9234069251004313,-0.042168191273939906,0.762094084046426,-0.7838898178658448,-0.0906636142039226,0.771072129961646,-0.6298408727558646,-0.10398162426699109,0.7197464203501016,-0.5612448661686029,-0.11368696801648087,0.4123331449052222,-0.7592295250072301,-0.10886101124827097,0.7535428897959449,-0.5885849513110606,-0.12840599602506358,0.6987811254329356,-0.4656563921848123,-0.09432906800862349,0.6148241907304752,-0.44778358026052584,-0.0749805454193487,0.4457004025270428,-0.5628346020289854,-0.18037630306811958,0.686733523786449,-0.421683253073238,-0.16106728153757077,0.6289966100635216,-0.324650024442207,-0.11432786716268634,0.5494031041282168,-0.3228033683855125,-0.08238047715137355,0.0,0.0,0.0,0.0,0.0,0.0,0.0,0.0,0.0,0.0,0.0,0.0,0.0,0.0,0.0,0.0,0.0,0.0,0.0,0.0,0.0,0.0,0.0,0.0,0.0,0.0,0.0,0.0,0.0,0.0,0.0,0.0,0.0,0.0,0.0,0.0,0.0,0.0,0.0,0.0,0.0,0.0,0.0,0.0,0.0,0.0,0.0,0.0,0.0,0.0,0.0,0.0,0.0,0.0,0.0,0.0,0.0,0.0,0.0,0.0,0.0,0.0,0.0
seis,0.0,0.0,0.0,0.11153539088470713,-0.3587304404998786,0.03590145313779804,0.3352362422013307,-0.655846888125812,0.011877718185695375,0.56956559701115,-0.7391995381696954,-0.03520868000022994,0.7360753524909726,-0.7468965495986861,-0.07266590422743786,0.38089305716285515,-1.018003216491113,0.021708681161671985,0.7701618298956527,-0.9278148904439688,-0.06561428643532281,0.8776335489149278,-0.7347224722574518,-0.12794930288389125,0.8972544210856221,-0.5801359066973503,-0.1592154350416177,0.4033743142675931,-0.9150350608523965,-0.0412224444712338,0.799555907531657,-0.7543061138081087,-0.09039769452780334,0.819762742704201,-0.580258331709185,-0.10247269984747417,0.7723705112735464,-0.501536030400582,-0.10967020045762987,0.4273223236374076,-0.7493688640157634,-0.11024189801075465,0.7765168619483408,-0.5594742542205657,-0.1299369379369064,0.7236373066995633,-0.42234717240304215,-0.09571400066672309,0.6352954181596787,-0.3987744879325235,-0.07425426394005769,0.4595818173723253,-0.5486753619437754,-0.18411485865152047,0.7090761093330489,-0.3885649127674962,-0.16220298266774844,0.6529162345890853,-0.28485885294785857,-0.11385180073129414,0.5710715923622118,-0.27978777416997336,-0.0803804041951482,0.0,0.0,0.0,0.0,0.0,0.0,0.0,0.0,0.0,0.0,0.0,0.0,0.0,0.0,0.0,0.0,0.0,0.0,0.0,0.0,0.0,0.0,0.0,0.0,0.0,0.0,0.0,0.0,0.0,0.0,0.0,0.0,0.0,0.0,0.0,0.0,0.0,0.0,0.0,0.0,0.0,0.0,0.0,0.0,0.0,0.0,0.0,0.0,0.0,0.0,0.0,0.0,0.0,0.0,0.0,0.0,0.0,0.0,0.0,0.0,0.0,0.0,0.0
seis,0.0,0.0,0.0,0.10391814013414435,-0.36702062458031287,0.030738798132336567,0.32822894924461765,-0.6708984744948916,0.004651125613933437,0.5660993877096826,-0.7575601465422916,-0.042223728134445394,0.7365594443550338,-0.7653012775967161,-0.07876216008612871,0.3751906752850641,-1.0197715643299163,0.007733883807613713,0.773102791362433,-0.9387312191036304,-0.08192559009073166,0.8770437015134056,-0.7428736543548907,-0.1425197937271084,0.8925903943365386,-0.5882996481168085,-0.17147759425340142,0.40141465066592075,-0.9158964342275586,-0.05162834859535673,0.804929202883776,-0.7652500028921547,-0.10274565541532289,0.8227943894203943,-0.5954076040366175,-0.11183485579937269,0.7724429668747891,-0.5142353613795193,-0.11598367936556511,0.42724984909278474,-0.752799695024075,-0.11697249897135328,0.7866335786957089,-0.5669548656752579,-0.13697634879688625,0.7347597696916491,-0.4347565333072743,-0.10061980026087407,0.6472085489868271,-0.40921262242902,-0.07749489269122008,0.459580236986592,-0.556999476984384,-0.18741167252949878,0.7112388483084874,-0.39748690709645107,-0.16567686921636945,0.6569534415221335,-0.29472801381904934,-0.11736604076220077,0.5783945221297481,-0.2864761597205079,-0.08327706965204405,0.0,0.0,0.0,0.0,0.0,0.0,0.0,0.0,0.0,0.0,0.0,0.0,0.0,0.0,0.0,0.0,0.0,0.0,0.0,0.0,0.0,0.0,0.0,0.0,0.0,0.0,0.0,0.0,0.0,0.0,0.0,0.0,0.0,0.0,0.0,0.0,0.0,0.0,0.0,0.0,0.0,0.0,0.0,0.0,0.0,0.0,0.0,0.0,0.0,0.0,0.0,0.0,0.0,0.0,0.0,0.0,0.0,0.0,0.0,0.0,0.0,0.0,0.0
seis,0.0,0.0,0.0,0.10412963177332082,-0.3651697542654854,0.032725968611735365,0.3245356273916935,-0.6654242904702506,0.0073555928720861604,0.5591476163340917,-0.7522737508272523,-0.03970888243198118,0.7276231429654645,-0.7621931835207912,-0.07679461727656543,0.3756867673191818,-1.0163307010861553,0.015139652734796446,0.7651861013850387,-0.9320110087339617,-0.07420051303282148,0.8748479495479883,-0.7414437354136749,-0.13668411073042716,0.8975172123432213,-0.5851562397765175,-0.16738000512283885,0.4010284215235918,-0.9160656118042508,-0.045563357386093926,0.7978644172076227,-0.7588725495105144,-0.09640751422985273,0.8182654161064098,-0.5927679488743947,-0.10780373870670065,0.772281824755035,-0.5124072682087737,-0.11391015851073871,0.42575928640073385,-0.754736637985932,-0.11251665428112394,0.7799564018482729,-0.5649177613338224,-0.1326779689475983,0.7275201464624267,-0.4364888133430033,-0.09814895561131848,0.6413204335255627,-0.41242140645945535,-0.07653805608073742,0.4574124860542842,-0.5591028061671857,-0.18465117897532718,0.7054457887935061,-0.3966281634546867,-0.1636520876599043,0.6502276246129476,-0.29603134517598517,-0.11638321364805629,0.5714344637784619,-0.2888623872794782,-0.08315090496675254,0.0,0.0,0.0,0.0,0.0,0.0,0.0,0.0,0.0,0.0,0.0,0.0,0.0,0.0,0.0,0.0,0.0,0.0,0.0,0.0,0.0,0.0,0.0,0.0,0.0,0.0,0.0,0.0,0.0,0.0,0.0,0.0,0.0,0.0,0.0,0.0,0.0,0.0,0.0,0.0,0.0,0.0,0.0,0.0,0.0,0.0,0.0,0.0,0.0,0.0,0.0,0.0,0.0,0.0,0.0,0.0,0.0,0.0,0.0,0.0,0.0,0.0,0.0
seis,0.0,0.0,0.0,0.10237540212842978,-0.3590833251089074,0.03477286761139718,0.3225050929384137,-0.6626881123438007,0.011394988856361726,0.5558755631816424,-0.7576658464082641,-0.03410701534076415,0.7264724390477515,-0.7709745827566095,-0.0689967051793114,0.3730996924189713,-1.0146924230826833,0.019076764264277415,0.7650980000709382,-0.9456140498359379,-0.06935142400535739,0.8686372911557539,-0.7589590563598041,-0.1307431591000679,0.8841764343146378,-0.6099592938255708,-0.16052320631648398,0.39732176838189454,-0.9176793625062536,-0.04219633413726841,0.7981541369028259,-0.781634351792454,-0.09341398822609617,0.8297595119302539,-0.6163962674902428,-0.10461177063736811,0.7913577692045625,-0.5318081652717466,-0.11040882725028418,0.41921674262025566,-0.7607475741751366,-0.10966799967363318,0.7791049007460626,-0.5871768225616429,-0.12996217228301,0.7293215580703992,-0.45587628642299655,-0.09345918718175539,0.6424651825016071,-0.4295350366100726,-0.07048044172444719,0.44897206670524525,-0.5701118607069944,-0.18224330137904537,0.7070604279163472,-0.4171547066739962,-0.16311315507678473,0.6510666346263468,-0.3160615264386946,-0.11561312037364796,0.5670384162456938,-0.31040216921547154,-0.08195767476164444,0.0,0.0,0.0,0.0,0.0,0.0,0.0,0.0,0.0,0.0,0.0,0.0,0.0,0.0,0.0,0.0,0.0,0.0,0.0,0.0,0.0,0.0,0.0,0.0,0.0,0.0,0.0,0.0,0.0,0.0,0.0,0.0,0.0,0.0,0.0,0.0,0.0,0.0,0.0,0.0,0.0,0.0,0.0,0.0,0.0,0.0,0.0,0.0,0.0,0.0,0.0,0.0,0.0,0.0,0.0,0.0,0.0,0.0,0.0,0.0,0.0,0.0,0.0
seis,0.0,0.0,0.0,0.10129054859139532,-0.35795530986358465,0.03506630050356247,0.3222165927839309,-0.6602775775756156,0.01205499524189367,0.5562382086943103,-0.7533804383042166,-0.03358510518350156,0.7272659699982673,-0.7671947971413684,-0.0688735880968759,0.37524132942077765,-1.0124295596681332,0.022479857347148798,0.7666702311656705,-0.9430412694622654,-0.06534860100631741,0.8732033995309283,-0.7578985287684384,-0.1270491750172295,0.8904637481195746,-0.6099368082555082,-0.15732698464639813,0.3990119707432315,-0.9169457166068242,-0.03897740190390709,0.7975088332360191,-0.7787798350257792,-0.08912276786474767,0.8262319448325773,-0.6138340666119818,-0.10017570314864861,0.7845068254430101,-0.5341051049444152,-0.10641006463706983,0.4206019308428224,-0.7613320208115615,-0.10687988980566122,0.7790159403812286,-0.5867417370699439,-0.12674936723777544,0.7274368846046442,-0.4551405301429172,-0.08949652745573065,0.6374685842459578,-0.43157964765556217,-0.06641051038675361,0.44957769881402454,-0.5713827290332641,-0.1800673461349825,0.7073314495940377,-0.41768050706702586,-0.16134592677154216,0.650756012676098,-0.31629335456767843,-0.11365822882864451,0.5639256504463455,-0.3127565030985646,-0.08001118374394663,0.0,0.0,0.0,0.0,0.0,0.0,0.0,0.0,0.0,0.0,0.0,0.0,0.0,0.0,0.0,0.0,0.0,0.0,0.0,0.0,0.0,0.0,0.0,0.0,0.0,0.0,0.0,0.0,0.0,0.0,0.0,0.0,0.0,0.0,0.0,0.0,0.0,0.0,0.0,0.0,0.0,0.0,0.0,0.0,0.0,0.0,0.0,0.0,0.0,0.0,0.0,0.0,0.0,0.0,0.0,0.0,0.0,0.0,0.0,0.0,0.0,0.0,0.0
seis,0.0,0.0,0.0,0.09793768183725492,-0.3716766393616118,0.03680100307801973,0.31271181725233743,-0.6796401653459289,0.015023249368900406,0.5420750043228302,-0.7714119520917844,-0.029493942028285203,0.7137751112564783,-0.7796878959510597,-0.06329864172962735,0.36143802982427115,-1.0233460500376415,0.023529201099124354,0.7510488910173031,-0.9571810954321706,-0.0658739429181877,0.8571272309643425,-0.7686132068510602,-0.129897268947052,0.877364207083379,-0.6176796328493166,-0.1618243331095169,0.394791249011063,-0.9187708472215936,-0.03865665501000959,0.7870665920057779,-0.7915293178882233,-0.08994424777742889,0.8173205066796772,-0.6363275977595991,-0.10442648928899528,0.7808730945322405,-0.5524105629678033,-0.11271908828934452,0.4250790703148724,-0.7569425107589718,-0.10689927723232005,0.7719391235136035,-0.5934801814278156,-0.12469002418158583,0.7204848755070395,-0.47099307722516287,-0.08860801880092742,0.6352623502711656,-0.4434329505858337,-0.06643075601851023,0.4609829540732971,-0.561628736291416,-0.18044669766229188,0.7042669425353427,-0.41810997998027477,-0.15842572591438359,0.6480524763055138,-0.3227478389355918,-0.10987801300656855,0.567434607719498,-0.3148416306889046,-0.07576085636274801,0.0,0.0,0.0,0.0,0.0,0.0,0.0,0.0,0.0,0.0,0.0,0.0,0.0,0.0,0.0,0.0,0.0,0.0,0.0,0.0,0.0,0.0,0.0,0.0,0.0,0.0,0.0,0.0,0.0,0.0,0.0,0.0,0.0,0.0,0.0,0.0,0.0,0.0,0.0,0.0,0.0,0.0,0.0,0.0,0.0,0.0,0.0,0.0,0.0,0.0,0.0,0.0,0.0,0.0,0.0,0.0,0.0,0.0,0.0,0.0,0.0,0.0,0.0
seis,0.0,0.0,0.0,0.11932494449862914,-0.34624891985254797,0.04077026203217961,0.33957137313605085,-0.6433924996958016,0.020317564724878837,0.5620911347063674,-0.739171210794113,-0.023311446268206103,0.7279835805808613,-0.7564347173317594,-0.05590374512490402,0.3737109839807324,-1.0138754689194653,0.02933459714039602,0.7585317131309642,-0.9367406166060783,-0.05793780702714854,0.8585286916854784,-0.7458072862535473,-0.12246960648388468,0.869921486613549,-0.5985900554802934,-0.15584996458874228,0.4036864423022077,-0.9148974020628686,-0.03621363269285552,0.7973744342583228,-0.7762768594305149,-0.08803266906322359,0.8243128816205026,-0.6100054404426991,-0.10571505004815968,0.7785845831619497,-0.5213877702285928,-0.11625182596992648,0.4332461765589801,-0.7564866406942607,-0.10734712734688268,0.7819248737613104,-0.591601642918171,-0.12627548991311038,0.7366864755996052,-0.46104506821404057,-0.09345887117255386,0.6509815711559519,-0.4287976256184367,-0.07346454136114185,0.46850281402682525,-0.5643122071120692,-0.1831764147561402,0.7203380340348735,-0.4265750359716228,-0.16360604847158125,0.6711369392531739,-0.3238126326168709,-0.11718146277935473,0.5903357580836802,-0.3100236082258291,-0.08478489856250845,0.0,0.0,0.0,0.0,0.0,0.0,0.0,0.0,0.0,0.0,0.0,0.0,0.0,0.0,0.0,0.0,0.0,0.0,0.0,0.0,0.0,0.0,0.0,0.0,0.0,0.0,0.0,0.0,0.0,0.0,0.0,0.0,0.0,0.0,0.0,0.0,0.0,0.0,0.0,0.0,0.0,0.0,0.0,0.0,0.0,0.0,0.0,0.0,0.0,0.0,0.0,0.0,0.0,0.0,0.0,0.0,0.0,0.0,0.0,0.0,0.0,0.0,0.0
seis,0.0,0.0,0.0,0.10387744600383778,-0.3638925633188813,0.04356119423519018,0.31996907850326123,-0.6668840370361949,0.025244539588090077,0.5404089146790841,-0.7635855243220127,-0.0164619907908703,0.7028767908957773,-0.7764756029765196,-0.047621494922490515,0.37612634791902166,-1.0163834515687877,0.030973548919072037,0.7579138283781366,-0.9439181608649148,-0.049566721237300916,0.8571406506779269,-0.7551784179308739,-0.106599379498585,0.8686128479408349,-0.6068658435378795,-0.13422972975843941,0.410483307589618,-0.9118681122784628,-0.032526835495835404,0.7989448147095972,-0.7826855213808691,-0.07475416191360575,0.8314746462807576,-0.6255865803254431,-0.08591805047720051,0.7921726506200427,-0.5386756645713293,-0.09298728367666056,0.4391034871188389,-0.7514427212963873,-0.10117627494715431,0.7843455091720669,-0.5912061085625564,-0.11269564547493847,0.7431564125388275,-0.46660667188678573,-0.07892897988225227,0.6610784243927519,-0.43442781792517765,-0.05921570375852508,0.4726399088439966,-0.5607460226228721,-0.17406017247169195,0.7204055668307062,-0.4259522197869321,-0.1479781808076186,0.6775634678829638,-0.3296449859906794,-0.10084078039113024,0.6023847454267953,-0.317446639906455,-0.0682299449766488,0.0,0.0,0.0,0.0,0.0,0.0,0.0,0.0,0.0,0.0,0.0,0.0,0.0,0.0,0.0,0.0,0.0,0.0,0.0,0.0,0.0,0.0,0.0,0.0,0.0,0.0,0.0,0.0,0.0,0.0,0.0,0.0,0.0,0.0,0.0,0.0,0.0,0.0,0.0,0.0,0.0,0.0,0.0,0.0,0.0,0.0,0.0,0.0,0.0,0.0,0.0,0.0,0.0,0.0,0.0,0.0,0.0,0.0,0.0,0.0,0.0,0.0,0.0
seis,0.0,0.0,0.0,0.10584269651306813,-0.36166555549645873,0.0426713361177973,0.323861995553636,-0.6650389661508198,0.023217571121258725,0.5461247794876173,-0.7635121899848676,-0.019266798791705498,0.7106213096119052,-0.7780087577817221,-0.051107123967498565,0.3718831352078388,-1.0189122537435695,0.026915255777885477,0.7556871499038715,-0.9430897250676306,-0.05572892374927292,0.8600535622432085,-0.7542960392534022,-0.11452006019505458,0.8765072435024288,-0.6052451045599085,-0.14331967778876722,0.4058226506224007,-0.9139518456909035,-0.03656736666551814,0.7962423779198498,-0.7873341491041447,-0.08092489267260287,0.8352436585294631,-0.6313478023922618,-0.0939151191311732,0.8013701995347455,-0.542661852754277,-0.10210170929694733,0.4354075629799351,-0.7514346185240195,-0.10497683844033191,0.7835653487161245,-0.5970937082134281,-0.1188526017733615,0.7501940550629629,-0.4730295104402917,-0.08673815632364869,0.6732545413444875,-0.4386641274094204,-0.06760627235549421,0.47031044385599996,-0.5581327100717302,-0.1774407416776366,0.7224462622061649,-0.4288167708883309,-0.15350616020301444,0.6831705146117719,-0.3322586711644998,-0.107205303823751,0.6094597431097724,-0.3174965121808809,-0.0748057073607581,0.0,0.0,0.0,0.0,0.0,0.0,0.0,0.0,0.0,0.0,0.0,0.0,0.0,0.0,0.0,0.0,0.0,0.0,0.0,0.0,0.0,0.0,0.0,0.0,0.0,0.0,0.0,0.0,0.0,0.0,0.0,0.0,0.0,0.0,0.0,0.0,0.0,0.0,0.0,0.0,0.0,0.0,0.0,0.0,0.0,0.0,0.0,0.0,0.0,0.0,0.0,0.0,0.0,0.0,0.0,0.0,0.0,0.0,0.0,0.0,0.0,0.0,0.0
seis,0.0,0.0,0.0,0.12026699334456789,-0.34746966662046086,0.04452870458508224,0.3437821886025565,-0.6428402543006434,0.027194222897461387,0.5698127483269664,-0.7225916171998069,-0.014848651190354707,0.7393166200080038,-0.725847112751418,-0.04593379512872492,0.39616035828758117,-0.9917280127560926,0.04292796099283025,0.7774250083094068,-0.912753779049322,-0.03903828345757631,0.8716843595837732,-0.7285947712699133,-0.09962453179617298,0.8762788825221032,-0.5862294335751379,-0.1308392562200234,0.4292672444714206,-0.9031775201054959,-0.023074793346180608,0.8181242777617962,-0.7627989300851858,-0.06919471841545993,0.847348727865118,-0.5980695036446302,-0.08417368298124286,0.8030293879052078,-0.5129380415583049,-0.09243987738311557,0.4590883946415971,-0.7531317808140756,-0.09535356279592044,0.8087277721789933,-0.5867933590630091,-0.10946337804822753,0.77564774763463,-0.4542860741148665,-0.07738234991303916,0.6976408708312598,-0.4248933586472788,-0.05806660321852293,0.49423811695465725,-0.5649239299422999,-0.17265285079903223,0.746057708928626,-0.4136854662816852,-0.14938605680807204,0.7038815561284324,-0.3102161204306901,-0.1046944761885339,0.6266818800383782,-0.29988807346378826,-0.07360890725763661,0.0,0.0,0.0,0.0,0.0,0.0,0.0,0.0,0.0,0.0,0.0,0.0,0.0,0.0,0.0,0.0,0.0,0.0,0.0,0.0,0.0,0.0,0.0,0.0,0.0,0.0,0.0,0.0,0.0,0.0,0.0,0.0,0.0,0.0,0.0,0.0,0.0,0.0,0.0,0.0,0.0,0.0,0.0,0.0,0.0,0.0,0.0,0.0,0.0,0.0,0.0,0.0,0.0,0.0,0.0,0.0,0.0,0.0,0.0,0.0,0.0,0.0,0.0
seis,0.0,0.0,0.0,0.1287316128042752,-0.34846542492369853,0.042978422645969266,0.3517348143311612,-0.6421211381396382,0.023688251493000075,0.5753401017687932,-0.7240905184989901,-0.019437061804989678,0.7399173354032982,-0.7314668785611155,-0.05205740476677759,0.404755271580072,-0.9925929493233773,0.033778238344784446,0.7895288063702129,-0.9057677741492594,-0.050518773244177785,0.8879621162878029,-0.7214628326292726,-0.10975874096897587,0.8969769117738055,-0.5760651213461503,-0.1387294388964023,0.4349148277558936,-0.900471594553688,-0.03117418895959857,0.8296592520947667,-0.7542233795355892,-0.07861899921744012,0.8629632236186331,-0.5900598355426672,-0.09119282424606114,0.8234248318735253,-0.5026269633775844,-0.09707625439634575,0.4612772129182214,-0.748736083147112,-0.10206982886080146,0.8153265128232531,-0.5710862228320395,-0.11866517246825369,0.7833328135468335,-0.43663453882657577,-0.08660745586752004,0.7072659495121466,-0.40344176871068105,-0.06634840631564111,0.49275809346919336,-0.560693822135965,-0.17753304480899953,0.7374056118581017,-0.39920421291638186,-0.15683577839367233,0.6964039184050356,-0.29183772322506224,-0.11279039273330632,0.6240723334687022,-0.27662013360632415,-0.0809606262664597,0.0,0.0,0.0,0.0,0.0,0.0,0.0,0.0,0.0,0.0,0.0,0.0,0.0,0.0,0.0,0.0,0.0,0.0,0.0,0.0,0.0,0.0,0.0,0.0,0.0,0.0,0.0,0.0,0.0,0.0,0.0,0.0,0.0,0.0,0.0,0.0,0.0,0.0,0.0,0.0,0.0,0.0,0.0,0.0,0.0,0.0,0.0,0.0,0.0,0.0,0.0,0.0,0.0,0.0,0.0,0.0,0.0,0.0,0.0,0.0,0.0,0.0,0.0
seis,0.0,0.0,0.0,0.13933711307494287,-0.3384825048027757,0.04734625978599268,0.3656192146641704,-0.628612235088977,0.030909520992446603,0.5882064901272008,-0.7161182910352633,-0.008214268229621754,0.7520281162818321,-0.7200398923985504,-0.03399560240063558,0.38527334810057634,-1.0139717980356069,0.03519031244210646,0.7699641589242195,-0.9119893636778639,-0.039605946495985055,0.834394828097617,-0.7302810084309225,-0.09222331048695472,0.8124402343234232,-0.6091659230421824,-0.11869744290244527,0.41326767762709027,-0.9106095906746816,-0.02912060049419333,0.8056376481433772,-0.7562615335961179,-0.06511859572650297,0.8178191014114424,-0.6113407512404879,-0.07292556808975517,0.7588018523577511,-0.5421021786677207,-0.07931622258682147,0.44193730086996835,-0.7487319918853412,-0.09795895649712105,0.7974220777937706,-0.5747819663842288,-0.1026382924266464,0.7619773766096652,-0.46232526689680975,-0.07036147839385325,0.6794808393253094,-0.4401251117712107,-0.05455784318438264,0.4748554374118499,-0.5538381326534553,-0.17072491556559338,0.730316735594754,-0.3981106380380364,-0.14125646313141269,0.6884065918892941,-0.3048848812154418,-0.09708056936969252,0.6102077137208556,-0.2954740443425339,-0.0686713780714986,0.0,0.0,0.0,0.0,0.0,0.0,0.0,0.0,0.0,0.0,0.0,0.0,0.0,0.0,0.0,0.0,0.0,0.0,0.0,0.0,0.0,0.0,0.0,0.0,0.0,0.0,0.0,0.0,0.0,0.0,0.0,0.0,0.0,0.0,0.0,0.0,0.0,0.0,0.0,0.0,0.0,0.0,0.0,0.0,0.0,0.0,0.0,0.0,0.0,0.0,0.0,0.0,0.0,0.0,0.0,0.0,0.0,0.0,0.0,0.0,0.0,0.0,0.0
seis,0.0,0.0,0.0,0.11437532224368896,-0.362205437451121,0.044249731939858074,0.3332199823381702,-0.6619591031206229,0.02537311241150708,0.5565314207899187,-0.7598218751813123,-0.016333168815089897,0.71298854222742,-0.7785446287893992,-0.04527118437350472,0.3876261258929153,-1.012833748686849,0.02838457415269421,0.7808506666624777,-0.923269071947204,-0.05038708869105099,0.8331577266628349,-0.7370864404928198,-0.09932078256260515,0.8024323095559794,-0.6165325442948596,-0.12238527247098684,0.4147010749136545,-0.909957701470491,-0.03557696319633055,0.8189639235807837,-0.7515175969926556,-0.07797762553920247,0.8046636377787423,-0.6023717165067408,-0.0797527096560717,0.7289444625789869,-0.5417916361484336,-0.08028042170044258,0.4397188464827116,-0.7532281903654018,-0.10523056278791722,0.8048707638437556,-0.5552582653007453,-0.11561358332588297,0.7394288885862821,-0.4401641846971223,-0.07809366701545795,0.6430774841641635,-0.4306216155227729,-0.057694883982041104,0.4711331380893748,-0.5627835021702476,-0.17920568628446182,0.7301198944106209,-0.38652506021895194,-0.15209799812098374,0.6675877453500414,-0.2954995092595701,-0.10741857873495819,0.5815507380758789,-0.3033314850611733,-0.07848018748146277,0.0,0.0,0.0,0.0,0.0,0.0,0.0,0.0,0.0,0.0,0.0,0.0,0.0,0.0,0.0,0.0,0.0,0.0,0.0,0.0,0.0,0.0,0.0,0.0,0.0,0.0,0.0,0.0,0.0,0.0,0.0,0.0,0.0,0.0,0.0,0.0,0.0,0.0,0.0,0.0,0.0,0.0,0.0,0.0,0.0,0.0,0.0,0.0,0.0,0.0,0.0,0.0,0.0,0.0,0.0,0.0,0.0,0.0,0.0,0.0,0.0,0.0,0.0
seis,0.0,0.0,0.0,0.116279561888939,-0.357613208727493,0.04233989058323868,0.3396833895585979,-0.6582868656066592,0.023824480203626416,0.5660201708202113,-0.7535943939282685,-0.017224752469116013,0.7265479428227997,-0.7701229820908381,-0.045718092069874414,0.3913209442621468,-1.010131518010993,0.030549826440086074,0.7822057083379195,-0.9237246891316346,-0.049945880074166844,0.8391545810133394,-0.7353435240483897,-0.10166499201478019,0.81312323702147,-0.6095696641176982,-0.12630351963589392,0.4189145624395611,-0.9080256545803489,-0.032798646286281714,0.8222593736517756,-0.7543414409589877,-0.07732352260528094,0.8138751170736449,-0.6003320340368237,-0.08155016168817823,0.7422701068339089,-0.5323331482346533,-0.08311536481418128,0.443815152018713,-0.7518192941907651,-0.10233286595517975,0.8087424482877245,-0.5593259182803824,-0.11578847235951213,0.743866729993371,-0.4388890949000225,-0.0786459527070912,0.6480292953907293,-0.4237220379246786,-0.05734915196473437,0.4750813486787083,-0.5611193144562538,-0.17629697321697543,0.7356999593807453,-0.3916929143063242,-0.15212214595574788,0.6718298547649892,-0.2967903241395362,-0.10736705114094656,0.5840307704905797,-0.30078239986191874,-0.07771425836557916,0.0,0.0,0.0,0.0,0.0,0.0,0.0,0.0,0.0,0.0,0.0,0.0,0.0,0.0,0.0,0.0,0.0,0.0,0.0,0.0,0.0,0.0,0.0,0.0,0.0,0.0,0.0,0.0,0.0,0.0,0.0,0.0,0.0,0.0,0.0,0.0,0.0,0.0,0.0,0.0,0.0,0.0,0.0,0.0,0.0,0.0,0.0,0.0,0.0,0.0,0.0,0.0,0.0,0.0,0.0,0.0,0.0,0.0,0.0,0.0,0.0,0.0,0.0
seis,0.0,0.0,0.0,0.11652670394338772,-0.35862006017158504,0.042885385628376814,0.34045115284839245,-0.6597621054414802,0.024429060739549015,0.5675927995674069,-0.7532807710618536,-0.016751175183246637,0.7297057661308586,-0.7671342208801952,-0.04545367301072621,0.3889669738396267,-1.0111445961524816,0.030287687728548753,0.7813059616653873,-0.9259860038268188,-0.05089167764281722,0.8397149516692474,-0.7364349012722511,-0.10285584379006145,0.8142721086705427,-0.6094897962691985,-0.12737868649074413,0.417861316979952,-0.9085108253465007,-0.03347356489708565,0.8227083778441511,-0.755962519654154,-0.07862054312271388,0.8132098688497258,-0.6000851467437792,-0.08261023618708095,0.7395021317427937,-0.531763765585117,-0.08367556605383891,0.44462685116734263,-0.7519075135171719,-0.10336900788184891,0.8102389222625177,-0.5611036814445427,-0.11734938228425797,0.7450928311844714,-0.43860668404460423,-0.0793633014160724,0.6484847690196942,-0.422424064746317,-0.05720562641880332,0.47731038073076765,-0.5608840987753552,-0.17762447863130715,0.7385922836797725,-0.3920697046628376,-0.15345111958539884,0.6742400151218801,-0.29474955737526953,-0.10770257273121643,0.5856848183218935,-0.2970347410523969,-0.07722963822284139,0.0,0.0,0.0,0.0,0.0,0.0,0.0,0.0,0.0,0.0,0.0,0.0,0.0,0.0,0.0,0.0,0.0,0.0,0.0,0.0,0.0,0.0,0.0,0.0,0.0,0.0,0.0,0.0,0.0,0.0,0.0,0.0,0.0,0.0,0.0,0.0,0.0,0.0,0.0,0.0,0.0,0.0,0.0,0.0,0.0,0.0,0.0,0.0,0.0,0.0,0.0,0.0,0.0,0.0,0.0,0.0,0.0,0.0,0.0,0.0,0.0,0.0,0.0
seis,0.0,0.0,0.0,0.11129141049568236,-0.36035032246388027,0.03773711956518355,0.3393723440669096,-0.6656198711367503,0.01771494987642486,0.5735594851715318,-0.7535772164155019,-0.02454868469088039,0.7399513914567175,-0.7615127258091111,-0.05446318554559297,0.4017535443000589,-1.0094358928640967,0.031218609813294565,0.7930094494022933,-0.916430407971098,-0.0524047452028884,0.8511474789596839,-0.7340562439071944,-0.10833367305408717,0.8268932268130692,-0.6090817454571033,-0.1360140385638959,0.4346892817832791,-0.9005804951822669,-0.03099353969839769,0.8329340403514613,-0.7431366672133151,-0.08069670350971235,0.8125719419074282,-0.5943784765806515,-0.08884692210566453,0.7308685461507818,-0.5313130613997864,-0.09199100224041008,0.46329361859748264,-0.7398347894656276,-0.1000192180019351,0.8216395632145272,-0.5541296836562574,-0.11817780480184921,0.747663038867433,-0.4388874724624749,-0.08155326969425797,0.6464660046003903,-0.42812548928485034,-0.059330610454899374,0.4949572871779078,-0.5461429662665613,-0.1738562394846894,0.7546352843346499,-0.385185508566103,-0.15417035473898352,0.6816230619138687,-0.29366540155959925,-0.10904735206205149,0.5857430092405295,-0.30047260503942774,-0.07799471943493409,0.0,0.0,0.0,0.0,0.0,0.0,0.0,0.0,0.0,0.0,0.0,0.0,0.0,0.0,0.0,0.0,0.0,0.0,0.0,0.0,0.0,0.0,0.0,0.0,0.0,0.0,0.0,0.0,0.0,0.0,0.0,0.0,0.0,0.0,0.0,0.0,0.0,0.0,0.0,0.0,0.0,0.0,0.0,0.0,0.0,0.0,0.0,0.0,0.0,0.0,0.0,0.0,0.0,0.0,0.0,0.0,0.0,0.0,0.0,0.0,0.0,0.0,0.0
seis,0.0,0.0,0.0,0.11420234788674309,-0.36074755126561403,0.03854576885626812,0.34222371027004667,-0.6631239440384781,0.016872465041173776,0.5785799189892199,-0.7447085256938241,-0.026493747905911857,0.7476761907154077,-0.7435136491389027,-0.05720511083942971,0.3905775005807411,-1.014133319895047,0.025386949391936448,0.7858762708518279,-0.9125153721468685,-0.056922920597997244,0.8462603578528113,-0.7291836946753378,-0.11083312882759855,0.8248608312952349,-0.6024524426368126,-0.13717803936627895,0.42468543682759335,-0.9053409743000458,-0.0363231346732484,0.824874191440201,-0.7395960435534439,-0.08424649387118123,0.8040686774818889,-0.5959905858548513,-0.09120840332262485,0.7235183080740508,-0.5383888346850237,-0.09381060200686918,0.45570118465042114,-0.7436623235726286,-0.10386001098530592,0.8145159682775988,-0.5514064118315292,-0.11856836372140175,0.7427305391031945,-0.4408895798324355,-0.08162601598218555,0.6431149002608403,-0.4327433170812802,-0.0598141127064673,0.4894225331128042,-0.5503280083352871,-0.17601717977024667,0.7456290054252099,-0.38447927953933275,-0.1535937072945074,0.6772757632358277,-0.29370565868983245,-0.1076629848141161,0.5859468399506831,-0.2985742325426255,-0.07595357462486271,0.0,0.0,0.0,0.0,0.0,0.0,0.0,0.0,0.0,0.0,0.0,0.0,0.0,0.0,0.0,0.0,0.0,0.0,0.0,0.0,0.0,0.0,0.0,0.0,0.0,0.0,0.0,0.0,0.0,0.0,0.0,0.0,0.0,0.0,0.0,0.0,0.0,0.0,0.0,0.0,0.0,0.0,0.0,0.0,0.0,0.0,0.0,0.0,0.0,0.0,0.0,0.0,0.0,0.0,0.0,0.0,0.0,0.0,0.0,0.0,0.0,0.0,0.0
seis,0.0,0.0,0.0,0.11886147972883755,-0.36261985142879,0.03868104756359361,0.34808092842806,-0.6588257953497371,0.01835302628277958,0.5810179320200247,-0.7371270346542566,-0.024612349933864634,0.7486231823241187,-0.7329126219520224,-0.05690725069307312,0.39881543798423374,-1.0076474841069447,0.028522501091485564,0.7868481562254789,-0.917516015094576,-0.053095735227146994,0.8820780757665002,-0.7290185380407712,-0.10991418509651465,0.891512106844411,-0.5877222047052129,-0.13841497140266995,0.4328909354002275,-0.9014463034747638,-0.03348954315947478,0.8303602960953967,-0.7542475639818796,-0.07977431423185277,0.8533449313988152,-0.6000475513052115,-0.0920788677503443,0.8073122914007188,-0.5227093874744511,-0.09886723762389875,0.4611449793153123,-0.7396788712945963,-0.1010849595840515,0.8193106937238339,-0.5619621989747036,-0.11641745799380109,0.7722181832477467,-0.43863491807940425,-0.08383560237309835,0.6880876563142779,-0.41283591580042756,-0.06398286648773997,0.4924421467447333,-0.5452312869482867,-0.1733001694745663,0.7440139295686516,-0.3878847402671498,-0.1502564626695771,0.6913156652503661,-0.2902533993441631,-0.10482235005376261,0.6135102392049331,-0.28025496286387946,-0.07283315710004493,0.0,0.0,0.0,0.0,0.0,0.0,0.0,0.0,0.0,0.0,0.0,0.0,0.0,0.0,0.0,0.0,0.0,0.0,0.0,0.0,0.0,0.0,0.0,0.0,0.0,0.0,0.0,0.0,0.0,0.0,0.0,0.0,0.0,0.0,0.0,0.0,0.0,0.0,0.0,0.0,0.0,0.0,0.0,0.0,0.0,0.0,0.0,0.0,0.0,0.0,0.0,0.0,0.0,0.0,0.0,0.0,0.0,0.0,0.0,0.0,0.0,0.0,0.0
seis,0.0,0.0,0.0,0.1138193811834002,-0.3545692054612596,0.05061695633044495,0.3262702500032204,-0.6557716557398396,0.037063646230179374,0.5387369244975202,-0.7502953675464548,-0.0008976225759648247,0.7016050525678675,-0.7631931378287837,-0.028499250155086735,0.37716231243216436,-1.008623311240983,0.04115138879246507,0.7513953065274435,-0.920953823646864,-0.03797860782538727,0.8417374826900156,-0.7349475477662993,-0.09456907796527414,0.8452857716339406,-0.58948809548406,-0.12165889932562418,0.4070759959894578,-0.913394292454902,-0.024636966829136176,0.7913986188678576,-0.7591764570690979,-0.06569447941780432,0.816120053381859,-0.6010935394358207,-0.07667022444853037,0.7708604195327894,-0.5167996680407742,-0.08289668296092957,0.43307480092699313,-0.7580292710181593,-0.09533039524146777,0.7775321136980694,-0.5753255313363853,-0.10674862480297109,0.7352368086046248,-0.44788250851901784,-0.0750176338985486,0.653412021498176,-0.4159829184424331,-0.05648002612643299,0.4623749523888958,-0.5678628736331692,-0.16969785693541886,0.7011234043799623,-0.40589957793840653,-0.14553526135962042,0.6502403494859369,-0.3014753955819589,-0.10085107940230627,0.5712401893671321,-0.28583389617276317,-0.06968509356111055,0.0,0.0,0.0,0.0,0.0,0.0,0.0,0.0,0.0,0.0,0.0,0.0,0.0,0.0,0.0,0.0,0.0,0.0,0.0,0.0,0.0,0.0,0.0,0.0,0.0,0.0,0.0,0.0,0.0,0.0,0.0,0.0,0.0,0.0,0.0,0.0,0.0,0.0,0.0,0.0,0.0,0.0,0.0,0.0,0.0,0.0,0.0,0.0,0.0,0.0,0.0,0.0,0.0,0.0,0.0,0.0,0.0,0.0,0.0,0.0,0.0,0.0,0.0
seis,0.0,0.0,0.0,0.10894534409510787,-0.3526974334550584,0.04692433832010615,0.32148851658725863,-0.6544727239931812,0.03335636266398662,0.5357389026848974,-0.7491942295636782,-0.003840622033602818,0.6959632754039331,-0.763771729435589,-0.030749144951301297,0.3820705017359626,-1.0045726811614006,0.04393722627153878,0.7551065173173162,-0.919623021896193,-0.03320726844268979,0.8423179800550828,-0.7345461331848209,-0.08967579792686839,0.8431247487907181,-0.5917226115061358,-0.11753986587178851,0.41187122193394726,-0.9112420625402654,-0.019958895508814738,0.7936437249530871,-0.7614712336467226,-0.05927867725027664,0.8234833071705208,-0.6031887739781442,-0.07124615340930908,0.7842856149072589,-0.5183358455037048,-0.07893449060528654,0.4351801181493933,-0.7587441041596259,-0.08943026930016956,0.7797525045862056,-0.5810645753948962,-0.09999368530346583,0.7407564196552816,-0.4553298206789779,-0.06987497323727701,0.6620379203469636,-0.4250564772313626,-0.052988328019496454,0.4626017700039051,-0.570454734975899,-0.16301774108699824,0.7041348210830046,-0.41618677282734295,-0.1394890368772671,0.6555053676104172,-0.31531420718283804,-0.09651139804870303,0.5777463698652633,-0.30258782918057575,-0.06691497391720759,0.0,0.0,0.0,0.0,0.0,0.0,0.0,0.0,0.0,0.0,0.0,0.0,0.0,0.0,0.0,0.0,0.0,0.0,0.0,0.0,0.0,0.0,0.0,0.0,0.0,0.0,0.0,0.0,0.0,0.0,0.0,0.0,0.0,0.0,0.0,0.0,0.0,0.0,0.0,0.0,0.0,0.0,0.0,0.0,0.0,0.0,0.0,0.0,0.0,0.0,0.0,0.0,0.0,0.0,0.0,0.0,0.0,0.0,0.0,0.0,0.0,0.0,0.0
seis,0.0,0.0,0.0,0.10790950933976443,-0.3527369649434666,0.04771697121724335,0.31925122172818654,-0.655665985143401,0.03470758874083792,0.532013612977056,-0.751445822388588,-0.002266131742703054,0.6931332057493181,-0.7663709639900662,-0.028768176884201333,0.37786599201180515,-1.0047548370743618,0.045811571736069714,0.7489757880463711,-0.9233666909429753,-0.03119753710291613,0.8349395964569467,-0.7391255117579334,-0.08733807382988241,0.834787085628085,-0.5959954485245872,-0.11482848287345739,0.408066004139795,-0.9129524282597536,-0.018456721145480238,0.7890736517434834,-0.7660392866786259,-0.05823979533233271,0.8166291868334123,-0.6061438294973154,-0.06992118217462483,0.7749154506597101,-0.5194093690223148,-0.07689642794543339,0.4326980213609803,-0.7616130985082548,-0.08836832328137705,0.777059712423905,-0.5857164885899796,-0.0994901470068656,0.7362465324498307,-0.4577450569881388,-0.06874828596232715,0.6555622305419078,-0.42565772335298546,-0.05098090620202513,0.4613020683993334,-0.5742667043718542,-0.1623632001484386,0.7035984178466064,-0.42029420092912384,-0.13916161514200762,0.6531952759745078,-0.3180316412173003,-0.09585404380036598,0.572853111191509,-0.30445480331522773,-0.06584456476678507,0.0,0.0,0.0,0.0,0.0,0.0,0.0,0.0,0.0,0.0,0.0,0.0,0.0,0.0,0.0,0.0,0.0,0.0,0.0,0.0,0.0,0.0,0.0,0.0,0.0,0.0,0.0,0.0,0.0,0.0,0.0,0.0,0.0,0.0,0.0,0.0,0.0,0.0,0.0,0.0,0.0,0.0,0.0,0.0,0.0,0.0,0.0,0.0,0.0,0.0,0.0,0.0,0.0,0.0,0.0,0.0,0.0,0.0,0.0,0.0,0.0,0.0,0.0
seis,0.0,0.0,0.0,0.1276787091811481,-0.3412457442810075,0.04869138905525794,0.35017509123187274,-0.6316941309301694,0.03320619830111363,0.5709540510249489,-0.7167484683653099,-0.007483200610456993,0.7301513484426372,-0.7293008219438116,-0.037353692040253586,0.39228290313404984,-1.0064236184236743,0.05246650745330685,0.7575207511580215,-0.9133294430010236,-0.02848296908383399,0.8525488618339543,-0.7289136973826398,-0.08933400557099448,0.8652392572132575,-0.5773275995978946,-0.12005125946632965,0.41800002312125917,-0.908447015885146,-0.014461962228746881,0.7992022872792396,-0.7559010381945833,-0.059724772329731474,0.8186590934714222,-0.599616119014342,-0.07511780425556336,0.7774709977237292,-0.5168200644377896,-0.08344447344515138,0.44136925120803977,-0.7526730876252308,-0.0874596198292745,0.7815005357671734,-0.564170764686299,-0.10032944423633089,0.7189014479430912,-0.44326167266792676,-0.06762530812560914,0.6271957907808249,-0.42091577646386025,-0.04807934114773922,0.4713444038576238,-0.5614467173164491,-0.16497818068446174,0.7084413220495974,-0.3970389325619076,-0.13887423145778155,0.6449971078949361,-0.3021090374459582,-0.09245077806713123,0.5612141725713338,-0.30045793600458715,-0.06079976968931178,0.0,0.0,0.0,0.0,0.0,0.0,0.0,0.0,0.0,0.0,0.0,0.0,0.0,0.0,0.0,0.0,0.0,0.0,0.0,0.0,0.0,0.0,0.0,0.0,0.0,0.0,0.0,0.0,0.0,0.0,0.0,0.0,0.0,0.0,0.0,0.0,0.0,0.0,0.0,0.0,0.0,0.0,0.0,0.0,0.0,0.0,0.0,0.0,0.0,0.0,0.0,0.0,0.0,0.0,0.0,0.0,0.0,0.0,0.0,0.0,0.0,0.0,0.0
seis,0.0,0.0,0.0,0.126393550575192,-0.3450080654432306,0.04895193436511995,0.3492187147026698,-0.6339041306581344,0.03204947291871811,0.5720599448466809,-0.7143891235473325,-0.009858507922539124,0.7333184424588228,-0.7228692744215119,-0.04091660309338851,0.3902619752344824,-1.0094447303851497,0.04785360017036509,0.7580651813990483,-0.9096872822945021,-0.03452274601816014,0.8511706221810453,-0.7252500889557871,-0.09515464254226022,0.8629698429550461,-0.5755658878861794,-0.12584172767719626,0.41577294921380364,-0.9094684462377218,-0.020004416685598925,0.7999724553884269,-0.7543647550015149,-0.06776091111094455,0.8080365809923749,-0.6021627554671899,-0.0820158912154242,0.756501535200447,-0.5261184095478028,-0.08911060712242343,0.4390106664116412,-0.7530720325764545,-0.09359043614702982,0.7813943903331441,-0.5608429903350405,-0.1087812141507109,0.710531081071809,-0.44026060249793386,-0.07359597204862323,0.6133428426987854,-0.4210398967813181,-0.051921953898125574,0.46835955806682844,-0.5616446000020717,-0.17148655958784612,0.7037502073989649,-0.39476942300987933,-0.14665936372798136,0.6346287925617692,-0.2985681453998924,-0.09842390779082831,0.548464378270059,-0.29889250981790205,-0.06527118589616973,0.0,0.0,0.0,0.0,0.0,0.0,0.0,0.0,0.0,0.0,0.0,0.0,0.0,0.0,0.0,0.0,0.0,0.0,0.0,0.0,0.0,0.0,0.0,0.0,0.0,0.0,0.0,0.0,0.0,0.0,0.0,0.0,0.0,0.0,0.0,0.0,0.0,0.0,0.0,0.0,0.0,0.0,0.0,0.0,0.0,0.0,0.0,0.0,0.0,0.0,0.0,0.0,0.0,0.0,0.0,0.0,0.0,0.0,0.0,0.0,0.0,0.0,0.0
seis,0.0,0.0,0.0,0.12707495466402324,-0.34474295711045827,0.04813541347748215,0.35152680445581685,-0.6324923195794574,0.030774311921840946,0.575482134789024,-0.7110818867172956,-0.011474039251763237,0.7384573253971534,-0.7151268358967929,-0.043091451000865845,0.39219450749597246,-1.0090429937416492,0.047770123366936236,0.7587921079970206,-0.906264312250416,-0.033989053628077616,0.8561542751353954,-0.7204979812708239,-0.09461496775044738,0.8730772428125376,-0.5675418863452664,-0.12537194009897124,0.41828742608777997,-0.9083147192338458,-0.019597900862165746,0.7996682036227608,-0.7480244241637941,-0.06667582903106432,0.8070183167672915,-0.5966511648801678,-0.08188722870494274,0.7565080846300757,-0.5233193206692915,-0.08973135903112603,0.44216708337663496,-0.750502450701397,-0.09255794798442259,0.7811475030270576,-0.5569478912145663,-0.10782977262054076,0.709488216692361,-0.43599351651140056,-0.07389344846352232,0.6131671660457375,-0.4166145296371316,-0.05273404658383685,0.4721075622325932,-0.5581430590896501,-0.1697934076949505,0.7046787663621726,-0.3940011408618214,-0.14497917906751417,0.6365237257802003,-0.2967909936599657,-0.0967401256283307,0.5520649702246349,-0.294983683145179,-0.06319264895857449,0.0,0.0,0.0,0.0,0.0,0.0,0.0,0.0,0.0,0.0,0.0,0.0,0.0,0.0,0.0,0.0,0.0,0.0,0.0,0.0,0.0,0.0,0.0,0.0,0.0,0.0,0.0,0.0,0.0,0.0,0.0,0.0,0.0,0.0,0.0,0.0,0.0,0.0,0.0,0.0,0.0,0.0,0.0,0.0,0.0,0.0,0.0,0.0,0.0,0.0,0.0,0.0,0.0,0.0,0.0,0.0,0.0,0.0,0.0,0.0,0.0,0.0,0.0
seis,0.0,0.0,0.0,0.11065545244352896,-0.3569568889214816,0.04190223982815283,0.32503288332293995,-0.6569574530550284,0.021790533962099776,0.5484252577253271,-0.7426299403864032,-0.020919225102384156,0.7076635224724943,-0.7538176670658718,-0.052544872030435445,0.3827329585779764,-1.0090312117421008,0.027725692246128877,0.7654002263632516,-0.9148784213969335,-0.051548638700647055,0.8496736029893456,-0.7264627828340103,-0.10484886030730367,0.8451440336706268,-0.5859027147885121,-0.13058136897184525,0.41083331293119874,-0.9117104743206451,-0.03485143534029445,0.8060703935240574,-0.7505713037553641,-0.07703865999288352,0.8149362430227614,-0.5865259174920442,-0.0823471735779023,0.75686214296635,-0.5135149005402679,-0.08485251099852521,0.43566615222652527,-0.7557622521021692,-0.10287990991972137,0.7921284685830625,-0.5640644814201471,-0.11550353715777847,0.7378847264235814,-0.43476642911811464,-0.07833795551625716,0.6477707160715587,-0.412771707212163,-0.05648854976912702,0.46574049770387715,-0.5640015420742606,-0.17524602428078223,0.7197595705316696,-0.3968012781070221,-0.15297229921911537,0.6654064583613036,-0.29652411108315885,-0.10726619979513186,0.5845538179875998,-0.29244268366438625,-0.07549147630804695,0.0,0.0,0.0,0.0,0.0,0.0,0.0,0.0,0.0,0.0,0.0,0.0,0.0,0.0,0.0,0.0,0.0,0.0,0.0,0.0,0.0,0.0,0.0,0.0,0.0,0.0,0.0,0.0,0.0,0.0,0.0,0.0,0.0,0.0,0.0,0.0,0.0,0.0,0.0,0.0,0.0,0.0,0.0,0.0,0.0,0.0,0.0,0.0,0.0,0.0,0.0,0.0,0.0,0.0,0.0,0.0,0.0,0.0,0.0,0.0,0.0,0.0,0.0
seis,0.0,0.0,0.0,0.10683593415347897,-0.35931262144372267,0.04034693681572093,0.3221925193718034,-0.6603575373951855,0.020263364418383806,0.5487387351282067,-0.7437819541824038,-0.022029527286477408,0.7099421255305235,-0.7497024813876407,-0.05355851155700165,0.3835312478041366,-1.0073846847467898,0.02818099662830403,0.7656469878197691,-0.9118192475431353,-0.05005217288628542,0.851396141153195,-0.7236693717158156,-0.10356895508955698,0.8484223998152856,-0.5843120078882745,-0.12998656899799937,0.413451647358527,-0.9105260761211181,-0.033416465443532516,0.8081412504432085,-0.7499709993445909,-0.07449243671575045,0.8215878832680842,-0.5848994989137767,-0.08055203406218055,0.7666370829892184,-0.5101080899548346,-0.08412095564636708,0.43889311900937583,-0.7541363107154011,-0.10054804167812928,0.7945705533370649,-0.5637795421299304,-0.11282462780859365,0.7429546285853142,-0.43350478955665256,-0.07662214028079897,0.6542555791379553,-0.4101302495667028,-0.055501130548883136,0.4688593083054598,-0.5620412598603564,-0.17213339115687146,0.7232646940741315,-0.3979142376487759,-0.1496809636892103,0.6714403827998057,-0.2967700547835443,-0.10424408379285233,0.5925704037920538,-0.2903840273363359,-0.07278195767494768,0.0,0.0,0.0,0.0,0.0,0.0,0.0,0.0,0.0,0.0,0.0,0.0,0.0,0.0,0.0,0.0,0.0,0.0,0.0,0.0,0.0,0.0,0.0,0.0,0.0,0.0,0.0,0.0,0.0,0.0,0.0,0.0,0.0,0.0,0.0,0.0,0.0,0.0,0.0,0.0,0.0,0.0,0.0,0.0,0.0,0.0,0.0,0.0,0.0,0.0,0.0,0.0,0.0,0.0,0.0,0.0,0.0,0.0,0.0,0.0,0.0,0.0,0.0
seis,0.0,0.0,0.0,0.11560361603817904,-0.3563373811779398,0.04165663910491961,0.3417224823398147,-0.6589670066499624,0.023525939587132977,0.573827466337067,-0.7416941657809446,-0.01757667385547541,0.7452213224728683,-0.7449704543690505,-0.0481446450990892,0.3942922598529622,-1.0016004995865337,0.031985465445585365,0.7810535918160757,-0.917134011529917,-0.05267807095822338,0.877878561426549,-0.7202074348083417,-0.11282557970508415,0.8866369635712387,-0.5688631389641626,-0.14219075544013993,0.42687249002839095,-0.9043118252333988,-0.030771748144168005,0.8192511391506324,-0.7573097457341589,-0.07804937588818561,0.8418393869573835,-0.5863276063751377,-0.08974214870401463,0.7911116931078042,-0.4989288574777923,-0.09513721948970226,0.45468064363092037,-0.7467952668627453,-0.09928679250804845,0.8036903384634813,-0.5671259035136643,-0.1153605382176266,0.755130438117406,-0.4293888471420672,-0.07920659333552706,0.6657533552163799,-0.399271416008081,-0.05599033569847409,0.4871841130513562,-0.5549649064476532,-0.17244977963724228,0.736430471463568,-0.3935297115346123,-0.1501434749558615,0.6845817216785697,-0.28696449994058565,-0.10259002368501625,0.6027701090071391,-0.27714819502708476,-0.06829054340928242,0.0,0.0,0.0,0.0,0.0,0.0,0.0,0.0,0.0,0.0,0.0,0.0,0.0,0.0,0.0,0.0,0.0,0.0,0.0,0.0,0.0,0.0,0.0,0.0,0.0,0.0,0.0,0.0,0.0,0.0,0.0,0.0,0.0,0.0,0.0,0.0,0.0,0.0,0.0,0.0,0.0,0.0,0.0,0.0,0.0,0.0,0.0,0.0,0.0,0.0,0.0,0.0,0.0,0.0,0.0,0.0,0.0,0.0,0.0,0.0,0.0,0.0,0.0
seis,0.0,0.0,0.0,0.1145425917827625,-0.35986701727488385,0.040980138662403735,0.3386293495691074,-0.6583561567619848,0.01981593486300024,0.5682036088122852,-0.7307710548089615,-0.024841139271056398,0.7414883411978761,-0.7230378363623858,-0.05971549799681745,0.39281890019894283,-1.0018984859897666,0.026855125647785014,0.7745900993736285,-0.9086826257117753,-0.05922620159770933,0.8721258123084772,-0.7173194925638643,-0.11996791708331485,0.8842960272867973,-0.5664416271176632,-0.15039856880674116,0.42480744702246154,-0.9052837306360138,-0.03728952250118162,0.8130108785508617,-0.7366992239598541,-0.08746977825368785,0.8266030134458233,-0.5698711863253805,-0.10141783995417082,0.772349550496013,-0.49137066397803086,-0.10839827980179524,0.4520738897952098,-0.7471157262229561,-0.1067133137447713,0.7976753671649368,-0.5468596502670893,-0.12697658774343498,0.7383078849946976,-0.41142513747987086,-0.09294635669020145,0.644113873361401,-0.38579819214432604,-0.07057977410815429,0.4822043280385377,-0.5539513337282551,-0.18066183829864252,0.7297522476382543,-0.3782296642042089,-0.16456866014104576,0.6726659701610326,-0.26765239258636686,-0.11928110728228926,0.5867574758903226,-0.25664190196942677,-0.08552782243768071,0.0,0.0,0.0,0.0,0.0,0.0,0.0,0.0,0.0,0.0,0.0,0.0,0.0,0.0,0.0,0.0,0.0,0.0,0.0,0.0,0.0,0.0,0.0,0.0,0.0,0.0,0.0,0.0,0.0,0.0,0.0,0.0,0.0,0.0,0.0,0.0,0.0,0.0,0.0,0.0,0.0,0.0,0.0,0.0,0.0,0.0,0.0,0.0,0.0,0.0,0.0,0.0,0.0,0.0,0.0,0.0,0.0,0.0,0.0,0.0,0.0,0.0,0.0
seis,0.0,0.0,0.0,0.1152906763674394,-0.3567861500161736,0.04091690238046511,0.34047358008251954,-0.6561045174944384,0.0210301724764094,0.5694506491344533,-0.7325782419388597,-0.022118107362284565,0.7384151148363902,-0.7337435853437457,-0.05494222138584671,0.3970232028387943,-0.9996567041938541,0.029770320631850897,0.7814216226133998,-0.9065669385568698,-0.055925399196168214,0.8674422120388833,-0.7159229543214349,-0.11532923648969173,0.8681462378182014,-0.5721515949787763,-0.14493268135948917,0.4283277349361931,-0.9036234566922388,-0.03413114027540152,0.8198483480225512,-0.7358904336370603,-0.08492531732114476,0.8208240003739389,-0.5731661494881409,-0.0973153641616334,0.7550056802794817,-0.5008983335747368,-0.10307555161058538,0.4538336077602688,-0.7484819949468705,-0.10383548848365533,0.8044723561488655,-0.5485686248394838,-0.12402428837281573,0.7400445300019222,-0.41651060198363277,-0.0885262790064414,0.6423553587846489,-0.3960184599356451,-0.06563472587181297,0.48223958482149676,-0.5586501362925661,-0.17810947663459215,0.7329237137577085,-0.3829012030928183,-0.16165505798608007,0.6721130997688562,-0.2757119871908091,-0.11625522834295385,0.5838523657242904,-0.2707762328641174,-0.08301791202534549,0.0,0.0,0.0,0.0,0.0,0.0,0.0,0.0,0.0,0.0,0.0,0.0,0.0,0.0,0.0,0.0,0.0,0.0,0.0,0.0,0.0,0.0,0.0,0.0,0.0,0.0,0.0,0.0,0.0,0.0,0.0,0.0,0.0,0.0,0.0,0.0,0.0,0.0,0.0,0.0,0.0,0.0,0.0,0.0,0.0,0.0,0.0,0.0,0.0,0.0,0.0,0.0,0.0,0.0,0.0,0.0,0.0,0.0,0.0,0.0,0.0,0.0,0.0
seis,0.0,0.0,0.0,0.11806290023771597,-0.3584058532760837,0.04209908349462424,0.3439252256575557,-0.6579913806541586,0.02226908921176137,0.5719507358640524,-0.7338292647267255,-0.021067919514565676,0.7412358979832899,-0.732305386440188,-0.054058493674919814,0.39808344717239474,-1.0003738085430642,0.02916190400194406,0.7837981969159221,-0.9068382969116313,-0.05617805078080712,0.86625101991628,-0.7163280557912483,-0.11508767985929981,0.8630216363149226,-0.5752069507309515,-0.14442626051774227,0.42920203935618195,-0.9032085082706509,-0.03538346524566724,0.82096259560649,-0.7343321789603412,-0.08595117754432145,0.8186623305721614,-0.5722899105797468,-0.09840895240985216,0.7495845494537782,-0.502355592907531,-0.10428102217236775,0.45508303090998753,-0.7468792355069444,-0.105392025760617,0.8066340118260319,-0.5478301161231939,-0.12504135914500122,0.7423015808121145,-0.4159568539196177,-0.08972277630350156,0.6442171376996046,-0.3963284072134977,-0.0671195581514685,0.48363270141344483,-0.5565482134807569,-0.1797585761083323,0.7349226387975515,-0.3820937328624357,-0.16256070236959264,0.6744738614755094,-0.27507585428686115,-0.11673228809106931,0.5862189492970417,-0.2698960440749694,-0.08330903424330344,0.0,0.0,0.0,0.0,0.0,0.0,0.0,0.0,0.0,0.0,0.0,0.0,0.0,0.0,0.0,0.0,0.0,0.0,0.0,0.0,0.0,0.0,0.0,0.0,0.0,0.0,0.0,0.0,0.0,0.0,0.0,0.0,0.0,0.0,0.0,0.0,0.0,0.0,0.0,0.0,0.0,0.0,0.0,0.0,0.0,0.0,0.0,0.0,0.0,0.0,0.0,0.0,0.0,0.0,0.0,0.0,0.0,0.0,0.0,0.0,0.0,0.0,0.0
seis,0.0,0.0,0.0,0.12246877050747607,-0.36619295745996955,0.04564266801246178,0.35359035383653725,-0.6693518468551855,0.02614554051909572,0.5875591179936693,-0.7494398807941957,-0.017496134505077258,0.762281576739029,-0.747183326412315,-0.05034600297952705,0.39749054578869797,-1.0145495865867245,0.02949803246540106,0.7886157628417536,-0.9296523412878231,-0.058768262427384275,0.8948478316902392,-0.7355809461319707,-0.12126175797080803,0.9121319436581701,-0.5790805499360031,-0.151567915694974,0.43017409775014087,-0.9027459474430514,-0.0359426147118849,0.8250525204588804,-0.7560516693328962,-0.08415905456376264,0.8510846398136575,-0.6030392494529513,-0.09671936094875191,0.8069260597548028,-0.5226445879440152,-0.10422060844485109,0.4591995196525245,-0.7355918219382266,-0.10674949652370544,0.8149018848974762,-0.5563273107511665,-0.12088040308692988,0.7688189887962373,-0.43888579397739047,-0.08525432061293212,0.682085486402379,-0.41736888838113395,-0.06455008003766302,0.4930557291110812,-0.5369810055841225,-0.18205746012402238,0.7443554413695368,-0.37952564343239026,-0.15786119221417064,0.691352374997372,-0.2864725959389026,-0.11035044089180603,0.607884771972439,-0.28394590056292246,-0.07746218367178645,0.0,0.0,0.0,0.0,0.0,0.0,0.0,0.0,0.0,0.0,0.0,0.0,0.0,0.0,0.0,0.0,0.0,0.0,0.0,0.0,0.0,0.0,0.0,0.0,0.0,0.0,0.0,0.0,0.0,0.0,0.0,0.0,0.0,0.0,0.0,0.0,0.0,0.0,0.0,0.0,0.0,0.0,0.0,0.0,0.0,0.0,0.0,0.0,0.0,0.0,0.0,0.0,0.0,0.0,0.0,0.0,0.0,0.0,0.0,0.0,0.0,0.0,0.0
seis,0.0,0.0,0.0,0.1201123608994501,-0.36748560267157154,0.04524128694474311,0.35148518659873396,-0.6712135082443876,0.02572202202179745,0.5859065475922286,-0.7515687082699033,-0.01783815653124576,0.7607819851677724,-0.750431132138438,-0.05068670820858362,0.39436119031517736,-1.015813652407148,0.02855694321028021,0.7861412147634564,-0.9317346130860172,-0.06038114689734148,0.8946176764195516,-0.7378759617010839,-0.12335892455993569,0.9140545496843352,-0.5816125140799149,-0.1539887595137956,0.428037451336799,-0.903760997306864,-0.036797084026197656,0.8234471029659736,-0.7576429289051277,-0.08588099708239916,0.8496384223957669,-0.605943144243996,-0.09893921253504986,0.8053657592323795,-0.5262910197014625,-0.10674850262117572,0.4578397664471889,-0.7367640478247476,-0.10750156237677616,0.8133129729542685,-0.5573391845676968,-0.1224123872198621,0.7658676816739239,-0.4403453149730142,-0.08674160541578703,0.6784205592515672,-0.4193627302588942,-0.06587822495269577,0.49214246772414766,-0.5384844578028224,-0.18272560767194365,0.7427871197185851,-0.3813657188566056,-0.15899764502343133,0.688837325607431,-0.28823247346563047,-0.11130654097734916,0.6050296734227314,-0.2856240634237666,-0.07822806988513309,0.0,0.0,0.0,0.0,0.0,0.0,0.0,0.0,0.0,0.0,0.0,0.0,0.0,0.0,0.0,0.0,0.0,0.0,0.0,0.0,0.0,0.0,0.0,0.0,0.0,0.0,0.0,0.0,0.0,0.0,0.0,0.0,0.0,0.0,0.0,0.0,0.0,0.0,0.0,0.0,0.0,0.0,0.0,0.0,0.0,0.0,0.0,0.0,0.0,0.0,0.0,0.0,0.0,0.0,0.0,0.0,0.0,0.0,0.0,0.0,0.0,0.0,0.0
seis,0.0,0.0,0.0,0.1190579352436355,-0.3679340812005985,0.04472772697856626,0.35002749499588287,-0.6716879846177176,0.02503727067702202,0.5847892409523244,-0.7512734781498271,-0.01862281091391611,0.7599453364588139,-0.74924693609872,-0.051475720417640196,0.39421143543739673,-1.0160658061449217,0.02833738945313779,0.7862117611890735,-0.9324385105818637,-0.0602397744027517,0.8954486533958892,-0.7385155709366464,-0.12267550598735809,0.9158498113268764,-0.580911028954729,-0.15284932846402452,0.4277174242729858,-0.9039124985159142,-0.036641666948903036,0.8235268593357554,-0.7591712806005666,-0.08524283301302756,0.8529141870298981,-0.6053568094344811,-0.09747810158011751,0.8122070636442285,-0.522952913474301,-0.10460962663190032,0.4571932457136191,-0.7365810482793004,-0.10709532915175685,0.8131963602683424,-0.5576216607797145,-0.12199513318767767,0.7674010227418276,-0.4391214829342786,-0.08626469229497921,0.6812366714028881,-0.4164483979021547,-0.0651823958377951,0.49163846698208036,-0.5376710805699025,-0.18213010448706288,0.7433712686399994,-0.3803006415667491,-0.1585119476687749,0.6903099246536261,-0.2869245787359174,-0.11117534038499986,0.6070598733485161,-0.2839884196890106,-0.07825482934927508,0.0,0.0,0.0,0.0,0.0,0.0,0.0,0.0,0.0,0.0,0.0,0.0,0.0,0.0,0.0,0.0,0.0,0.0,0.0,0.0,0.0,0.0,0.0,0.0,0.0,0.0,0.0,0.0,0.0,0.0,0.0,0.0,0.0,0.0,0.0,0.0,0.0,0.0,0.0,0.0,0.0,0.0,0.0,0.0,0.0,0.0,0.0,0.0,0.0,0.0,0.0,0.0,0.0,0.0,0.0,0.0,0.0,0.0,0.0,0.0,0.0,0.0,0.0
seis,0.0,0.0,0.0,0.11590017280532715,-0.3575374950504194,0.04200534493189625,0.3482501235396927,-0.657606264015056,0.021684997864481775,0.5846197454916471,-0.7325303793695455,-0.02226989846449604,0.758221162948523,-0.7242347281942106,-0.05432657102830196,0.4007845590756317,-1.0028899090939716,0.033597531549788215,0.7915645683906386,-0.9120673585115953,-0.049465642560482734,0.8626318970792112,-0.7264911480923163,-0.10594411891700056,0.847792037786283,-0.593410301754684,-0.13352225994874795,0.43482986148774444,-0.9005126270955611,-0.030433242571085966,0.8297681154448967,-0.7474758184145168,-0.07957960780125245,0.8205781620935387,-0.5936933527346681,-0.08964585790011377,0.7456898188260901,-0.5258913557194814,-0.09308482420169281,0.46612279700860165,-0.7434953923021282,-0.10036205621453613,0.8254671297564036,-0.5612501535994463,-0.11905873473292657,0.760516480650013,-0.43459161244201555,-0.0827814537880044,0.6614080033431479,-0.41494231760207084,-0.05899723236689958,0.5000260529779985,-0.5511252637596014,-0.17456769093731783,0.7633525472789079,-0.38997861037474546,-0.1562971951598021,0.7013657718696749,-0.28388693545494986,-0.11001674280833712,0.6116493775710398,-0.2768415708169677,-0.07612407954432619,0.0,0.0,0.0,0.0,0.0,0.0,0.0,0.0,0.0,0.0,0.0,0.0,0.0,0.0,0.0,0.0,0.0,0.0,0.0,0.0,0.0,0.0,0.0,0.0,0.0,0.0,0.0,0.0,0.0,0.0,0.0,0.0,0.0,0.0,0.0,0.0,0.0,0.0,0.0,0.0,0.0,0.0,0.0,0.0,0.0,0.0,0.0,0.0,0.0,0.0,0.0,0.0,0.0,0.0,0.0,0.0,0.0,0.0,0.0,0.0,0.0,0.0,0.0
seis,0.0,0.0,0.0,0.1174052617363472,-0.3592798954504398,0.04271817063490918,0.35034174000711055,-0.6584560616382792,0.02206192746523027,0.5858381146243394,-0.7332258383527098,-0.02219225806626011,0.7567783806366781,-0.7271865911454473,-0.054405205267937615,0.4029258063659908,-1.0023727522979857,0.031351906673221505,0.7963698902517083,-0.9105570611878953,-0.052184054463225236,0.8695067046164333,-0.7284274894627459,-0.10805470106892065,0.858118757765642,-0.5966007419558303,-0.13533225390036244,0.43776210457110903,-0.899090840683784,-0.03334776885746627,0.8363555511965673,-0.7426099796785108,-0.08509385868301772,0.818235722277358,-0.5959568107011851,-0.09448369115569556,0.735688327486155,-0.5349141454816491,-0.09685083863086073,0.46978994409510805,-0.7423073215523405,-0.10369262995414882,0.8302359430385631,-0.5547410358090403,-0.1224359085220515,0.7601632812891357,-0.43150282142729157,-0.08438767813130156,0.6582610732707866,-0.4155464762858452,-0.0594473983306745,0.5046159797545688,-0.5516413991375709,-0.17839800484604235,0.7636128881616712,-0.3853272799778921,-0.15821534989297126,0.6999367493615489,-0.28258841357627884,-0.1106063895531283,0.6119707304631846,-0.27931170450685455,-0.07605517595187605,0.0,0.0,0.0,0.0,0.0,0.0,0.0,0.0,0.0,0.0,0.0,0.0,0.0,0.0,0.0,0.0,0.0,0.0,0.0,0.0,0.0,0.0,0.0,0.0,0.0,0.0,0.0,0.0,0.0,0.0,0.0,0.0,0.0,0.0,0.0,0.0,0.0,0.0,0.0,0.0,0.0,0.0,0.0,0.0,0.0,0.0,0.0,0.0,0.0,0.0,0.0,0.0,0.0,0.0,0.0,0.0,0.0,0.0,0.0,0.0,0.0,0.0,0.0
seis,0.0,0.0,0.0,0.10864789112339535,-0.36177777436146547,0.0473453497442539,0.32941827851339,-0.6620428215370636,0.03326759624523575,0.5509651776898264,-0.750227881923266,-0.004286796756430539,0.7159473228705486,-0.7575741603194298,-0.030608567955297383,0.3883678602074732,-1.0069678365351964,0.03631463339810883,0.7699081532744342,-0.925556778836058,-0.03770715665122367,0.8430775422620235,-0.7404096903947396,-0.0856537896606395,0.8319254230540734,-0.6097815394045268,-0.10795198047695691,0.4240367753358603,-0.9056449708151452,-0.026693832553521864,0.8150809575415973,-0.7659564789184208,-0.06358101771913145,0.8240884251488986,-0.6114890359496132,-0.06732495162983047,0.7657584632292214,-0.5360391835535996,-0.06904156277143102,0.45588360752786705,-0.748830368053942,-0.09477088080966548,0.8101412782023008,-0.5747469310781042,-0.10455432023916014,0.7620967280760671,-0.4518407008124319,-0.07020367382699128,0.672992086976148,-0.4265130081822105,-0.050359318139997444,0.49016468494626286,-0.5600719987188465,-0.16634413547877314,0.736853010685768,-0.40636586214324383,-0.14041688814561898,0.6860472993785508,-0.30599540696321637,-0.09532341542584134,0.6054296867446862,-0.29600857380060747,-0.06439982490515603,0.0,0.0,0.0,0.0,0.0,0.0,0.0,0.0,0.0,0.0,0.0,0.0,0.0,0.0,0.0,0.0,0.0,0.0,0.0,0.0,0.0,0.0,0.0,0.0,0.0,0.0,0.0,0.0,0.0,0.0,0.0,0.0,0.0,0.0,0.0,0.0,0.0,0.0,0.0,0.0,0.0,0.0,0.0,0.0,0.0,0.0,0.0,0.0,0.0,0.0,0.0,0.0,0.0,0.0,0.0,0.0,0.0,0.0,0.0,0.0,0.0,0.0,0.0
seis,0.0,0.0,0.0,0.14023365832616816,-0.3457935582101641,0.04882860441306576,0.3689832483252769,-0.6374632096344733,0.029853857622083608,0.5947125486986815,-0.7154165612960258,-0.014870757419292677,0.7651620119735899,-0.7170761027008036,-0.04949591058914511,0.3964417567271867,-1.0092114997216,0.03684387652654877,0.7813254151391859,-0.9012714293599858,-0.055263051478646893,0.8877818465349023,-0.714999008148547,-0.12192568685906305,0.9053820731445021,-0.5651590456920264,-0.1553545835012698,0.42334295387949367,-0.9059695046747351,-0.03336933215593032,0.8191186221150303,-0.7465199678859649,-0.0878631348130991,0.8421515146549768,-0.5779596486121807,-0.1043122395977153,0.7943948630784506,-0.49104628798465455,-0.11223373355929,0.44971730429460666,-0.7410700903666865,-0.10913081754947143,0.8042071899283135,-0.555931224402278,-0.1306565988191151,0.7570567305139557,-0.41886432632362136,-0.09635464432835669,0.6686235865837757,-0.3874889766285642,-0.0736764180928304,0.4812420505815895,-0.5392118869141939,-0.18920501347089577,0.7275206112121214,-0.3663373107588334,-0.16957140974492557,0.6750961767173653,-0.25497316689518157,-0.12271481669708734,0.5937665997710048,-0.24068858077735097,-0.08907228120726803,0.0,0.0,0.0,0.0,0.0,0.0,0.0,0.0,0.0,0.0,0.0,0.0,0.0,0.0,0.0,0.0,0.0,0.0,0.0,0.0,0.0,0.0,0.0,0.0,0.0,0.0,0.0,0.0,0.0,0.0,0.0,0.0,0.0,0.0,0.0,0.0,0.0,0.0,0.0,0.0,0.0,0.0,0.0,0.0,0.0,0.0,0.0,0.0,0.0,0.0,0.0,0.0,0.0,0.0,0.0,0.0,0.0,0.0,0.0,0.0,0.0,0.0,0.0
seis,0.0,0.0,0.0,0.13102422673808398,-0.3503476733596623,0.04589481344923875,0.36084908310979624,-0.6445298683873298,0.026949808790665896,0.5931942568843244,-0.7235525056697224,-0.016329390910620228,0.768498776688746,-0.7196683031067949,-0.04973949842270025,0.3966082781270703,-1.009399943872709,0.030771744944930894,0.785317642480497,-0.9037385374364828,-0.05919449445850041,0.8907839838522478,-0.7153451169103967,-0.1221250218052746,0.9110184075171398,-0.5673200450762255,-0.15308644282030084,0.42621385081967045,-0.9046224369146874,-0.03647711323598987,0.8263856431478561,-0.7465115590724043,-0.09010931381023084,0.8485790923439921,-0.5806528643668853,-0.10358101663516833,0.7997395459683445,-0.49093828866673167,-0.10920124156696694,0.45232064020464396,-0.7412277036049847,-0.10901635068099971,0.8108533692929945,-0.5519674823272759,-0.1295857370910558,0.7617238424726614,-0.41787263835332084,-0.09478218423194969,0.6724123081847961,-0.3827529008148505,-0.07157122994658757,0.48200123792204236,-0.5436156267760129,-0.18593019590735493,0.7268089406995706,-0.3637052683561857,-0.16529101877655625,0.6751481044379047,-0.2526570651394445,-0.1193721377303842,0.5964545304038134,-0.23522787949479984,-0.08612920353028287,0.0,0.0,0.0,0.0,0.0,0.0,0.0,0.0,0.0,0.0,0.0,0.0,0.0,0.0,0.0,0.0,0.0,0.0,0.0,0.0,0.0,0.0,0.0,0.0,0.0,0.0,0.0,0.0,0.0,0.0,0.0,0.0,0.0,0.0,0.0,0.0,0.0,0.0,0.0,0.0,0.0,0.0,0.0,0.0,0.0,0.0,0.0,0.0,0.0,0.0,0.0,0.0,0.0,0.0,0.0,0.0,0.0,0.0,0.0,0.0,0.0,0.0,0.0
seis,0.0,0.0,0.0,0.12930281411299466,-0.35098649622637956,0.04871983885941505,0.35951574847356166,-0.6447204063994251,0.030563425405155883,0.5900382847142525,-0.7239358563010041,-0.012542941658141588,0.7658690897306022,-0.7236080836559069,-0.046471191451774266,0.39410047994146125,-1.009740673627672,0.03169945038376465,0.7796404329537189,-0.9068871551224147,-0.0580728699895429,0.8926940404892421,-0.7203460819053918,-0.121598754310949,0.9189983194149801,-0.5681124612715303,-0.1527654928158065,0.4241592931798301,-0.9055875959890279,-0.03690043168765851,0.8223721317287831,-0.7511210678901646,-0.088979020724002,0.8529748448840965,-0.5808966427436877,-0.10238980966953942,0.8108675914360992,-0.48623499430134665,-0.10833077622137448,0.45090648450179505,-0.7405589613115824,-0.11043694696865897,0.8078065164136556,-0.5571883371446316,-0.13114033874975364,0.7635477745052491,-0.41758898917189674,-0.09631437508892877,0.6768812626512082,-0.37808155286624895,-0.07303732485989207,0.4810821846802332,-0.540252485313838,-0.18796309448404727,0.7282989365213501,-0.36700262779928833,-0.16779131769766445,0.6773365800889073,-0.2536614329642822,-0.12107905296082008,0.5965815072936197,-0.23385809464556934,-0.08729364405296021,0.0,0.0,0.0,0.0,0.0,0.0,0.0,0.0,0.0,0.0,0.0,0.0,0.0,0.0,0.0,0.0,0.0,0.0,0.0,0.0,0.0,0.0,0.0,0.0,0.0,0.0,0.0,0.0,0.0,0.0,0.0,0.0,0.0,0.0,0.0,0.0,0.0,0.0,0.0,0.0,0.0,0.0,0.0,0.0,0.0,0.0,0.0,0.0,0.0,0.0,0.0,0.0,0.0,0.0,0.0,0.0,0.0,0.0,0.0,0.0,0.0,0.0,0.0
seis,0.0,0.0,0.0,0.11107644796157143,-0.35960431473076737,0.046802356974610375,0.33153647072440123,-0.6584165766062772,0.030590839548612466,0.562093109998947,-0.7331489896485713,-0.009953275940964403,0.733738919676596,-0.72457669486059,-0.04093685680362974,0.3942540748145833,-1.0032587990943396,0.0394669884896812,0.7736169280634281,-0.9043954971183592,-0.03921472914989027,0.8623955277664526,-0.7211001900741139,-0.09432372296828213,0.8662599461502101,-0.5863964049758693,-0.12202386816114567,0.42568138373254566,-0.9048731179251294,-0.0244861867684,0.8182546748349697,-0.7474656996129162,-0.06581096755880098,0.8356221307595061,-0.5874760452588179,-0.07366604816964978,0.7838789422426389,-0.5094794812150093,-0.07846447497856883,0.4516015109929878,-0.7487867784401528,-0.09385387707834998,0.8093761140270931,-0.5500050635203383,-0.10624213390218996,0.7572292430675265,-0.420776922388778,-0.07015241541762543,0.6645196454112021,-0.39746321006652846,-0.04894434221038426,0.4803962987731212,-0.5571581622207047,-0.16742322826519984,0.7363933419886166,-0.376651487883926,-0.14379044868674012,0.6791871245813994,-0.27411194241284237,-0.09769011960150997,0.5908570609258187,-0.2713895388561311,-0.06594271954744402,0.0,0.0,0.0,0.0,0.0,0.0,0.0,0.0,0.0,0.0,0.0,0.0,0.0,0.0,0.0,0.0,0.0,0.0,0.0,0.0,0.0,0.0,0.0,0.0,0.0,0.0,0.0,0.0,0.0,0.0,0.0,0.0,0.0,0.0,0.0,0.0,0.0,0.0,0.0,0.0,0.0,0.0,0.0,0.0,0.0,0.0,0.0,0.0,0.0,0.0,0.0,0.0,0.0,0.0,0.0,0.0,0.0,0.0,0.0,0.0,0.0,0.0,0.0
seis,0.0,0.0,0.0,0.11585070676247776,-0.35869741981441167,0.04571711702303339,0.3388542718554334,-0.6541721549536547,0.027474988378706947,0.5723195871716338,-0.7222144951361676,-0.01541864656553422,0.74655328076124,-0.708480569079309,-0.04886338646685448,0.3968455539889614,-1.0009327785936062,0.03789587376365779,0.7774740413948464,-0.8983905376732146,-0.043648125481399264,0.8769227294478261,-0.7140147164514613,-0.09991990883834918,0.8908816923124984,-0.5707077610356691,-0.12774067756307017,0.42672200318630815,-0.9043828459212748,-0.026544902297710758,0.8228112225290086,-0.7422392548314517,-0.07166332908474629,0.8422948390255036,-0.5755077258223298,-0.0796156771621115,0.7937635417004377,-0.4952455353555287,-0.08279443744779444,0.4522919862841291,-0.7486032254324165,-0.09661936166500015,0.8116089605600525,-0.5431769689397665,-0.11277318059838044,0.7559570063677488,-0.4075947535721867,-0.07596275179590248,0.66219506877222,-0.38345709459409777,-0.052460970139579476,0.4815024671783526,-0.5548240302241667,-0.17104089100213138,0.7350971491434691,-0.3666422739902667,-0.15011947829946443,0.6763045250021176,-0.25960421959377494,-0.10420929939103205,0.5895936235114093,-0.2563127046594896,-0.0713943617516574,0.0,0.0,0.0,0.0,0.0,0.0,0.0,0.0,0.0,0.0,0.0,0.0,0.0,0.0,0.0,0.0,0.0,0.0,0.0,0.0,0.0,0.0,0.0,0.0,0.0,0.0,0.0,0.0,0.0,0.0,0.0,0.0,0.0,0.0,0.0,0.0,0.0,0.0,0.0,0.0,0.0,0.0,0.0,0.0,0.0,0.0,0.0,0.0,0.0,0.0,0.0,0.0,0.0,0.0,0.0,0.0,0.0,0.0,0.0,0.0,0.0,0.0,0.0
seis,0.0,0.0,0.0,0.11217134326622587,-0.36021063816860976,0.04593565987684921,0.34085504519994836,-0.6539491467311923,0.026915371478445176,0.5751348937278853,-0.7317029693544251,-0.01651217166227178,0.7476387538531233,-0.726960891480184,-0.04934475569161058,0.3983025624461258,-1.0048890579915613,0.035340444028067505,0.7785361120681589,-0.8992251741986608,-0.04241959550519504,0.8663048356684218,-0.7070848006941785,-0.09922398003427094,0.8647995262985061,-0.5728659755437941,-0.1295971191199197,0.4262672175823785,-0.9045972911824229,-0.029707287138800453,0.8194865340329829,-0.7460701932209507,-0.0693621293468457,0.8433474543411805,-0.5815928829402275,-0.08092571451190345,0.7936771921600636,-0.5055383637817656,-0.09038261192573477,0.4498327297607054,-0.7421040917261308,-0.09966787624437391,0.8186801687789577,-0.5589291429478219,-0.1135806141730548,0.7878418215180949,-0.4256806416307213,-0.08303909399932535,0.7068632445967753,-0.3985267687360815,-0.06656082612756492,0.47799155567131696,-0.5418301005980058,-0.17331139377051466,0.7537967412685035,-0.378492726473937,-0.15494855188961384,0.711313447931216,-0.2773960078468016,-0.1141309929114302,0.6283829158551044,-0.26985108632885835,-0.08647893902923365,0.0,0.0,0.0,0.0,0.0,0.0,0.0,0.0,0.0,0.0,0.0,0.0,0.0,0.0,0.0,0.0,0.0,0.0,0.0,0.0,0.0,0.0,0.0,0.0,0.0,0.0,0.0,0.0,0.0,0.0,0.0,0.0,0.0,0.0,0.0,0.0,0.0,0.0,0.0,0.0,0.0,0.0,0.0,0.0,0.0,0.0,0.0,0.0,0.0,0.0,0.0,0.0,0.0,0.0,0.0,0.0,0.0,0.0,0.0,0.0,0.0,0.0,0.0
seis,0.0,0.0,0.0,0.11707960846801109,-0.36023039950333097,0.03971992043571064,0.3521809621971939,-0.6543077219380958,0.020695168510823155,0.5888733606517409,-0.7278055179915148,-0.02111794750934441,0.7579666366511908,-0.7231813311560553,-0.05257900604717991,0.41873817108636907,-0.9990691325708658,0.03135555988656688,0.7973386229646867,-0.898082476712429,-0.044275079647747434,0.888632575495087,-0.7120558620839056,-0.09639248316966169,0.8981307500071642,-0.5769326292079096,-0.1236753627103177,0.4494459085407054,-0.8933075479900637,-0.030933982431960542,0.8415795722252367,-0.7414971882336068,-0.06948482082279611,0.8744883206830235,-0.5807374262152604,-0.0765065719501793,0.8406571754410757,-0.4943476097388587,-0.08190211646116785,0.473840970571611,-0.7298125385428879,-0.09902890717843703,0.8330798832592825,-0.5396211409247128,-0.11077752122786302,0.7948481516474518,-0.41040232419511113,-0.07654762219616702,0.7167014040200101,-0.378081110187002,-0.05738010149738382,0.5020119374148772,-0.5274325826406233,-0.17199754761561167,0.7592490194176528,-0.35516008846448144,-0.15082162120005121,0.7130688834548373,-0.2509471973170081,-0.108412051274435,0.6375073591878284,-0.23576892494262233,-0.07949597199487796,0.0,0.0,0.0,0.0,0.0,0.0,0.0,0.0,0.0,0.0,0.0,0.0,0.0,0.0,0.0,0.0,0.0,0.0,0.0,0.0,0.0,0.0,0.0,0.0,0.0,0.0,0.0,0.0,0.0,0.0,0.0,0.0,0.0,0.0,0.0,0.0,0.0,0.0,0.0,0.0,0.0,0.0,0.0,0.0,0.0,0.0,0.0,0.0,0.0,0.0,0.0,0.0,0.0,0.0,0.0,0.0,0.0,0.0,0.0,0.0,0.0,0.0,0.0
seis,0.0,0.0,0.0,0.11863312338858469,-0.3545745840422665,0.03933012651656079,0.3544228991577296,-0.6500649576179676,0.017802519506447765,0.5924800870230553,-0.7213504214824038,-0.02719748031972927,0.7649241825188344,-0.715185833430507,-0.061071141503643046,0.40883971748808606,-1.0047024310352128,0.031113995934727825,0.7912791185468717,-0.8917302447097035,-0.05280609075991697,0.8815371633992231,-0.7036041833065748,-0.11020642481170083,0.8886529532476738,-0.5657174420356386,-0.1396150687861507,0.4350429686315865,-0.9004096931087628,-0.03356342994418439,0.8350229667565404,-0.7344449898657686,-0.083948899199613,0.8430803105997019,-0.5765097590383883,-0.09393397769893978,0.7857494987866641,-0.5033043826071285,-0.0980577988329129,0.45809424718027,-0.738438822502915,-0.10461082257337712,0.8220105833518411,-0.5335859739854031,-0.12610112251640845,0.7613402027970326,-0.4057576021251348,-0.09029021845495244,0.6682449895507525,-0.38654454074312466,-0.06716979174317306,0.48617363845630485,-0.53610119165856,-0.18034933880969023,0.7476914217966674,-0.35094879717914357,-0.16465504515554089,0.6872600923319772,-0.24512348806358011,-0.12039316358578421,0.6025734743811546,-0.23928656794836253,-0.08880926970556323,0.0,0.0,0.0,0.0,0.0,0.0,0.0,0.0,0.0,0.0,0.0,0.0,0.0,0.0,0.0,0.0,0.0,0.0,0.0,0.0,0.0,0.0,0.0,0.0,0.0,0.0,0.0,0.0,0.0,0.0,0.0,0.0,0.0,0.0,0.0,0.0,0.0,0.0,0.0,0.0,0.0,0.0,0.0,0.0,0.0,0.0,0.0,0.0,0.0,0.0,0.0,0.0,0.0,0.0,0.0,0.0,0.0,0.0,0.0,0.0,0.0,0.0,0.0
seis,0.0,0.0,0.0,0.12083272948896291,-0.3536974074410425,0.04006415110608171,0.357164294450692,-0.648005078833582,0.018804389834527348,0.5967206569462576,-0.717340657513394,-0.025780744217842953,0.768715502701952,-0.7087987176904815,-0.05951148382191943,0.41001383200418995,-1.0029583254304035,0.03011620887994206,0.7949004335791142,-0.8922344526915074,-0.05286181931974989,0.8876596100525986,-0.702703971036016,-0.10974467854299698,0.8968010095299046,-0.5657944469155655,-0.13944170808042539,0.4381342178051679,-0.8989095656339705,-0.034314727533266996,0.8400908293163653,-0.7385663566583553,-0.08240908526451007,0.8553838952951286,-0.5775325442227207,-0.09178120375768792,0.8037813707186038,-0.5015200513394648,-0.09658147983727809,0.46272953586681825,-0.7369063145384962,-0.10478421970175306,0.830482903245045,-0.5346531663237718,-0.1242787156602345,0.776276475794748,-0.4040379685744539,-0.08843401616914988,0.6850876386442815,-0.38344199026836273,-0.06615437670858947,0.49275961855958733,-0.5349993686842719,-0.1799829141317873,0.7578888434510563,-0.3502548374546332,-0.16383276314685866,0.7010291585761147,-0.24322859325702065,-0.12021945020342205,0.6165233599164266,-0.23711223147078608,-0.08942236806928738,0.0,0.0,0.0,0.0,0.0,0.0,0.0,0.0,0.0,0.0,0.0,0.0,0.0,0.0,0.0,0.0,0.0,0.0,0.0,0.0,0.0,0.0,0.0,0.0,0.0,0.0,0.0,0.0,0.0,0.0,0.0,0.0,0.0,0.0,0.0,0.0,0.0,0.0,0.0,0.0,0.0,0.0,0.0,0.0,0.0,0.0,0.0,0.0,0.0,0.0,0.0,0.0,0.0,0.0,0.0,0.0,0.0,0.0,0.0,0.0,0.0,0.0,0.0
seis,0.0,0.0,0.0,0.11555135391183079,-0.37695110914851704,0.04521973500026079,0.35024586656890516,-0.665393136695439,0.024963649885521848,0.593324196209015,-0.7339974907251459,-0.01903969450795797,0.7727359362818038,-0.7126334406143578,-0.05422994986761777,0.4089773907907436,-1.0081644287953728,0.026323993558323763,0.7921436664612825,-0.8939849460347841,-0.04688866678837398,0.908569534249692,-0.7112871211031312,-0.0964607996545746,0.9462711590333363,-0.5654477168346191,-0.12141955614944619,0.4399841260081358,-0.8980055505735234,-0.03660177838968165,0.8343179078943588,-0.7269581938420684,-0.07169292695634871,0.8658245195621904,-0.5715401635081171,-0.07512212124267499,0.8358398499454086,-0.4940046115874422,-0.077884706755038,0.46506198103635316,-0.7282379351363538,-0.1034638384005882,0.8194209418832079,-0.5311239468845416,-0.11165181195966867,0.7793851208018314,-0.4103996454575085,-0.07739546932372467,0.7040686028576931,-0.3831364054434789,-0.0578071794697543,0.4934698265583904,-0.5235782956704574,-0.17425617531612647,0.7429499216690844,-0.3521519829258183,-0.1466769024517144,0.6967982615677171,-0.254062835729769,-0.1013195812085857,0.6240797336132995,-0.23954842455433964,-0.07009940207576669,0.0,0.0,0.0,0.0,0.0,0.0,0.0,0.0,0.0,0.0,0.0,0.0,0.0,0.0,0.0,0.0,0.0,0.0,0.0,0.0,0.0,0.0,0.0,0.0,0.0,0.0,0.0,0.0,0.0,0.0,0.0,0.0,0.0,0.0,0.0,0.0,0.0,0.0,0.0,0.0,0.0,0.0,0.0,0.0,0.0,0.0,0.0,0.0,0.0,0.0,0.0,0.0,0.0,0.0,0.0,0.0,0.0,0.0,0.0,0.0,0.0,0.0,0.0
seis,0.0,0.0,0.0,0.11140855989301134,-0.3768385604329602,0.044860332448051744,0.3422883821140909,-0.666092162548448,0.0248019134340883,0.5827033956192293,-0.7344156451421407,-0.01912979611972921,0.7624906229518208,-0.7125428010799612,-0.054371644877673604,0.40403575986873547,-1.0075099099580047,0.02750029780451221,0.785138197957235,-0.8893496895511643,-0.04645959294195545,0.901158532204131,-0.7067346406982459,-0.09712500477357307,0.9392192882434166,-0.5616334999942982,-0.1230797638380444,0.43495534682176346,-0.9004520233033849,-0.035661476256573454,0.8278802005350338,-0.7226278763138172,-0.07267680093141446,0.85438249953279,-0.5673766529847416,-0.07784594892595184,0.8207733210617547,-0.49357861936893777,-0.081499746055264,0.4598062080527857,-0.7328122485519236,-0.1029281980726792,0.8130631587101338,-0.5291365908442556,-0.11285709483492183,0.7714630716812155,-0.4090572236610204,-0.07990655709885841,0.695548011647453,-0.3862296281874685,-0.0610195324319122,0.4869082180941986,-0.5294284097380421,-0.17420238446185565,0.7369762934280099,-0.3519167982834353,-0.14824512511310461,0.6910157106153156,-0.2530605584331293,-0.10384860406115597,0.6179366873216563,-0.241342797564637,-0.0732461290562795,0.0,0.0,0.0,0.0,0.0,0.0,0.0,0.0,0.0,0.0,0.0,0.0,0.0,0.0,0.0,0.0,0.0,0.0,0.0,0.0,0.0,0.0,0.0,0.0,0.0,0.0,0.0,0.0,0.0,0.0,0.0,0.0,0.0,0.0,0.0,0.0,0.0,0.0,0.0,0.0,0.0,0.0,0.0,0.0,0.0,0.0,0.0,0.0,0.0,0.0,0.0,0.0,0.0,0.0,0.0,0.0,0.0,0.0,0.0,0.0,0.0,0.0,0.0
seis,0.0,0.0,0.0,0.1121440903695198,-0.3935194197825484,0.04540145628121903,0.36308275402857787,-0.7042755877649464,0.02786971861759166,0.6144845096180369,-0.7596366495341733,-0.013284757094607507,0.7951077354270332,-0.7146010994071343,-0.04196399924703312,0.4615743189275751,-1.0083209390842847,0.0412602166470844,0.8497772415987028,-0.9199501465149624,-0.028647391724159102,0.8505969460725227,-0.7485187070857082,-0.0777262718209433,0.7686388278827104,-0.6645838084168708,-0.10545525549678218,0.5118617313100774,-0.8590678483218018,-0.027218740742978406,0.9010861088724647,-0.7437278818952833,-0.06723467802088036,0.8497103650714404,-0.6002512044736069,-0.07548075348118796,0.7360266201273482,-0.5590268691767578,-0.08047895661805766,0.5608478535000934,-0.6691157205715815,-0.10003004900244589,0.9048442708151057,-0.5399416532988446,-0.10570813236549323,0.8275342580759739,-0.42629377509563066,-0.06403490238984078,0.7134421553425083,-0.4218339700345604,-0.04184191572620219,0.5989205857482152,-0.45176327084985846,-0.1767975422596811,0.8471541125601023,-0.3522939636500469,-0.14367345119692257,0.7730836884684147,-0.2625180167844455,-0.08805804146219072,0.6766271875023696,-0.2680863283057817,-0.05259492984798322,0.0,0.0,0.0,0.0,0.0,0.0,0.0,0.0,0.0,0.0,0.0,0.0,0.0,0.0,0.0,0.0,0.0,0.0,0.0,0.0,0.0,0.0,0.0,0.0,0.0,0.0,0.0,0.0,0.0,0.0,0.0,0.0,0.0,0.0,0.0,0.0,0.0,0.0,0.0,0.0,0.0,0.0,0.0,0.0,0.0,0.0,0.0,0.0,0.0,0.0,0.0,0.0,0.0,0.0,0.0,0.0,0.0,0.0,0.0,0.0,0.0,0.0,0.0
seis,0.0,0.0,0.0,-0.0023816170227716075,-0.44126798424845587,0.03326563868148325,0.12729967258062072,-0.7267896458118284,0.01991408371394901,0.31716273146250346,-0.7805836606849232,-0.0095401307133424,0.45125782588239927,-0.7018293299821945,-0.034989684342929823,0.5535519666358396,-0.9451116535495064,0.022209456873400278,0.7136864114508201,-0.9231739367238639,0.012874205822938262,0.6452311998052531,-0.8169583029352069,-0.010020282923788967,0.5536176202642772,-0.747866811772165,-0.0320934951380793,0.6882281770562036,-0.725494297914115,-0.02643988745084845,0.7672257698257329,-0.7118209802560398,0.008665900650284174,0.6870205481937306,-0.6344296405833542,0.01559330657339774,0.5894203705775921,-0.5578605086100548,0.0030454313437552117,0.7565873499229818,-0.4829448352350375,-0.07277202494083063,0.7689078049344643,-0.46535725910135306,-0.02547273987132663,0.688262541214339,-0.4085048341542099,0.002265966538799578,0.5919358269531015,-0.3520944407990817,0.0003121841679383297,0.7750618830645393,-0.24673248504410342,-0.12372417480412733,0.7696167917759941,-0.23360537663639053,-0.07451863414605825,0.6874007243011019,-0.19787895092693417,-0.031068993891669533,0.6029725093622426,-0.1667540668557946,-0.004745286093264399,0.0,0.0,0.0,0.0,0.0,0.0,0.0,0.0,0.0,0.0,0.0,0.0,0.0,0.0,0.0,0.0,0.0,0.0,0.0,0.0,0.0,0.0,0.0,0.0,0.0,0.0,0.0,0.0,0.0,0.0,0.0,0.0,0.0,0.0,0.0,0.0,0.0,0.0,0.0,0.0,0.0,0.0,0.0,0.0,0.0,0.0,0.0,0.0,0.0,0.0,0.0,0.0,0.0,0.0,0.0,0.0,0.0,0.0,0.0,0.0,0.0,0.0,0.0
seis,0.0,0.0,0.0,-0.029450911383963402,-0.41861559743817756,0.04567249331497558,0.07719029274739259,-0.6987186944629845,0.035344024856234835,0.22477946509090332,-0.7703706448233503,0.009890896391078872,0.3244195271688118,-0.7261403370097059,-0.01175421812742409,0.5494752785467103,-0.9560277156857918,0.021272346333133407,0.691416032828296,-0.8841768245707928,0.019806992481357727,0.6238893603771949,-0.7615393575372522,0.0006262354634882956,0.5370467840309257,-0.7032570304280545,-0.018393832243197853,0.6881161396308094,-0.7256005639327967,-0.02955185382135963,0.7418771358210592,-0.6717592966108521,0.012978645067021467,0.6544505367079715,-0.5850452637852696,0.014603639789032993,0.5597988043425157,-0.5127306651760153,0.00017348537351521238,0.7602283233362227,-0.46653874300970083,-0.07371368146858909,0.7513816766536273,-0.42870416103756415,-0.023054649110024642,0.6602159787432101,-0.3623501053690574,-0.0034392669819783197,0.5596633125234135,-0.30419796743017113,-0.009370237513258639,0.7830392213343862,-0.21330654445720793,-0.11952056162114667,0.7522791042489764,-0.18112166049670433,-0.06581829455187922,0.6578093075920316,-0.14002028116953372,-0.022291703373461227,0.5647703118588046,-0.10684179053561392,0.005279369373265849,0.0,0.0,0.0,0.0,0.0,0.0,0.0,0.0,0.0,0.0,0.0,0.0,0.0,0.0,0.0,0.0,0.0,0.0,0.0,0.0,0.0,0.0,0.0,0.0,0.0,0.0,0.0,0.0,0.0,0.0,0.0,0.0,0.0,0.0,0.0,0.0,0.0,0.0,0.0,0.0,0.0,0.0,0.0,0.0,0.0,0.0,0.0,0.0,0.0,0.0,0.0,0.0,0.0,0.0,0.0,0.0,0.0,0.0,0.0,0.0,0.0,0.0,0.0
seis,0.0,0.0,0.0,-0.032062907526701656,-0.4184748574393684,0.034384734099003104,0.08126633705083326,-0.7017008159744909,0.01768239896175984,0.2420978938458357,-0.7705042799893511,-0.01285073564000855,0.3547323821575609,-0.7189736993960033,-0.03838038218027483,0.555098582970428,-0.9516696016728762,0.014217328563025862,0.6912789071448531,-0.8881797992660596,-0.003478133899721153,0.6209208083097244,-0.7621931875542911,-0.035553239597203835,0.5307740175913628,-0.7021116447473897,-0.0618512940398511,0.6942452716347803,-0.7197384961308865,-0.0371453893730177,0.7614863813153075,-0.675198029663406,-0.014500010996655295,0.674140832798224,-0.5847693825412728,-0.021882700951437663,0.5769472554239115,-0.5091524118198757,-0.037700391250246386,0.7697458848027166,-0.4594805395886074,-0.0842794125178049,0.7815269929502081,-0.4180930239144194,-0.05069817895230761,0.693140628000226,-0.3462047667670318,-0.03342383929624417,0.5932192379486638,-0.28583854334389625,-0.03607131489648349,0.7949860598621701,-0.19747232444281432,-0.1340872999980292,0.7866075628896684,-0.15920801119064554,-0.09274470106954909,0.6927808233324856,-0.11657859515621882,-0.05150123199850766,0.5987942333499172,-0.08456181643307363,-0.022598756486236438,0.0,0.0,0.0,0.0,0.0,0.0,0.0,0.0,0.0,0.0,0.0,0.0,0.0,0.0,0.0,0.0,0.0,0.0,0.0,0.0,0.0,0.0,0.0,0.0,0.0,0.0,0.0,0.0,0.0,0.0,0.0,0.0,0.0,0.0,0.0,0.0,0.0,0.0,0.0,0.0,0.0,0.0,0.0,0.0,0.0,0.0,0.0,0.0,0.0,0.0,0.0,0.0,0.0,0.0,0.0,0.0,0.0,0.0,0.0,0.0,0.0,0.0,0.0
seis,0.0,0.0,0.0,-0.8474726188250842,-0.7982230952928592,-0.7140131429090368,-0.9366717728454546,-2.2108461398036443,-1.0922363009216323,-0.47073016378198135,-3.3731917723206357,-1.2535622015564178,-0.25518127439298427,-4.265678000397942,-1.3083013863526494,-1.0969631903242705,0.001654934069902384,-1.8540344168257645,0.20465500208553136,-1.819752359383962,-2.2761564187087484,-0.0917275587076725,-1.9126294102037253,-2.2393169589911426,-0.5393412210338189,-1.5267597249130058,-2.119733185574908,-0.389940703612855,0.9208399685428036,-1.5930590808407536,0.7665284193331764,-1.1917126466946024,-1.9488522811206463,0.37653872489225926,-1.367926680742721,-1.7111604336212678,-0.019541365905547718,-0.8528084369399933,-1.561309738286343,0.26195395764800716,1.270341730836015,-1.31684266837317,1.1852470522886516,-0.6745702452641384,-1.575257038693691,0.8234641258290455,-0.7312574129249608,-1.2514579857462387,0.5031131011310244,-0.16090499772783756,-1.0372352840473738,0.817598370342294,1.2233858144858676,-1.0807051594476575,1.3932776419174857,-0.22492525592078336,-1.2378687814068143,1.1160588591842777,-0.26513597167555236,-1.0753902520520433,0.8514092110946101,0.2401578187533578,-0.9934029063918866,0.0,0.0,0.0,0.0,0.0,0.0,0.0,0.0,0.0,0.0,0.0,0.0,0.0,0.0,0.0,0.0,0.0,0.0,0.0,0.0,0.0,0.0,0.0,0.0,0.0,0.0,0.0,0.0,0.0,0.0,0.0,0.0,0.0,0.0,0.0,0.0,0.0,0.0,0.0,0.0,0.0,0.0,0.0,0.0,0.0,0.0,0.0,0.0,0.0,0.0,0.0,0.0,0.0,0.0,0.0,0.0,0.0,0.0,0.0,0.0,0.0,0.0,0.0
seis,0.0,0.0,0.0,-1.7993817337837243,-2.3921003541245796,-1.7193243853252094,-2.312766762427773,-5.053470390709516,-3.223930549637027,-0.7530064618980249,-8.092860428063204,-4.423939614658371,1.0152859429386467,-10.70990576069871,-5.602522450826908,-1.64890540424054,-0.24942700879117194,-3.912643112754858,1.1099193194414092,-5.548216366353468,-5.843296302637662,0.3318817031601024,-6.183021638894081,-7.035117482046972,-0.9175937967700508,-5.684307128516292,-7.76448044101128,0.5454939474797126,0.8381147613918994,-3.6462251653322975,2.618529451832902,-5.021725081077214,-4.861793364989342,1.4597084048372926,-4.756682170091041,-4.8870092922127,0.3914661206971595,-3.031194731145667,-5.062096028346704,2.423180778356448,1.1399489872815212,-3.4486347298081763,3.8269141435447507,-4.438555283652406,-4.28070541576868,2.7087846767033463,-4.048163665254161,-3.5408189386054363,1.7080609113295497,-2.4090222812132893,-3.033594303234879,3.761221091391211,0.889325778417248,-3.4955429142504744,4.489552587513329,-3.408849638591859,-4.229811629221775,3.4369974432896724,-3.2642044133752437,-3.993286810673166,2.4520409602690116,-2.067220725337792,-3.746543089390886,0.0,0.0,0.0,0.0,0.0,0.0,0.0,0.0,0.0,0.0,0.0,0.0,0.0,0.0,0.0,0.0,0.0,0.0,0.0,0.0,0.0,0.0,0.0,0.0,0.0,0.0,0.0,0.0,0.0,0.0,0.0,0.0,0.0,0.0,0.0,0.0,0.0,0.0,0.0,0.0,0.0,0.0,0.0,0.0,0.0,0.0,0.0,0.0,0.0,0.0,0.0,0.0,0.0,0.0,0.0,0.0,0.0,0.0,0.0,0.0,0.0,0.0,0.0
seis,0.0,0.0,0.0,-0.3601588082311194,-1.010893060550712,-1.1922686103347966,-0.24703411500672395,-2.1524626752992653,-2.1007192242338864,0.36221442057497094,-3.5748119436448955,-2.7676558643921823,0.7360449151857895,-4.6791287038265805,-3.336293067255569,-0.0019193050132899003,0.09368286693213053,-2.283798764919981,1.129080684802203,-1.9301985973494076,-3.045512856549436,0.6778691909995221,-2.0441967577279403,-3.363906304079734,0.32904711846314405,-1.5352985346468364,-3.548883297819174,0.7457759138518962,0.6661968825492725,-1.9432575155261331,1.7183770056565704,-1.6580924909302233,-2.5865202312756783,1.2172929212028225,-1.543019764241702,-2.6356513833977258,0.8766309511911007,-0.9493860585547536,-2.7078578995991407,1.334303290213678,0.9276966894173081,-1.6239059435982772,2.1092061857513356,-1.2314260965268,-1.9801066436722123,1.6862170330549031,-1.1126357860513905,-1.794852298133479,1.3932895234596976,-0.5588747251500875,-1.743386500948291,1.8162542264107375,0.9217664036724232,-1.4249061040109419,2.310009499683165,-0.7053409249222296,-1.6886696516804804,1.9530713341638368,-0.7474971759275091,-1.6581123598892737,1.651165878060605,-0.33848838764635286,-1.6419000393415049,0.0,0.0,0.0,0.0,0.0,0.0,0.0,0.0,0.0,0.0,0.0,0.0,0.0,0.0,0.0,0.0,0.0,0.0,0.0,0.0,0.0,0.0,0.0,0.0,0.0,0.0,0.0,0.0,0.0,0.0,0.0,0.0,0.0,0.0,0.0,0.0,0.0,0.0,0.0,0.0,0.0,0.0,0.0,0.0,0.0,0.0,0.0,0.0,0.0,0.0,0.0,0.0,0.0,0.0,0.0,0.0,0.0,0.0,0.0,0.0,0.0,0.0,0.0
seis,0.0,0.0,0.0,-0.3227154170873944,-0.8590699472301827,-1.2039329515939152,-0.2768898718746343,-1.8612712361739745,-2.114431276881881,0.13283843528813088,-2.8343501600633947,-2.7602091115290928,0.4743193864175773,-3.5963972556853046,-3.3149055443331044,-0.023296844099450445,0.2656621993596097,-2.493807587644623,0.8771595573621928,-1.6143242695421811,-3.25281092978325,0.5176057632054816,-1.6195577021107859,-3.4696347447961915,0.2895102620275596,-1.1081599594372258,-3.567164539336996,0.6657452295176813,0.7461791268686426,-2.1088080091279497,1.3692300679847356,-1.3888308134319094,-2.814575924693478,0.9601221436975439,-1.2901165801324612,-2.8064501665563206,0.6988487340049981,-0.7384191012037409,-2.8111402401367753,1.1973536210735232,0.8918192466297565,-1.7331355256048282,1.7556028461814421,-1.0003128937718602,-2.1911317425739067,1.3770068607543826,-0.9467388502787107,-2.005449942779102,1.1359430520000717,-0.4554563935791936,-1.919929718005074,1.6421461360347505,0.8242100885208031,-1.4552461770957712,1.9341368816205575,-0.5312887686216358,-1.8183445109970229,1.5954633725918905,-0.5723870382402876,-1.8250396945175966,1.315069175825503,-0.18884790074552496,-1.81289153415066,0.0,0.0,0.0,0.0,0.0,0.0,0.0,0.0,0.0,0.0,0.0,0.0,0.0,0.0,0.0,0.0,0.0,0.0,0.0,0.0,0.0,0.0,0.0,0.0,0.0,0.0,0.0,0.0,0.0,0.0,0.0,0.0,0.0,0.0,0.0,0.0,0.0,0.0,0.0,0.0,0.0,0.0,0.0,0.0,0.0,0.0,0.0,0.0,0.0,0.0,0.0,0.0,0.0,0.0,0.0,0.0,0.0,0.0,0.0,0.0,0.0,0.0,0.0
seis,0.0,0.0,0.0,-0.5526744960199078,-1.2834559421863558,-1.6430079785370837,-0.572361914531343,-2.734915134660474,-2.85268101838129,-0.03923039779894779,-4.138791114703439,-3.7201114822298127,0.4490925487647683,-5.197371390618709,-4.444828242445463,-0.30754704139171885,0.1736145379917586,-3.200070034383492,0.925653210430127,-2.439237474567289,-4.2399024513244035,0.39241177897123475,-2.491864081948869,-4.582832522796879,0.054378901771313985,-1.7988122748157345,-4.751523796997619,0.6586548389737419,0.752445216010092,-2.7015910727786747,1.6142365611822038,-2.1828191001178365,-3.639335079268885,1.0424939738597776,-2.0463980145769276,-3.6465704275150355,0.6990625925930536,-1.327113226053135,-3.6680689729781433,1.4345344383382943,0.9179359283831816,-2.237921259557614,2.17727192933763,-1.7048154553764123,-2.815814844074401,1.6800487082539637,-1.65064017768175,-2.546940524160973,1.3673568121642812,-1.013475781482945,-2.4279507869119867,2.0765463558082566,0.7851321646745577,-1.9309470429905249,2.4131207491373496,-1.1572865186360481,-2.392798683444111,1.9713072326766983,-1.2752264293306705,-2.4136384451298163,1.627444647482947,-0.812617892114651,-2.412881372221988,0.0,0.0,0.0,0.0,0.0,0.0,0.0,0.0,0.0,0.0,0.0,0.0,0.0,0.0,0.0,0.0,0.0,0.0,0.0,0.0,0.0,0.0,0.0,0.0,0.0,0.0,0.0,0.0,0.0,0.0,0.0,0.0,0.0,0.0,0.0,0.0,0.0,0.0,0.0,0.0,0.0,0.0,0.0,0.0,0.0,0.0,0.0,0.0,0.0,0.0,0.0,0.0,0.0,0.0,0.0,0.0,0.0,0.0,0.0,0.0,0.0,0.0,0.0
seis,0.0,0.0,0.0,-0.583669104008382,-1.3948935404307088,-1.7696630953090702,-0.6358417585240175,-2.968764446387845,-3.0921825421897586,-0.09997540073298247,-4.435554773512699,-4.0484460630966765,0.41431979715756195,-5.574945593690175,-4.852751920524264,-0.3857268977817623,0.12532026203669902,-3.5030468425146783,0.9083978164551049,-2.6873441724571396,-4.64768557287471,0.4041736604802653,-2.689316358115107,-5.014216656674415,0.08162724731737779,-1.9141760924370745,-5.183993396839952,0.6836399535436922,0.729819439257943,-2.9792792748355637,1.6894546391070397,-2.4251724305481956,-4.00114887908742,1.1461766559067743,-2.222961200905022,-3.9891314416338903,0.8052009263031273,-1.449661136152462,-3.993412980844043,1.5362294670759935,0.8862213472642074,-2.4931144608573788,2.3231740224499062,-1.9169629424783714,-3.1422527330140593,1.8223314063455351,-1.8328750142862067,-2.8419650898666418,1.4934117993756315,-1.1434641420941238,-2.6959097608684885,2.2315477938466337,0.7263817679495169,-2.1739799288827744,2.5945983492264983,-1.3410285989139483,-2.6914973747252593,2.1454861629306112,-1.4848858890696497,-2.708013291811318,1.774801731988522,-0.9993626043300127,-2.6967932621166106,0.0,0.0,0.0,0.0,0.0,0.0,0.0,0.0,0.0,0.0,0.0,0.0,0.0,0.0,0.0,0.0,0.0,0.0,0.0,0.0,0.0,0.0,0.0,0.0,0.0,0.0,0.0,0.0,0.0,0.0,0.0,0.0,0.0,0.0,0.0,0.0,0.0,0.0,0.0,0.0,0.0,0.0,0.0,0.0,0.0,0.0,0.0,0.0,0.0,0.0,0.0,0.0,0.0,0.0,0.0,0.0,0.0,0.0,0.0,0.0,0.0,0.0,0.0
seis,0.0,0.0,0.0,-1.2488371314257225,-2.6121637095468464,-2.8247663156324503,-1.7520042491254304,-5.86655237742533,-5.120768510339699,-1.2459133266775833,-8.984005774465004,-6.8688414369029385,-0.7661984966788143,-11.352737436572793,-8.464832589207953,-2.1191427565933254,-0.2042868000226246,-6.009871177835813,0.4415760461398695,-5.380230873236054,-8.009483033056236,0.06314012580620829,-5.2660113162097115,-8.837952948168976,-0.49914407482029727,-3.904786222751312,-9.286248825365806,-0.19214457626568912,0.9813666296607394,-5.226604619520897,1.8477433921980302,-4.769833216398343,-6.896921910725632,1.3315540979662257,-4.2280606306203214,-7.0116109633221075,0.7233380492867422,-2.739807466258155,-7.210385407421739,1.5202941285107643,1.491154478304551,-4.471979399497187,3.1213161929280817,-3.7490767518085875,-5.517228702972886,2.4947870056626575,-3.270761974468062,-5.1948374106485975,1.843346439672944,-1.8553087369838401,-5.14386199940508,3.0516902810122994,1.4046632734233007,-3.9824652551472326,3.8536083942559998,-2.51158763756158,-4.790887428280183,3.150576731215228,-2.467913304136252,-4.8329902166533865,2.4290604371946336,-1.374511536958116,-4.895340704326293,0.0,0.0,0.0,0.0,0.0,0.0,0.0,0.0,0.0,0.0,0.0,0.0,0.0,0.0,0.0,0.0,0.0,0.0,0.0,0.0,0.0,0.0,0.0,0.0,0.0,0.0,0.0,0.0,0.0,0.0,0.0,0.0,0.0,0.0,0.0,0.0,0.0,0.0,0.0,0.0,0.0,0.0,0.0,0.0,0.0,0.0,0.0,0.0,0.0,0.0,0.0,0.0,0.0,0.0,0.0,0.0,0.0,0.0,0.0,0.0,0.0,0.0,0.0
seis,0.0,0.0,0.0,-0.7363487374173764,-0.7688942355371267,-0.6146834949563075,-1.1867977440403008,-1.5874933162986602,-1.1808549579351553,-0.8545365929062373,-2.820930484366565,-1.6442665784446913,-0.2685896958500649,-3.81128541001013,-2.0922895108479547,-1.1529268079833292,0.43112836535984744,-1.356561361309305,-0.2598165883157152,-1.7837577694973472,-2.0669130635849333,-0.37433750135366517,-1.7852252845406,-2.529906679102319,-0.6866930963855346,-1.3479267134330943,-2.8377167293197876,-0.24901011752361443,0.9685008835157951,-1.312763633165435,0.4451946139093832,-1.5889460700841433,-1.7812545870971517,0.17606859236035916,-1.3523071166761986,-1.8660586280354352,-0.09740584970660184,-0.5960891112486448,-1.9979795274323056,0.5822688836619344,1.0949261358924538,-1.299122232066078,1.0277242797919124,-1.292419463800453,-1.5867058225879676,0.7011671246809533,-1.0791057578779737,-1.3865396306819733,0.426590508700535,-0.281938793292965,-1.2909003652515587,1.2134639562009335,0.9681908971026353,-1.3789890935697635,1.4156993381673904,-0.8627721446368138,-1.5931100557765134,1.1019488042763015,-0.8066953564752319,-1.516520039734559,0.8078036809127599,-0.18367925084535944,-1.4713393662534073,0.0,0.0,0.0,0.0,0.0,0.0,0.0,0.0,0.0,0.0,0.0,0.0,0.0,0.0,0.0,0.0,0.0,0.0,0.0,0.0,0.0,0.0,0.0,0.0,0.0,0.0,0.0,0.0,0.0,0.0,0.0,0.0,0.0,0.0,0.0,0.0,0.0,0.0,0.0,0.0,0.0,0.0,0.0,0.0,0.0,0.0,0.0,0.0,0.0,0.0,0.0,0.0,0.0,0.0,0.0,0.0,0.0,0.0,0.0,0.0,0.0,0.0,0.0
seis,0.0,0.0,0.0,-0.6811648703179926,-0.7180597228078218,-0.6793951327623127,-1.0345740102214562,-1.4969192812169867,-1.2696617495451832,-0.6992859672952113,-2.6814530496681437,-1.7219457926296342,-0.2531632990924279,-3.6781390313676527,-2.1465159952343433,-1.0550072428294899,0.45124789308940483,-1.5398097230396182,-0.12834726550880593,-1.538118624114149,-2.2608873094472313,-0.24909564296967704,-1.6793875463617016,-2.700617771196047,-0.5889190078755546,-1.344538792834278,-2.986960243875727,-0.24651065678058784,0.969140080738385,-1.4430876107634139,0.467672405295275,-1.27471087796076,-1.9415857171555473,0.21067773866356154,-1.0905345683212493,-2.0062764017178796,-0.05770680167274757,-0.4376370158404576,-2.1107804847666207,0.5121121214225007,1.1009618252562539,-1.3730313199726205,0.9512629121602633,-1.0449641594805354,-1.6892018156828295,0.6493690490611904,-0.8666988843354755,-1.510021536190597,0.39132008787230577,-0.18128300231957187,-1.4194609352213394,1.0893700421385353,0.964348824935091,-1.3925524131643439,1.2664445974472867,-0.6914851698341536,-1.6529941373240136,0.9368673167057197,-0.6552582555109795,-1.6339723606539318,0.6239306458121758,-0.12072764081844228,-1.6226512452900212,0.0,0.0,0.0,0.0,0.0,0.0,0.0,0.0,0.0,0.0,0.0,0.0,0.0,0.0,0.0,0.0,0.0,0.0,0.0,0.0,0.0,0.0,0.0,0.0,0.0,0.0,0.0,0.0,0.0,0.0,0.0,0.0,0.0,0.0,0.0,0.0,0.0,0.0,0.0,0.0,0.0,0.0,0.0,0.0,0.0,0.0,0.0,0.0,0.0,0.0,0.0,0.0,0.0,0.0,0.0,0.0,0.0,0.0,0.0,0.0,0.0,0.0,0.0
seis,0.0,0.0,0.0,-0.609411168229044,-0.6395754000314494,-0.5732803725366411,-0.933717647651351,-1.3646672169736471,-1.1285166741343855,-0.6531431887403633,-2.448200982974262,-1.580720303137901,-0.24975130350471997,-3.380491483294025,-2.0213667452348094,-0.9754041944160833,0.5053600526949592,-1.3394968815592352,-0.1388174030279209,-1.315251069544649,-1.9723741357857822,-0.27394150282281843,-1.363805307425467,-2.3737878188986925,-0.5758175149212283,-1.0306429155863204,-2.6399656298281355,-0.2287854578405927,0.9734768688986248,-1.2831460316286876,0.41849976473747097,-1.139978431870812,-1.704617328424098,0.15542685804092,-0.9892889534842012,-1.77231405168845,-0.09997578234431967,-0.45314061732725436,-1.8834871112457978,0.4772334874874363,1.0790649523649416,-1.2458834073773277,0.8870048566192419,-0.9372277430577081,-1.5035639143915593,0.5851366516725366,-0.7931316645239638,-1.3474734484557542,0.3451552178108664,-0.19604278406857092,-1.2775993105810086,1.0269756361923121,0.9367686825374817,-1.2879674682830156,1.192656927758743,-0.5898448846271489,-1.4753289598945385,0.8952075706768022,-0.5644039796059847,-1.4326436181884066,0.6239923252292059,-0.07506003839448012,-1.4138210959055633,0.0,0.0,0.0,0.0,0.0,0.0,0.0,0.0,0.0,0.0,0.0,0.0,0.0,0.0,0.0,0.0,0.0,0.0,0.0,0.0,0.0,0.0,0.0,0.0,0.0,0.0,0.0,0.0,0.0,0.0,0.0,0.0,0.0,0.0,0.0,0.0,0.0,0.0,0.0,0.0,0.0,0.0,0.0,0.0,0.0,0.0,0.0,0.0,0.0,0.0,0.0,0.0,0.0,0.0,0.0,0.0,0.0,0.0,0.0,0.0,0.0,0.0,0.0
seis,0.0,0.0,0.0,-0.4765027793722293,-0.4668513055699419,-0.48450851382034615,-0.7695909800110387,-0.9143501082908475,-0.8857261595505175,-0.5691002933090892,-1.6582529867779905,-1.1915030591928433,-0.281251183237528,-2.303617228131152,-1.4740185894314268,-0.8204602250420758,0.5635571852500249,-1.000593643030194,-0.21004816285799616,-0.7778993493701797,-1.4955743341810506,-0.2602043629826133,-0.8700170426860618,-1.8026738868957928,-0.4580969390106463,-0.602087567705709,-2.0036296456340588,-0.27062040341373717,0.9626861364204774,-0.9321290415266554,0.19086320393071096,-0.5834414237380462,-1.269315903598035,0.06894707686975515,-0.5273409540515802,-1.3254458704538234,-0.06921215809806573,-0.08216652827327933,-1.4017838563928955,0.24798702874486858,1.0609054175345947,-0.8896249970676537,0.5522286990478616,-0.4455637884133565,-1.1109095166356295,0.3985618189282807,-0.41774599126438394,-1.003719163091595,0.2687388773065594,0.041071071973319745,-0.9520141649297565,0.6642856922345004,0.9634648616905886,-0.911011034769776,0.8059924534328279,-0.19096152782845227,-1.08824310513712,0.6290503402399231,-0.25248947667023885,-1.0801275489414497,0.46372775198649585,0.09195486894122262,-1.0739191813902675,0.0,0.0,0.0,0.0,0.0,0.0,0.0,0.0,0.0,0.0,0.0,0.0,0.0,0.0,0.0,0.0,0.0,0.0,0.0,0.0,0.0,0.0,0.0,0.0,0.0,0.0,0.0,0.0,0.0,0.0,0.0,0.0,0.0,0.0,0.0,0.0,0.0,0.0,0.0,0.0,0.0,0.0,0.0,0.0,0.0,0.0,0.0,0.0,0.0,0.0,0.0,0.0,0.0,0.0,0.0,0.0,0.0,0.0,0.0,0.0,0.0,0.0,0.0
seis,0.0,0.0,0.0,-0.46455018542546117,-0.45142615517501417,-0.4832760076411778,-0.7147213422386298,-0.8974729948946181,-0.9022795103624207,-0.5384915941326923,-1.649387336543662,-1.2327939298562445,-0.2766853715979191,-2.3000828291768767,-1.543788744118105,-0.7956967213434442,0.6081175547895622,-0.9871266845669705,-0.15471548520580466,-0.6901403072311303,-1.4655474442658367,-0.2362239226087091,-0.7939247335972612,-1.7645357951205567,-0.46728145318909314,-0.562993532585412,-1.9609306663131063,-0.2716029493718249,0.9624093920429736,-0.9200925418235993,0.21278172804396472,-0.5407992642332851,-1.257380025543789,0.047938510039636055,-0.5134356049313248,-1.3211233205133497,-0.13440079090896884,-0.1303503725468986,-1.4035573000667354,0.2340005971755357,1.0346841501219988,-0.8781503753396944,0.5610104957380865,-0.41368322853302614,-1.102686844816702,0.3719157492269764,-0.40838038557607603,-1.0114078274236458,0.20956313553524328,0.00607806416683082,-0.9679819445235379,0.6365713220597686,0.9243118429326358,-0.8986855840836833,0.7897734764994764,-0.1838593792880954,-1.0605454374850933,0.5983050836145922,-0.23818784133141951,-1.0552824239544245,0.41096845483768946,0.10076976051997001,-1.0562402982274166,0.0,0.0,0.0,0.0,0.0,0.0,0.0,0.0,0.0,0.0,0.0,0.0,0.0,0.0,0.0,0.0,0.0,0.0,0.0,0.0,0.0,0.0,0.0,0.0,0.0,0.0,0.0,0.0,0.0,0.0,0.0,0.0,0.0,0.0,0.0,0.0,0.0,0.0,0.0,0.0,0.0,0.0,0.0,0.0,0.0,0.0,0.0,0.0,0.0,0.0,0.0,0.0,0.0,0.0,0.0,0.0,0.0,0.0,0.0,0.0,0.0,0.0,0.0
seis,0.0,0.0,0.0,-0.4569793082649759,-0.47823829054581735,-0.506512011831206,-0.6951462475965784,-0.9760288519934925,-0.9663736640842691,-0.49497950741170227,-1.7645642611255523,-1.3319977705849844,-0.2528156971561498,-2.492191697520483,-1.6772680889564833,-0.7854780017341431,0.627063522793184,-1.0622319581792323,-0.11602664146857875,-0.7379634658502776,-1.5414680184543017,-0.22201380423725417,-0.8884598851673821,-1.8346409719823273,-0.47271850792985126,-0.6684076406145705,-2.0311367381672043,-0.23951879375192406,0.9708917279695113,-0.9849988277415704,0.2614751336686126,-0.5947626584776335,-1.323673787807927,0.06675481067843403,-0.592317659280411,-1.379869866364085,-0.12716544308612146,-0.2112414435922579,-1.4652713676589557,0.28415663285447107,1.0183228589534083,-0.9272216278236268,0.6035109057632109,-0.5127076822605469,-1.1383792803821202,0.3957361713927888,-0.49213987947481425,-1.0348144314501435,0.23502728543510576,-0.06608371014072512,-0.9930144826824019,0.7014830893251981,0.8811163926321989,-0.9333294922111296,0.834055950092606,-0.2918561407497046,-1.0778532905028329,0.6237396830759238,-0.3313491331523474,-1.0632671828867108,0.4344599852735005,0.030018813580303207,-1.064666917897755,0.0,0.0,0.0,0.0,0.0,0.0,0.0,0.0,0.0,0.0,0.0,0.0,0.0,0.0,0.0,0.0,0.0,0.0,0.0,0.0,0.0,0.0,0.0,0.0,0.0,0.0,0.0,0.0,0.0,0.0,0.0,0.0,0.0,0.0,0.0,0.0,0.0,0.0,0.0,0.0,0.0,0.0,0.0,0.0,0.0,0.0,0.0,0.0,0.0,0.0,0.0,0.0,0.0,0.0,0.0,0.0,0.0,0.0,0.0,0.0,0.0,0.0,0.0
seis,0.0,0.0,0.0,-0.4785781901237915,-0.5370175558738097,-0.5493792945194361,-0.749130038004698,-1.1414066925887838,-1.051956065512132,-0.5506275383466245,-2.0371009666158386,-1.452478740799057,-0.27137766125748136,-2.8175409346319302,-1.8277575804735404,-0.8462538514691206,0.5801655610152798,-1.1626206894848623,-0.15090496274132706,-0.9018817115649739,-1.7024180870413728,-0.2564896443928187,-1.0152302290115722,-2.025976591957566,-0.5102302610348982,-0.7346245389161121,-2.2382263554680906,-0.24032529321531285,0.9706924092836895,-1.0849100781760916,0.27257281679784595,-0.7199358563147606,-1.4628543229652662,0.07813988125747909,-0.6726617594286748,-1.5167186698584674,-0.11212191044464517,-0.21362512742539663,-1.599992470945587,0.3377325948537835,1.0383538535951697,-1.030837046585053,0.6549511863963161,-0.6274847099949925,-1.2693479304825077,0.44246001166711174,-0.5673308145686475,-1.1402563626867772,0.2849077400170712,-0.05917124976157868,-1.080076116035858,0.7996007084395328,0.9015059941049162,-1.0470368869117836,0.9275503544187362,-0.36889164285350234,-1.217181324985461,0.7082146616162632,-0.3874352545982062,-1.1945734618699406,0.5173629424994781,0.03470881296171212,-1.1859825376390054,0.0,0.0,0.0,0.0,0.0,0.0,0.0,0.0,0.0,0.0,0.0,0.0,0.0,0.0,0.0,0.0,0.0,0.0,0.0,0.0,0.0,0.0,0.0,0.0,0.0,0.0,0.0,0.0,0.0,0.0,0.0,0.0,0.0,0.0,0.0,0.0,0.0,0.0,0.0,0.0,0.0,0.0,0.0,0.0,0.0,0.0,0.0,0.0,0.0,0.0,0.0,0.0,0.0,0.0,0.0,0.0,0.0,0.0,0.0,0.0,0.0,0.0,0.0
seis,0.0,0.0,0.0,-0.4675597152852788,-0.5129991072450589,-0.5550486367609885,-0.7171834148773061,-1.0942266436000443,-1.0608539566068924,-0.5139514200034307,-1.9571352462529386,-1.4619837024539954,-0.2505271863192719,-2.7118552111947207,-1.8372078537901582,-0.8197205420611394,0.5958556511595839,-1.1720845791480643,-0.13207687601579446,-0.8559671001771791,-1.6979826826962274,-0.23202909566936378,-1.0022375803508183,-2.0091811363244467,-0.4793682293679768,-0.7452017609914547,-2.2157962827920987,-0.23406624898488135,0.9722206493827148,-1.0878842936205846,0.2724956179042551,-0.65854991633805,-1.4675850534661037,0.07884419300365975,-0.6379773348194093,-1.5255628881587944,-0.11010270019185514,-0.20281102421894662,-1.6120097865722995,0.3263166751066118,1.0325884977839432,-1.0254373384443196,0.640613530197496,-0.5722049781660163,-1.2680987126944154,0.4311326239449032,-0.5371733265892007,-1.151838496068663,0.2753029095426783,-0.05411073096685929,-1.1021315448672517,0.7735097808701059,0.8923158236860816,-1.0310324323389932,0.9017187325545037,-0.33765457189768866,-1.2022297297357245,0.6893238559400165,-0.36924542433977514,-1.1874973980243502,0.5024284766574095,0.03596221828771067,-1.187879902793412,0.0,0.0,0.0,0.0,0.0,0.0,0.0,0.0,0.0,0.0,0.0,0.0,0.0,0.0,0.0,0.0,0.0,0.0,0.0,0.0,0.0,0.0,0.0,0.0,0.0,0.0,0.0,0.0,0.0,0.0,0.0,0.0,0.0,0.0,0.0,0.0,0.0,0.0,0.0,0.0,0.0,0.0,0.0,0.0,0.0,0.0,0.0,0.0,0.0,0.0,0.0,0.0,0.0,0.0,0.0,0.0,0.0,0.0,0.0,0.0,0.0,0.0,0.0
seis,0.0,0.0,0.0,-0.43958375133754035,-0.45978620256756386,-0.48693508274017294,-0.6893529728178386,-1.0089700399432338,-0.9435981286652937,-0.5028781545837123,-1.843772777654539,-1.3115100552031436,-0.24044785794909754,-2.5479065549800857,-1.6571410497253256,-0.798056969280771,0.626785600977575,-1.0578994338545682,-0.12049255265219291,-0.8292766488026744,-1.5600875385069042,-0.19722382923819215,-0.9716992158523117,-1.8540013632605636,-0.4331388150232311,-0.7242996534708682,-2.0449676018960865,-0.21233909257600786,0.9771960446931811,-1.0032081001150341,0.27663402758369243,-0.7004144976011909,-1.3680771828005989,0.09937897542326146,-0.6648350679828179,-1.4206079450088243,-0.08454940413595081,-0.23249399619591885,-1.4946000525430216,0.3410443773031031,1.0274867861583286,-0.9693958566725092,0.6567158055688205,-0.6125684591641065,-1.2079104166027375,0.44718771144707065,-0.5693440240633711,-1.0882445624622656,0.28042808303677214,-0.09018603107834754,-1.0283510325086276,0.7801038857599158,0.8879430846645626,-0.9992715034290743,0.9157625004786771,-0.3820779648301932,-1.175112928565776,0.7080875439818248,-0.4253926184731933,-1.1543384836499972,0.5162918637032284,-0.03434969399272822,-1.1420575861816658,0.0,0.0,0.0,0.0,0.0,0.0,0.0,0.0,0.0,0.0,0.0,0.0,0.0,0.0,0.0,0.0,0.0,0.0,0.0,0.0,0.0,0.0,0.0,0.0,0.0,0.0,0.0,0.0,0.0,0.0,0.0,0.0,0.0,0.0,0.0,0.0,0.0,0.0,0.0,0.0,0.0,0.0,0.0,0.0,0.0,0.0,0.0,0.0,0.0,0.0,0.0,0.0,0.0,0.0,0.0,0.0,0.0,0.0,0.0,0.0,0.0,0.0,0.0
seis,0.0,0.0,0.0,-0.444003749270665,-0.48591572254612175,-0.5275665093720148,-0.7103633822658777,-1.0456847384098438,-1.0044401632434068,-0.5583318228693736,-1.8907428546687826,-1.3837974211969797,-0.29663119534779125,-2.601958162406317,-1.736854676455683,-0.7803065040761206,0.6136314863223457,-1.104524765408293,-0.12272800192715658,-0.804035002813367,-1.6321458723470352,-0.21012362268034798,-0.911202275508577,-1.945652923896538,-0.44704819565603837,-0.6418761235651315,-2.1466706037853855,-0.20471618911251302,0.9788213738549286,-1.0306619340970844,0.28234733964315895,-0.6527575537200258,-1.4099947382585336,0.10780530358679867,-0.5915617867288161,-1.4671874905067301,-0.07128534074057612,-0.14940394362541926,-1.541555226671079,0.34015813358357344,1.0358261058674199,-0.9814994621910037,0.6472888334698562,-0.5774682850242825,-1.2234303656628924,0.45130457603777563,-0.5081355948049744,-1.100855276037521,0.2997730510295904,-0.017594554166902806,-1.037341675131464,0.7702916107873471,0.8985293260435857,-1.0005943224588973,0.9042155937224394,-0.33214865418496536,-1.175876263296025,0.7043844808256783,-0.3523951764470595,-1.1568872341699772,0.5232080599385869,0.05277473331520273,-1.144390331714672,0.0,0.0,0.0,0.0,0.0,0.0,0.0,0.0,0.0,0.0,0.0,0.0,0.0,0.0,0.0,0.0,0.0,0.0,0.0,0.0,0.0,0.0,0.0,0.0,0.0,0.0,0.0,0.0,0.0,0.0,0.0,0.0,0.0,0.0,0.0,0.0,0.0,0.0,0.0,0.0,0.0,0.0,0.0,0.0,0.0,0.0,0.0,0.0,0.0,0.0,0.0,0.0,0.0,0.0,0.0,0.0,0.0,0.0,0.0,0.0,0.0,0.0,0.0
seis,0.0,0.0,0.0,-0.4322689348386758,-0.47306277072552905,-0.508265094127048,-0.6956383701270017,-0.9722279724683849,-0.9689283750714838,-0.5563477258302734,-1.7278756007979739,-1.3392496725807126,-0.32404440141526075,-2.3501361790257485,-1.6848489897086194,-0.7835110393521617,0.610703515802521,-1.0565943214012332,-0.21335822457030876,-0.7626426106618519,-1.5733602930277963,-0.2953346790932988,-0.9083471993358699,-1.880775298841026,-0.5159877264378752,-0.6615987120723555,-2.081681988786681,-0.22292476592655336,0.974835652167375,-0.9971393990417174,0.18103759993057625,-0.5808515256827143,-1.37731144547641,0.026129230227816814,-0.5718508749016005,-1.4419119133486074,-0.12515192459426508,-0.1669124740305355,-1.5196592388393695,0.30305867762976246,1.0274483282747036,-0.9640508216637026,0.5446081180582036,-0.5032790747502588,-1.223965197869173,0.3635006071437402,-0.46837640443896145,-1.1200508707995773,0.23007627118385238,0.0016164973052125392,-1.0684593805499447,0.7250429299499308,0.882185732376594,-0.9940629273563286,0.8167824533727592,-0.2906673441301227,-1.1885067352359728,0.6260062533867051,-0.32576887235114343,-1.1822938820359474,0.45889725181257573,0.062470124835414524,-1.1789211625563367,0.0,0.0,0.0,0.0,0.0,0.0,0.0,0.0,0.0,0.0,0.0,0.0,0.0,0.0,0.0,0.0,0.0,0.0,0.0,0.0,0.0,0.0,0.0,0.0,0.0,0.0,0.0,0.0,0.0,0.0,0.0,0.0,0.0,0.0,0.0,0.0,0.0,0.0,0.0,0.0,0.0,0.0,0.0,0.0,0.0,0.0,0.0,0.0,0.0,0.0,0.0,0.0,0.0,0.0,0.0,0.0,0.0,0.0,0.0,0.0,0.0,0.0,0.0
seis,0.0,0.0,0.0,-0.44573158881355285,-0.4996808758463914,-0.501404066778466,-0.7176623768041627,-1.0487277229241272,-0.9760331335642086,-0.5985819294956415,-1.8439094597109542,-1.3656927879693166,-0.39557844527333375,-2.4948804242205647,-1.734722488196672,-0.8430643613246193,0.5834078243129032,-1.0680451209123374,-0.22835687489899087,-0.8233621027988604,-1.591630768931957,-0.3123568171380945,-0.9463824381085781,-1.9128593803721838,-0.5444595048194187,-0.697016719444801,-2.1256642671156083,-0.26912837404187934,0.9631043132940348,-1.018300763401062,0.1695975825455295,-0.6287473387213589,-1.3967266032703105,0.007537527172447608,-0.5930334719937008,-1.4690565650382152,-0.15866253110592843,-0.189140393381102,-1.5594239460970352,0.2794965003608177,1.0324254045396155,-0.9926859550151528,0.5514603052973752,-0.5322009570221341,-1.2455263045942417,0.36264524962756267,-0.48621237777382875,-1.1394887588721037,0.2170413232896268,-0.01666792066402998,-1.0920083773709182,0.7238224530975002,0.8903752289935611,-1.0316360864142076,0.834847168240468,-0.30123373016486454,-1.2191076141036428,0.6340984998389779,-0.32454772046075453,-1.207975064956879,0.4481454496788746,0.07300690982125296,-1.2053552508250664,0.0,0.0,0.0,0.0,0.0,0.0,0.0,0.0,0.0,0.0,0.0,0.0,0.0,0.0,0.0,0.0,0.0,0.0,0.0,0.0,0.0,0.0,0.0,0.0,0.0,0.0,0.0,0.0,0.0,0.0,0.0,0.0,0.0,0.0,0.0,0.0,0.0,0.0,0.0,0.0,0.0,0.0,0.0,0.0,0.0,0.0,0.0,0.0,0.0,0.0,0.0,0.0,0.0,0.0,0.0,0.0,0.0,0.0,0.0,0.0,0.0,0.0,0.0
seis,0.0,0.0,0.0,-0.37983057622437005,-0.4057760600697566,-0.4107285143625039,-0.5999445502058846,-0.8394210166390463,-0.8087543528552573,-0.4965871565272777,-1.5247628050906452,-1.1419586072050685,-0.3289779538070446,-2.119453348972871,-1.465579792760359,-0.8033886018517026,0.6140049423675256,-0.8569128481577215,-0.27840455319434154,-0.659110162806432,-1.276249417238898,-0.2985524650964139,-0.7867460134968799,-1.566717424992181,-0.46347913169367533,-0.5879027206318119,-1.7724990510023477,-0.3067332833721193,0.9517955100081945,-0.8259580663174487,0.09625678664705449,-0.4969546082701638,-1.1105024717156036,0.0028558820016778915,-0.43831733729992445,-1.1871114891106251,-0.11179598177394517,-0.07870456492872183,-1.2893462865747367,0.1810018153491338,1.0304045790037368,-0.8144278838853656,0.4535825006185611,-0.35319309286319056,-0.9951175209529372,0.3149687696095723,-0.27761982574343225,-0.9275880562047573,0.18761802271963107,0.15392629629445725,-0.9149150365723419,0.5838188854893593,0.9353570615105308,-0.8586789174219649,0.7057118321982407,-0.1283652181800938,-0.9884000221533157,0.5355263152807102,-0.15525631936381148,-0.9753756397667563,0.3682174403503312,0.17965829828922159,-0.9794497869159879,0.0,0.0,0.0,0.0,0.0,0.0,0.0,0.0,0.0,0.0,0.0,0.0,0.0,0.0,0.0,0.0,0.0,0.0,0.0,0.0,0.0,0.0,0.0,0.0,0.0,0.0,0.0,0.0,0.0,0.0,0.0,0.0,0.0,0.0,0.0,0.0,0.0,0.0,0.0,0.0,0.0,0.0,0.0,0.0,0.0,0.0,0.0,0.0,0.0,0.0,0.0,0.0,0.0,0.0,0.0,0.0,0.0,0.0,0.0,0.0,0.0,0.0,0.0
seis,0.0,0.0,0.0,-0.4259547018017673,-0.4695197439022863,-0.4128812304660224,-0.6922143312749452,-0.9531357740135942,-0.826285842687304,-0.5464936774408131,-1.6766354518002624,-1.1766476197003544,-0.3296064675037561,-2.301844247751441,-1.523638135850115,-0.8909025022248483,0.5557769505977567,-0.9248311233769466,-0.2847553401779746,-0.8431250264030891,-1.3911816402364943,-0.34689606867097317,-0.9890098208152751,-1.712920309046142,-0.5632592474354032,-0.8020548449216682,-1.9367463619812098,-0.343130356290933,0.9392877932729976,-0.9041015203386932,0.13732777666672474,-0.6823464739247005,-1.2128832708613444,0.004444363215520675,-0.6755637739359753,-1.2908334790445146,-0.13613804310328972,-0.3586246936879732,-1.4003793203657868,0.19623329817464633,1.0448701728055185,-0.9015406797772566,0.524969934865699,-0.5036267088427834,-1.0970068778142112,0.3546796072655585,-0.4456938440317289,-1.0123704165132954,0.20479222010314774,-0.009804257636706448,-0.9920696354956655,0.6396672577744216,0.9532294598191656,-0.9570479962318713,0.789653662454916,-0.24287778508756463,-1.0986893187392641,0.6017915337610202,-0.272678249664642,-1.0771559600397975,0.4175534462289836,0.09387241550931372,-1.076532244885023,0.0,0.0,0.0,0.0,0.0,0.0,0.0,0.0,0.0,0.0,0.0,0.0,0.0,0.0,0.0,0.0,0.0,0.0,0.0,0.0,0.0,0.0,0.0,0.0,0.0,0.0,0.0,0.0,0.0,0.0,0.0,0.0,0.0,0.0,0.0,0.0,0.0,0.0,0.0,0.0,0.0,0.0,0.0,0.0,0.0,0.0,0.0,0.0,0.0,0.0,0.0,0.0,0.0,0.0,0.0,0.0,0.0,0.0,0.0,0.0,0.0,0.0,0.0
seis,0.0,0.0,0.0,-0.4017194211854903,-0.46297309604732206,-0.39691521667929563,-0.6384594838896603,-0.9564634427025144,-0.8074056955243113,-0.5387720654593685,-1.6341720109081515,-1.1671616795154192,-0.32581696337394034,-2.207289288952739,-1.5175022519595576,-0.9244300870419181,0.5516922225359517,-0.8553346845479294,-0.31283471325765505,-0.8230994206680817,-1.3128955221019327,-0.3082952685337201,-1.1561043925903927,-1.6242718805297989,-0.4872610842079362,-1.120096343186009,-1.8365890505525735,-0.40087044670813493,0.9161347526188602,-0.8486842612748368,0.07871438546663034,-0.629740216630065,-1.1472170625218236,-0.01942070697110917,-0.7111567581280167,-1.2115387064271503,-0.1500822033727937,-0.45592627524398843,-1.307538888623347,0.13047632608685866,1.0107490218649207,-0.8659444631055973,0.4677834586171001,-0.4700457889505316,-1.0613987528314193,0.3218877306056491,-0.4555004944003169,-0.972812405655367,0.16595658465377455,-0.05105378428648305,-0.945998930945441,0.5769215855306208,0.9172095535679893,-0.9397132118802415,0.7591143912622116,-0.2377919483648376,-1.0707221336231163,0.5838590043116222,-0.28345324783433556,-1.042130321648151,0.39689538336292074,0.06305622102032642,-1.0347718344416699,0.0,0.0,0.0,0.0,0.0,0.0,0.0,0.0,0.0,0.0,0.0,0.0,0.0,0.0,0.0,0.0,0.0,0.0,0.0,0.0,0.0,0.0,0.0,0.0,0.0,0.0,0.0,0.0,0.0,0.0,0.0,0.0,0.0,0.0,0.0,0.0,0.0,0.0,0.0,0.0,0.0,0.0,0.0,0.0,0.0,0.0,0.0,0.0,0.0,0.0,0.0,0.0,0.0,0.0,0.0,0.0,0.0,0.0,0.0,0.0,0.0,0.0,0.0
seis,0.0,0.0,0.0,-0.3949289586955949,-0.38893105771571207,-0.36575556272173365,-0.6234471548240424,-0.8136523146087055,-0.7368561632688743,-0.5096152205625781,-1.4386757144295748,-1.0618485383137857,-0.32724163193172057,-2.0207996134654906,-1.3800715732152364,-0.8643446495167116,0.5945141143997131,-0.811212730167195,-0.3022967449008373,-0.6731235230618418,-1.2514409487028992,-0.2901970572676882,-1.0739327630257602,-1.5475889823200353,-0.44677741789416914,-1.1287484787800233,-1.7438821947197884,-0.3565102759043019,0.9342914016379679,-0.8014161350897312,0.11704147333677277,-0.5207637380133256,-1.0780175510275498,0.02003972247306336,-0.6650796025485441,-1.1234685015585402,-0.10807103347882557,-0.49752504110970475,-1.202481655727564,0.15432692190112454,1.0188134898123227,-0.8143683015155677,0.49634813968445995,-0.3912369675099977,-0.9909663749385478,0.3522083525617556,-0.4070585794888715,-0.8923367003574385,0.19631434168925488,-0.07700992144684991,-0.8550134831881024,0.5797877039266776,0.9269679898966783,-0.8810364041771038,0.7592845397918785,-0.18049977280688168,-1.0009366703834568,0.5804067921090774,-0.24643442500658994,-0.96087298436575,0.39085311875071677,0.04215997565239421,-0.9409985105443313,0.0,0.0,0.0,0.0,0.0,0.0,0.0,0.0,0.0,0.0,0.0,0.0,0.0,0.0,0.0,0.0,0.0,0.0,0.0,0.0,0.0,0.0,0.0,0.0,0.0,0.0,0.0,0.0,0.0,0.0,0.0,0.0,0.0,0.0,0.0,0.0,0.0,0.0,0.0,0.0,0.0,0.0,0.0,0.0,0.0,0.0,0.0,0.0,0.0,0.0,0.0,0.0,0.0,0.0,0.0,0.0,0.0,0.0,0.0,0.0,0.0,0.0,0.0
seis,0.0,0.0,0.0,-0.40794528704738103,-0.41332257152577917,-0.3622877009657639,-0.6494843807236549,-0.851370048656262,-0.7334660766935874,-0.5310894780070576,-1.5027441109695927,-1.052747145969115,-0.34437178713486954,-2.0816420706486496,-1.3660007411795496,-0.8985814891481675,0.5582804696780471,-0.8227936043700831,-0.32131525226524227,-0.7420303891061593,-1.261461072118154,-0.3465678170297067,-1.0553047989226938,-1.568111989629546,-0.5440628483935694,-1.0402570840308514,-1.7760653820941694,-0.3943535271668273,0.9189588106172564,-0.8115703509708089,0.0887723380868721,-0.5738533530930229,-1.0808324540919307,-0.02361159103228864,-0.5930661240362203,-1.138938828704844,-0.16732844053368295,-0.32857047676064466,-1.2308168127633763,0.12266919097432218,1.014108957496247,-0.8197302102697795,0.469335210248192,-0.41062627947408187,-0.9827108887652314,0.32071821108514886,-0.34110976476353666,-0.8889128907209548,0.15851799136713135,0.054090223051349196,-0.8596925639065429,0.5532739342518881,0.9284111324231933,-0.8815283310235477,0.7376208948600937,-0.2017486829181041,-1.0028325641747868,0.5570070427510182,-0.21918669736171506,-0.97222797710343,0.3621602697324686,0.11931714987917305,-0.9592444662677927,0.0,0.0,0.0,0.0,0.0,0.0,0.0,0.0,0.0,0.0,0.0,0.0,0.0,0.0,0.0,0.0,0.0,0.0,0.0,0.0,0.0,0.0,0.0,0.0,0.0,0.0,0.0,0.0,0.0,0.0,0.0,0.0,0.0,0.0,0.0,0.0,0.0,0.0,0.0,0.0,0.0,0.0,0.0,0.0,0.0,0.0,0.0,0.0,0.0,0.0,0.0,0.0,0.0,0.0,0.0,0.0,0.0,0.0,0.0,0.0,0.0,0.0,0.0
seis,0.0,0.0,0.0,-0.6396632727099358,-0.657136269641317,-0.5358749925283658,-0.984674473281575,-1.4730111575223723,-1.087849662577064,-0.8067803295242345,-2.57858500095828,-1.580007937138073,-0.43574830044281365,-3.4571450729335282,-2.0902082632527392,-1.1898061433743574,0.4667613362292336,-1.2473210277168276,-0.45266805548024214,-1.3892061405775837,-1.9046060591627993,-0.5025271487964792,-1.4103672358265509,-2.3720850082216027,-0.7252181411014461,-1.0562544188562641,-2.6911256009656888,-0.40749495901062444,0.9132074563761126,-1.2419068309778982,0.17725511950887904,-1.2602339993524152,-1.6445876625364344,-0.0033954610449261347,-1.0604805571315608,-1.7250287081613698,-0.16924912837224954,-0.5199561686980173,-1.8594059521100372,0.3542306319761628,1.0017695935120818,-1.2630698264688958,0.7595446560623439,-1.089936480305757,-1.5231433301141382,0.5285566641269707,-0.9017777720272503,-1.3575084620834417,0.31483264249965015,-0.29070011164165177,-1.279920494135367,0.9759963393925281,0.8595066166009856,-1.3707246454038948,1.195469950477119,-0.7810885143488348,-1.5740499997153423,0.9343397765314787,-0.7308819482042075,-1.5209932062568998,0.6721758709213775,-0.24809559947065024,-1.4891302193566596,0.0,0.0,0.0,0.0,0.0,0.0,0.0,0.0,0.0,0.0,0.0,0.0,0.0,0.0,0.0,0.0,0.0,0.0,0.0,0.0,0.0,0.0,0.0,0.0,0.0,0.0,0.0,0.0,0.0,0.0,0.0,0.0,0.0,0.0,0.0,0.0,0.0,0.0,0.0,0.0,0.0,0.0,0.0,0.0,0.0,0.0,0.0,0.0,0.0,0.0,0.0,0.0,0.0,0.0,0.0,0.0,0.0,0.0,0.0,0.0,0.0,0.0,0.0
seis,0.0,0.0,0.0,-0.614587730718241,-0.6445867478294923,-0.532676766782016,-0.9855532037016591,-1.4023103423980878,-1.0677876766794099,-0.8630546867942652,-2.4213754145044346,-1.5446877350820163,-0.5164708100012977,-3.229716526235057,-2.040459814859555,-1.155199315509843,0.4680594262745231,-1.2150055941434377,-0.4732548862202852,-1.2934192816485182,-1.8507790640147548,-0.5522191762786474,-1.2890824023467555,-2.3043163054544853,-0.7738837575679691,-0.9473578825889113,-2.6155740387075337,-0.4159037933002586,0.9094086181241389,-1.2055581967919426,0.12868919746549912,-1.1716694051807093,-1.601491090197906,-0.05166980197570878,-0.944491060877606,-1.6884848107332069,-0.21269346060909416,-0.4140232922799868,-1.8268687710101337,0.306521666304304,1.0109818494579625,-1.2221531471235367,0.6958356358797283,-1.0143072788791114,-1.4760697344274338,0.48499545300219377,-0.8155113071575827,-1.3249367677554864,0.2764598262191015,-0.23218847647570925,-1.2587860085216407,0.9061889407091412,0.8928757054793216,-1.3249829688175796,1.1229407654354813,-0.6998144242299693,-1.5196421785856193,0.8861274710273997,-0.6292851654741182,-1.4769463766764441,0.6394677225020375,-0.1579715091489242,-1.4561353503867478,0.0,0.0,0.0,0.0,0.0,0.0,0.0,0.0,0.0,0.0,0.0,0.0,0.0,0.0,0.0,0.0,0.0,0.0,0.0,0.0,0.0,0.0,0.0,0.0,0.0,0.0,0.0,0.0,0.0,0.0,0.0,0.0,0.0,0.0,0.0,0.0,0.0,0.0,0.0,0.0,0.0,0.0,0.0,0.0,0.0,0.0,0.0,0.0,0.0,0.0,0.0,0.0,0.0,0.0,0.0,0.0,0.0,0.0,0.0,0.0,0.0,0.0,0.0
seis,0.0,0.0,0.0,0.0,0.0,0.0,0.0,0.0,0.0,0.0,0.0,0.0,0.0,0.0,0.0,0.0,0.0,0.0,0.0,0.0,0.0,0.0,0.0,0.0,0.0,0.0,0.0,0.0,0.0,0.0,0.0,0.0,0.0,0.0,0.0,0.0,0.0,0.0,0.0,0.0,0.0,0.0,0.0,0.0,0.0,0.0,0.0,0.0,0.0,0.0,0.0,0.0,0.0,0.0,0.0,0.0,0.0,0.0,0.0,0.0,0.0,0.0,0.0,0.0,0.0,0.0,-4.903220501311444,-5.436211278500591,-3.2331589043573814,-7.989241188850409,-12.818961284366502,-7.201493427562435,-7.653618289649444,-21.89817321113425,-10.571465424279264,-5.956986051505583,-30.916488208016403,-14.237465287116205,-4.9851558685180235,-2.8692664494774305,-9.607114297182074,-2.293236505228881,-12.252119955325133,-13.321722700892595,-3.12899598563261,-11.484355375868338,-16.426812532641645,-3.8018683136958678,-9.758241223130165,-18.559754965539867,0.9983145141222537,-0.058035600219595314,-9.238939515099318,3.151235159509862,-9.732702152688702,-10.9935296462211,1.2073618969822133,-7.779171902538307,-11.510918299558108,0.1400348363919333,-5.433324401248288,-12.712551150311747,5.982316483325566,1.8190222082621332,-8.652728857708798,6.945426423521509,-6.789194417413117,-9.507775701288955,4.91810622826432,-4.695705973629698,-8.234696896471874,3.4971239304738093,-2.201503638674885,-7.843684701199257,9.32985078012991,2.762409411831725,-8.475907626005258,9.524761831901897,-3.405127072194677,-8.931573310832857,7.506570640817182,-2.2623665051120745,-7.691628128727354,5.967941708098761,0.07342376303644178,-7.048103058188933
seis,0.0,0.0,0.0,-0.2992211243658105,-0.8894731633367597,-0.2190601478707426,-0.22022294737672807,-1.8758406233627714,-0.42742566174904645,-0.09807360546286344,-2.8572329805312617,-0.6107820317928785,-0.09290219349999386,-3.7069964472098413,-0.7779103945235472,0.46571014954103584,-1.2804763075174772,-0.27897165708387056,0.6764036228161596,-1.3974106132228394,-0.39978152259449756,0.4883491941691909,-1.3395047589973026,-0.5142996812787081,0.30236400890674653,-1.245146485120848,-0.5867225332555296,0.7525618614145352,-0.6585215598173608,-0.24215841342072233,0.9421964571810985,-0.7689568223510896,-0.22848540849666807,0.7610782835897735,-0.6747090632302386,-0.2776202143076989,0.5807603725488936,-0.5488860751202367,-0.37978907612397333,0.9734129979283781,-0.05024543669238544,-0.21538762257536118,1.1552475785757648,-0.11455823845988578,-0.1514796628957194,0.9719889086653815,-0.05306065467723374,-0.13919360603664366,0.7923849811113614,0.0009403448503108987,-0.21061788691308025,1.1418297300467408,0.5002217749751265,-0.20718833957749003,1.289905930567966,0.5458032950955061,-0.12772236829053144,1.1330399292655358,0.5718489085937565,-0.06400841532549632,0.9735933114769945,0.5994204012614806,-0.06365074195322842,0.0,0.0,0.0,0.0,0.0,0.0,0.0,0.0,0.0,0.0,0.0,0.0,0.0,0.0,0.0,0.0,0.0,0.0,0.0,0.0,0.0,0.0,0.0,0.0,0.0,0.0,0.0,0.0,0.0,0.0,0.0,0.0,0.0,0.0,0.0,0.0,0.0,0.0,0.0,0.0,0.0,0.0,0.0,0.0,0.0,0.0,0.0,0.0,0.0,0.0,0.0,0.0,0.0,0.0,0.0,0.0,0.0,0.0,0.0,0.0,0.0,0.0,0.0
seis,0.0,0.0,0.0,-0.5744955630342748,-1.1584498944190507,-0.7791551966320104,-0.4836691449619439,-2.547190910609568,-1.2150332839846876,-0.12504172031941663,-3.745885749392901,-1.4601834149233928,-0.03492327010703811,-4.7828700051862505,-1.6394075142020748,0.22702136277732415,-0.972792521978192,-1.6010536284482824,0.9713691391910365,-2.354770608162908,-1.948507349270294,0.5414052644131726,-2.4789161980565084,-1.9752516295338385,0.14110206555195684,-2.1949148413894615,-1.9646607828434661,0.8409551045570718,-0.5411048993674004,-1.305755691351086,1.4780100042651827,-1.991516568873188,-1.6093983155381009,1.0677292247016776,-2.049324676641172,-1.5532706384952037,0.7046777456411725,-1.7089083102531442,-1.5457812470791112,1.2852580590902982,-0.36633116747764816,-1.0002551480028457,1.8290012061489942,-1.757037216480011,-1.2702872959213074,1.4573230443854497,-1.7155679742597378,-1.1363239890357295,1.1231701580262863,-1.3484642976726324,-1.0676890866633182,1.60144067570273,-0.4103929820434135,-0.7311503461337591,1.995889983233862,-1.4701146235661477,-1.0403057239118887,1.6962279406100544,-1.3899335398929056,-1.0291127818343093,1.414108209601647,-1.0543806048906383,-1.0102809484655824,0.0,0.0,0.0,0.0,0.0,0.0,0.0,0.0,0.0,0.0,0.0,0.0,0.0,0.0,0.0,0.0,0.0,0.0,0.0,0.0,0.0,0.0,0.0,0.0,0.0,0.0,0.0,0.0,0.0,0.0,0.0,0.0,0.0,0.0,0.0,0.0,0.0,0.0,0.0,0.0,0.0,0.0,0.0,0.0,0.0,0.0,0.0,0.0,0.0,0.0,0.0,0.0,0.0,0.0,0.0,0.0,0.0,0.0,0.0,0.0,0.0,0.0,0.0
seis,0.0,0.0,0.0,-0.6284981690167757,-1.2092773878415302,-0.8361126777375707,-0.5589057997297093,-2.692195347857342,-1.322832449905071,-0.21288533748796443,-3.9389413455249693,-1.605836232905814,-0.0787747906813151,-5.045372670667134,-1.8159809550111286,0.19585697006608646,-1.0276870164000016,-1.7596814703354449,0.958034208785306,-2.600289148009549,-2.153622957003763,0.4888267705175585,-2.799902754300801,-2.1743803692403665,0.11085965939233175,-2.5261812473225636,-2.1565602597265454,0.8414166161972675,-0.540386970593426,-1.4576011175445356,1.5005065644572793,-2.2293828102034463,-1.8197257663461055,0.9954618256587501,-2.334542346974325,-1.729166552878433,0.627397665903248,-1.9737707283856383,-1.6853806925507209,1.3186881040227847,-0.33203555877900687,-1.1469535004245084,1.8794201923482479,-1.9189190044320132,-1.4630324209957069,1.4010387414970524,-1.9203642687883655,-1.2802591663723384,1.0525587020961338,-1.5488829785437719,-1.1690144097228732,1.6662242544113366,-0.34381840491333926,-0.8782665718316237,2.0382374019390674,-1.5589556827815334,-1.2056177003625215,1.6750944987046132,-1.5612712590557472,-1.175392361327455,1.3885043578974168,-1.2445681156702733,-1.1397531934011622,0.0,0.0,0.0,0.0,0.0,0.0,0.0,0.0,0.0,0.0,0.0,0.0,0.0,0.0,0.0,0.0,0.0,0.0,0.0,0.0,0.0,0.0,0.0,0.0,0.0,0.0,0.0,0.0,0.0,0.0,0.0,0.0,0.0,0.0,0.0,0.0,0.0,0.0,0.0,0.0,0.0,0.0,0.0,0.0,0.0,0.0,0.0,0.0,0.0,0.0,0.0,0.0,0.0,0.0,0.0,0.0,0.0,0.0,0.0,0.0,0.0,0.0,0.0
seis,0.0,0.0,0.0,-0.34438900714556964,-1.002803321282272,-0.5657471097662778,-0.21710493905702422,-1.9665410130727634,-0.868559855247844,0.0657308042835945,-2.809045372830096,-1.0298013084831643,0.12882434637361692,-3.536522521826262,-1.1346225681724569,0.49700622365184927,-0.6861804021183564,-1.1030072133077022,0.945570838121158,-1.8942622400406428,-1.329481345114991,0.5539186489874939,-2.034805489405526,-1.3188740715353995,0.2923221001162781,-1.8048946652557807,-1.2973769733271696,0.9060879903926048,-0.4230892975085648,-0.8778723413242319,1.2320647423888216,-1.739134212758443,-1.1224065217898993,0.8145064441766499,-1.8419727928045795,-1.0556627666373597,0.5805906107198032,-1.5571534768023185,-1.009395925374366,1.1738342217674826,-0.3548441103751052,-0.6497610387261145,1.385243131711856,-1.600184822787806,-0.8572946949494376,0.9992005275013743,-1.6520363337582156,-0.7376278959448456,0.7902449179424069,-1.3662689893309592,-0.6567086332472344,1.3442157192094975,-0.43700323993901574,-0.45312131501646663,1.424030853850718,-1.4151092419657585,-0.6794671647182065,1.1293769038631627,-1.4517687224482065,-0.6773416467681758,0.9781445804253484,-1.2024543926293791,-0.6558486564449827,0.0,0.0,0.0,0.0,0.0,0.0,0.0,0.0,0.0,0.0,0.0,0.0,0.0,0.0,0.0,0.0,0.0,0.0,0.0,0.0,0.0,0.0,0.0,0.0,0.0,0.0,0.0,0.0,0.0,0.0,0.0,0.0,0.0,0.0,0.0,0.0,0.0,0.0,0.0,0.0,0.0,0.0,0.0,0.0,0.0,0.0,0.0,0.0,0.0,0.0,0.0,0.0,0.0,0.0,0.0,0.0,0.0,0.0,0.0,0.0,0.0,0.0,0.0
seis,0.0,0.0,0.0,-0.3076604146798112,-0.957423387725676,-0.6123521836303414,-0.18875142225947808,-1.852286152825322,-0.9738399430746676,0.09805532565582059,-2.6909980682371146,-1.18589798256021,0.21910002783136168,-3.4526288006925085,-1.3423646867703378,0.5626736011393313,-0.46708859865040997,-1.2279624007176257,1.039829304871054,-1.780545943760727,-1.4853216577340604,0.6233186941670563,-1.916393701562286,-1.4835879750406418,0.3540904803907771,-1.6293724385026978,-1.467057373818203,0.9846241346221116,-0.1746863289432172,-0.9907464178839978,1.3198055582447628,-1.6135678086466512,-1.273156643927004,0.8828434966717956,-1.7189672566543328,-1.206906304169065,0.662637658378321,-1.3877777785865089,-1.162031095586692,1.258244243843716,-0.10397337549916434,-0.7483629993782861,1.4902876924939084,-1.443289614851584,-0.9844736438341856,1.1103232111607266,-1.4964984346556052,-0.8675019913107186,0.92881091968601,-1.1641699113850037,-0.7914674666430623,1.444617871475645,-0.21469491402327226,-0.5385217265367601,1.5456514830960226,-1.2807823076919116,-0.7937525911059456,1.2475607853900779,-1.3114066105443083,-0.8020008494708868,1.1000657616556075,-1.0019617168913126,-0.7847102395979375,0.0,0.0,0.0,0.0,0.0,0.0,0.0,0.0,0.0,0.0,0.0,0.0,0.0,0.0,0.0,0.0,0.0,0.0,0.0,0.0,0.0,0.0,0.0,0.0,0.0,0.0,0.0,0.0,0.0,0.0,0.0,0.0,0.0,0.0,0.0,0.0,0.0,0.0,0.0,0.0,0.0,0.0,0.0,0.0,0.0,0.0,0.0,0.0,0.0,0.0,0.0,0.0,0.0,0.0,0.0,0.0,0.0,0.0,0.0,0.0,0.0,0.0,0.0
seis,0.0,0.0,0.0,-0.20707997356981603,-0.8296764413628056,-0.6603198516196158,-0.09077948169441687,-1.5736779718947653,-1.0976937937125109,0.163264387957125,-2.3922903296762557,-1.3756712405250342,0.2655151386543443,-3.1576152460396094,-1.594566138003876,0.6171027840492836,-0.09642180287006058,-1.357924281537667,1.1091745634405388,-1.4705243317846832,-1.657868717950149,0.71462369249546,-1.5772880542367185,-1.6615016675893235,0.44076789159337043,-1.3009729124012264,-1.6406964842191518,0.9900189788588606,0.1409341033932491,-1.108406569219581,1.2859985209950862,-1.315316608996911,-1.424570097220417,0.8974462584694523,-1.4018767055266421,-1.3621148981671392,0.7173751447094946,-1.0902610956743597,-1.3270964908850247,1.2424857426568887,0.1767627322103744,-0.8530258847490353,1.472963756039861,-1.1682489063651371,-1.0937643068642098,1.1252510110417913,-1.2120346169604908,-0.9660217755554402,0.9773394313770799,-0.88280676231939,-0.8987043252236614,1.4387572300159426,0.03594001468423499,-0.637356428763928,1.5381480932510139,-0.9938134748880816,-0.8844484095431161,1.2366317145682617,-1.034084260604112,-0.8873579042871392,1.0929756651509408,-0.7308830784744819,-0.8730950730933215,0.0,0.0,0.0,0.0,0.0,0.0,0.0,0.0,0.0,0.0,0.0,0.0,0.0,0.0,0.0,0.0,0.0,0.0,0.0,0.0,0.0,0.0,0.0,0.0,0.0,0.0,0.0,0.0,0.0,0.0,0.0,0.0,0.0,0.0,0.0,0.0,0.0,0.0,0.0,0.0,0.0,0.0,0.0,0.0,0.0,0.0,0.0,0.0,0.0,0.0,0.0,0.0,0.0,0.0,0.0,0.0,0.0,0.0,0.0,0.0,0.0,0.0,0.0
seis,0.0,0.0,0.0,-0.1180641666586038,-0.6572563262505593,-0.7063050209401658,-0.03725878854665875,-1.2044097739756063,-1.1744271997810545,0.19284951499563896,-1.837110978224627,-1.474039354933756,0.26640045453088995,-2.428046521155398,-1.7145684504303236,0.5701671387410111,0.17504921367257828,-1.3632333689965566,1.0747106973011558,-1.0381900260089187,-1.67753635269434,0.7449968132572494,-1.2091105730019645,-1.6769723699071062,0.5290614254321226,-1.012243158810219,-1.6474490102705772,0.9213000612016483,0.38885241060052456,-1.0833705904496036,1.2227619169052852,-0.9505326977735695,-1.4205780776965804,0.8314420192415337,-1.1075038598268085,-1.346181496615564,0.6601429335213443,-0.8327885260670855,-1.2856681892511381,1.147234459692804,0.41764330777908293,-0.8065753726598736,1.3604449008986323,-0.8078522042577202,-1.0586809175560354,1.0094490240931648,-0.9234009844008046,-0.9396477017349962,0.8507448332451817,-0.6469958644074346,-0.8662958442983353,1.317059306714662,0.32397992044240914,-0.5767246118324185,1.4006538300173805,-0.5671740882429096,-0.8138944256018995,1.0980517012411173,-0.7042164170618466,-0.825631454588953,0.9248585913448678,-0.4936717134301218,-0.8085437407775125,0.0,0.0,0.0,0.0,0.0,0.0,0.0,0.0,0.0,0.0,0.0,0.0,0.0,0.0,0.0,0.0,0.0,0.0,0.0,0.0,0.0,0.0,0.0,0.0,0.0,0.0,0.0,0.0,0.0,0.0,0.0,0.0,0.0,0.0,0.0,0.0,0.0,0.0,0.0,0.0,0.0,0.0,0.0,0.0,0.0,0.0,0.0,0.0,0.0,0.0,0.0,0.0,0.0,0.0,0.0,0.0,0.0,0.0,0.0,0.0,0.0,0.0,0.0
seis,0.0,0.0,0.0,-0.1313554317845262,-0.6345070401677717,-0.7328090581737968,-0.06032368448294282,-1.1585529259727145,-1.2076404726172658,0.1084896183684817,-1.7725739775113591,-1.5156779562900862,0.17225454721645383,-2.3306036693756815,-1.766224669236449,0.5148810495961609,0.2694239977838649,-1.3059813739667352,1.000323295704895,-0.9430650592304762,-1.6630076870839134,0.6680129776725033,-1.1466403455747076,-1.7426090682427309,0.4219218310473093,-0.9508021974909627,-1.7711170783091539,0.8774638154352138,0.4796428385808308,-1.023093938375626,1.160049547270238,-0.905025934585088,-1.3796615009624065,0.7767549867817297,-1.0412670472106085,-1.3601271468622638,0.5801685280492233,-0.7501742048422931,-1.3393583263464828,1.1029002753288843,0.4779880217865077,-0.7527726242260966,1.2810841998175004,-0.7782443875379055,-0.9824559111547025,0.9515465696626257,-0.923157370322015,-0.8730556840603483,0.7835665829240109,-0.6884169146954068,-0.8144007651447867,1.2516027294948373,0.3542745483992483,-0.5421292484185284,1.2960582897469326,-0.5596470931262073,-0.7539257774999669,1.015336113992465,-0.7149583118638559,-0.7687464309257606,0.8447613272586264,-0.542189136973166,-0.7551585208318744,0.0,0.0,0.0,0.0,0.0,0.0,0.0,0.0,0.0,0.0,0.0,0.0,0.0,0.0,0.0,0.0,0.0,0.0,0.0,0.0,0.0,0.0,0.0,0.0,0.0,0.0,0.0,0.0,0.0,0.0,0.0,0.0,0.0,0.0,0.0,0.0,0.0,0.0,0.0,0.0,0.0,0.0,0.0,0.0,0.0,0.0,0.0,0.0,0.0,0.0,0.0,0.0,0.0,0.0,0.0,0.0,0.0,0.0,0.0,0.0,0.0,0.0,0.0
seis,0.0,0.0,0.0,-0.1391903379309959,-0.6186656031709965,-0.7495546035936428,-0.030201242641438437,-1.159645019042206,-1.2143598049826658,0.1347846563764001,-1.7762523076489605,-1.5089742856596071,0.2093222952154929,-2.294575239119607,-1.7392687224943564,0.5393855448662109,0.2370393200569272,-1.2914983440841676,1.0030066928001373,-1.0442343873122226,-1.7055738648518997,0.6391011197777093,-1.2415033596653238,-1.8364731340407048,0.37916492821782544,-1.0006021685503832,-1.8957192463126804,0.9080067550956412,0.41895552592212487,-1.0130997045120786,1.1646317449652226,-1.017598451205736,-1.4082700534669341,0.7528068321130017,-1.1147017760561733,-1.4051316300064767,0.5487371257299656,-0.7840062038100295,-1.3898523514235168,1.1470220832632738,0.39552366247117887,-0.7582074777878394,1.2960150544879225,-0.9078160131556988,-1.019423420385702,0.9305959572365675,-1.0301129514982628,-0.9023130950676009,0.7561990338051977,-0.7725015906378832,-0.831536567203521,1.2897950382134973,0.27306015154407604,-0.5701500918395753,1.2955290544765623,-0.7282566460552697,-0.8101341947274336,0.9947505716394085,-0.8591212942755234,-0.8320560450382444,0.8140245432213861,-0.6726377334648541,-0.8178140890601772,0.0,0.0,0.0,0.0,0.0,0.0,0.0,0.0,0.0,0.0,0.0,0.0,0.0,0.0,0.0,0.0,0.0,0.0,0.0,0.0,0.0,0.0,0.0,0.0,0.0,0.0,0.0,0.0,0.0,0.0,0.0,0.0,0.0,0.0,0.0,0.0,0.0,0.0,0.0,0.0,0.0,0.0,0.0,0.0,0.0,0.0,0.0,0.0,0.0,0.0,0.0,0.0,0.0,0.0,0.0,0.0,0.0,0.0,0.0,0.0,0.0,0.0,0.0
seis,0.0,0.0,0.0,-0.14674150088157786,-0.6335426562853966,-0.73101927777719,-0.047904280213307046,-1.140678223608706,-1.1847945272985434,0.12529366803350364,-1.620199916463748,-1.4679743407871508,0.22673469521508768,-2.031972809451576,-1.684820427955748,0.5242526748856643,0.24706360636277208,-1.282734232331633,0.9877218213103012,-1.0273008451819858,-1.6934883500234297,0.6409085133090155,-1.2469751379961174,-1.8109537726267622,0.38156362495136303,-1.0492107428618,-1.8546506095577764,0.9027484870431013,0.4301687682077714,-1.004913707562844,1.1410082699170918,-1.0051579736374288,-1.3873833419882071,0.7518390190063119,-1.106372822025325,-1.3687690537700674,0.5563784765344514,-0.7916173649622765,-1.3443302571459512,1.142886945276393,0.3990466956262514,-0.7505094830118002,1.272169320019181,-0.8891111030105303,-1.0110524071114115,0.9230301562682128,-1.0056096840751803,-0.895918421923271,0.7582289743965082,-0.7519885105695219,-0.8254515127403547,1.2870226981957846,0.27108385896738163,-0.5579334077559353,1.2828110484409339,-0.7031461869758128,-0.8005788831868579,0.9946612067315159,-0.8260185446900518,-0.8252918285705622,0.8322797173050153,-0.6404257396892985,-0.8121923067694756,0.0,0.0,0.0,0.0,0.0,0.0,0.0,0.0,0.0,0.0,0.0,0.0,0.0,0.0,0.0,0.0,0.0,0.0,0.0,0.0,0.0,0.0,0.0,0.0,0.0,0.0,0.0,0.0,0.0,0.0,0.0,0.0,0.0,0.0,0.0,0.0,0.0,0.0,0.0,0.0,0.0,0.0,0.0,0.0,0.0,0.0,0.0,0.0,0.0,0.0,0.0,0.0,0.0,0.0,0.0,0.0,0.0,0.0,0.0,0.0,0.0,0.0,0.0
seis,0.0,0.0,0.0,-0.13726582354000882,-0.6175296146771785,-0.7459595011147218,-0.02600813165285153,-1.1453014413767455,-1.1966610033294665,0.13434550256331196,-1.7582726140751588,-1.4747366227162049,0.20250106328364864,-2.2859623294463014,-1.692502971485969,0.5487973797810607,0.23374695025157727,-1.276747655882682,1.0011752163468712,-0.9801452418861547,-1.6550973137285967,0.6385419036210036,-1.1958763350557973,-1.7665035955389223,0.3579832850346289,-0.9856928095596335,-1.8144532953044028,0.9068943574242773,0.4213580715638509,-0.9833878022417301,1.15073215831362,-0.9406244278898481,-1.3411650194232938,0.7525913806745933,-1.0477525515828572,-1.3329572026152625,0.5454901881223638,-0.7288845769072386,-1.3189745118697778,1.1282469184629806,0.40527941020713076,-0.7092471314101336,1.2733546896803292,-0.8437336919745622,-0.9374297759097456,0.9218613577192506,-0.9664680210730491,-0.8194167692424661,0.7464052395162134,-0.7101549828936142,-0.7536525430560916,1.253811561889699,0.28634809886590396,-0.500046139016449,1.2665356596674775,-0.676028883174796,-0.7204346420015686,0.971975796333522,-0.7993436762026838,-0.7340366204146853,0.7850095647621822,-0.6152292342300865,-0.7173241227650884,0.0,0.0,0.0,0.0,0.0,0.0,0.0,0.0,0.0,0.0,0.0,0.0,0.0,0.0,0.0,0.0,0.0,0.0,0.0,0.0,0.0,0.0,0.0,0.0,0.0,0.0,0.0,0.0,0.0,0.0,0.0,0.0,0.0,0.0,0.0,0.0,0.0,0.0,0.0,0.0,0.0,0.0,0.0,0.0,0.0,0.0,0.0,0.0,0.0,0.0,0.0,0.0,0.0,0.0,0.0,0.0,0.0,0.0,0.0,0.0,0.0,0.0,0.0
seis,0.0,0.0,0.0,-0.12807902545987232,-0.6215401824170783,-0.6924987413502678,-0.028783950385981343,-1.1472371926406197,-1.1203070712155325,0.14280687249738389,-1.7235317823863558,-1.3877802068927185,0.22483427560952526,-2.2267810700614685,-1.5915031879049935,0.5625371785934213,0.19957156736371973,-1.2002182934558079,1.013520351978322,-0.9936378682909889,-1.5611890675183318,0.6657001921065966,-1.2003523206732636,-1.6531627325110498,0.39548854785683735,-1.0086258159909085,-1.6863208606834752,0.9147090829616485,0.40411297126850554,-0.9381221663759486,1.139592303931048,-0.959583820406252,-1.2851805356465562,0.7551810950211096,-1.0605932380849654,-1.2710226981125787,0.5509151656417692,-0.7641644510718548,-1.2506506823884274,1.126172490260942,0.40677421833550825,-0.6953374153468141,1.2452258031086396,-0.82363808335584,-0.9215244340274762,0.9164347206495187,-0.9301607565711449,-0.8138263662325015,0.7524414098773855,-0.6872474455342642,-0.7513272988912963,1.24265491670602,0.3113282565624884,-0.5116888167765712,1.2672606276212073,-0.5939870823310087,-0.7278309376951794,0.9914786249150029,-0.7120960007349809,-0.7448489412587248,0.8222425130948133,-0.5440370875702256,-0.728623789774679,0.0,0.0,0.0,0.0,0.0,0.0,0.0,0.0,0.0,0.0,0.0,0.0,0.0,0.0,0.0,0.0,0.0,0.0,0.0,0.0,0.0,0.0,0.0,0.0,0.0,0.0,0.0,0.0,0.0,0.0,0.0,0.0,0.0,0.0,0.0,0.0,0.0,0.0,0.0,0.0,0.0,0.0,0.0,0.0,0.0,0.0,0.0,0.0,0.0,0.0,0.0,0.0,0.0,0.0,0.0,0.0,0.0,0.0,0.0,0.0,0.0,0.0,0.0
seis,0.0,0.0,0.0,-0.1293431747934909,-0.6277181277054317,-0.6749081367036552,-0.0455070658115311,-1.1619618694972091,-1.1030864330910974,0.12018517259976588,-1.7748229894038263,-1.3788521353131236,0.1897365295674501,-2.313456359549529,-1.594639670564823,0.5681462368802458,0.18433320006015638,-1.1622263471846008,1.0002012638480962,-1.0046698240343719,-1.51357381427954,0.6668613145337302,-1.182265173728185,-1.6172808529188964,0.4146416462761467,-0.9702122599313121,-1.661888318633098,0.9298061637854107,0.3680495860433183,-0.9082528327086075,1.139789663171232,-0.9862277833339756,-1.2438152859959621,0.7648558209435018,-1.082046571977837,-1.240150843851754,0.567860427261494,-0.7866989324523413,-1.228297621943112,1.1464689512103479,0.3558457062867258,-0.6714450025592915,1.2444322668154004,-0.8734138254004595,-0.8869313714950177,0.9249435809844192,-0.9788470204621996,-0.7924066034050987,0.7606259658953818,-0.7384715828863873,-0.7402623412271468,1.2717312229619278,0.24384716510514975,-0.49310449499253545,1.2681493727955213,-0.658376779103122,-0.6974792193154904,0.9902571260660449,-0.7798006722331575,-0.7166033201639771,0.8160673030099205,-0.6094021233179816,-0.7033260629694775,0.0,0.0,0.0,0.0,0.0,0.0,0.0,0.0,0.0,0.0,0.0,0.0,0.0,0.0,0.0,0.0,0.0,0.0,0.0,0.0,0.0,0.0,0.0,0.0,0.0,0.0,0.0,0.0,0.0,0.0,0.0,0.0,0.0,0.0,0.0,0.0,0.0,0.0,0.0,0.0,0.0,0.0,0.0,0.0,0.0,0.0,0.0,0.0,0.0,0.0,0.0,0.0,0.0,0.0,0.0,0.0,0.0,0.0,0.0,0.0,0.0,0.0,0.0
seis,0.0,0.0,0.0,-0.12904068236512597,-0.6409063557126566,-0.6623011374505255,-0.0592561160558241,-1.1869619305727168,-1.089505372928567,0.10718877313182922,-1.79505017087527,-1.3655589784431144,0.17556631301695988,-2.345425109941885,-1.5862191628013744,0.56475816322988,0.16772453316441563,-1.169780966856099,1.0181588495794789,-0.9937331036359737,-1.4978015188486307,0.6951014442767582,-1.1838232787974747,-1.5857251516855349,0.4454674109827989,-0.9867619860445261,-1.6235428665035851,0.9257897633114271,0.3780387733391532,-0.9177067029341438,1.1518483446636207,-0.960069867115396,-1.2277243809269183,0.7837163047089929,-1.076520702057808,-1.213517924157361,0.5824591505284493,-0.7923343415570415,-1.2003636658017436,1.1436732366301665,0.3846406758165374,-0.6782357844480479,1.2579605098008522,-0.84000124134429,-0.8758632663152724,0.9421399793783357,-0.9578287119746894,-0.784018177767114,0.7732424931195052,-0.7224595729563004,-0.7389741763306685,1.2723230423990557,0.2826138015561046,-0.49427815270802783,1.2828841465286458,-0.6195565402378015,-0.6883691551311356,1.0057167528635311,-0.7462768575647205,-0.7053005132011342,0.8293573709544545,-0.5770819300581332,-0.6937393437023879,0.0,0.0,0.0,0.0,0.0,0.0,0.0,0.0,0.0,0.0,0.0,0.0,0.0,0.0,0.0,0.0,0.0,0.0,0.0,0.0,0.0,0.0,0.0,0.0,0.0,0.0,0.0,0.0,0.0,0.0,0.0,0.0,0.0,0.0,0.0,0.0,0.0,0.0,0.0,0.0,0.0,0.0,0.0,0.0,0.0,0.0,0.0,0.0,0.0,0.0,0.0,0.0,0.0,0.0,0.0,0.0,0.0,0.0,0.0,0.0,0.0,0.0,0.0
seis,0.0,0.0,0.0,-0.12398939888998903,-0.6471573056182215,-0.665182595138807,-0.04541100313067395,-1.1944984286245899,-1.0932944185610205,0.12341608288424427,-1.7973077143236866,-1.3702382219510998,0.19056033114402587,-2.3455252193725067,-1.5909862789520468,0.5734179929354536,0.15714263556787103,-1.1679981858207926,1.0265750713751807,-1.005996501411403,-1.5003672818936309,0.6953148849223203,-1.1915417652728535,-1.59175472186996,0.4428628067024572,-0.9879225695535304,-1.6312789407048345,0.9299690723241137,0.3676377626422878,-0.9159306507860397,1.1626317748350206,-0.9693203633514194,-1.2308934772012983,0.7921306494255452,-1.0829212247411288,-1.2193794611841295,0.5897732636807064,-0.7961229492657734,-1.2067744717800468,1.1443474340726827,0.3760309545378373,-0.6773965264031686,1.266251404034929,-0.8448799043940599,-0.8791833308145685,0.9499534140821617,-0.9627835313622375,-0.7877507687451947,0.7800273115264892,-0.7241650342955804,-0.7411994072630268,1.2705162059272705,0.2772423652606355,-0.49475540409887664,1.2912006237955882,-0.6205100152187741,-0.6899719170011185,1.0149079941404289,-0.7492423010653789,-0.7065434681531401,0.8362972157940302,-0.5805419751549856,-0.6939617234636563,0.0,0.0,0.0,0.0,0.0,0.0,0.0,0.0,0.0,0.0,0.0,0.0,0.0,0.0,0.0,0.0,0.0,0.0,0.0,0.0,0.0,0.0,0.0,0.0,0.0,0.0,0.0,0.0,0.0,0.0,0.0,0.0,0.0,0.0,0.0,0.0,0.0,0.0,0.0,0.0,0.0,0.0,0.0,0.0,0.0,0.0,0.0,0.0,0.0,0.0,0.0,0.0,0.0,0.0,0.0,0.0,0.0,0.0,0.0,0.0,0.0,0.0,0.0
seis,0.0,0.0,0.0,-0.15659783002831998,-0.6804977114647316,-0.7218208451046174,-0.07046547973547444,-1.2759069681694473,-1.1733917262156683,0.10955874306013733,-1.9348996891521761,-1.4550052432461007,0.17431367885268373,-2.512289682197735,-1.6778907771116955,0.5554367991146079,0.13223486755407635,-1.2666612439293825,1.0300295761303264,-1.0937723416341707,-1.6290745702184841,0.721321350604725,-1.2732778229380401,-1.7338122574303498,0.48851813417205486,-1.0523749480791078,-1.7782721495514962,0.9421952002403068,0.3350644783383163,-0.9839670435830368,1.1517991631535334,-1.0726453540609195,-1.311182899025798,0.760391326250188,-1.179680927705139,-1.2852259961611014,0.5498423560650821,-0.8658905880724094,-1.2618898853385339,1.1808162864417826,0.3261807349774563,-0.7180104407833611,1.2633295963859275,-0.9503911133082775,-0.9291379747955452,0.9264540791115737,-1.070031733948979,-0.8226465397134998,0.754813083325323,-0.8162824313351033,-0.7661909615349352,1.3231553067478319,0.21021349260358865,-0.5131883834171427,1.2996968512338156,-0.7137228171336208,-0.7151900159550476,1.0008842018551791,-0.8415721759409829,-0.7259630144788228,0.8172497137783912,-0.6682328670861262,-0.7082440437554359,0.0,0.0,0.0,0.0,0.0,0.0,0.0,0.0,0.0,0.0,0.0,0.0,0.0,0.0,0.0,0.0,0.0,0.0,0.0,0.0,0.0,0.0,0.0,0.0,0.0,0.0,0.0,0.0,0.0,0.0,0.0,0.0,0.0,0.0,0.0,0.0,0.0,0.0,0.0,0.0,0.0,0.0,0.0,0.0,0.0,0.0,0.0,0.0,0.0,0.0,0.0,0.0,0.0,0.0,0.0,0.0,0.0,0.0,0.0,0.0,0.0,0.0,0.0
seis,0.0,0.0,0.0,-0.16845804192658115,-0.688969345975608,-0.7393839115736245,-0.09558942743388785,-1.2958871705636639,-1.2092774974895009,0.08729352334987496,-1.9404420905195585,-1.502303697463211,0.15151232168869208,-2.528016825283434,-1.7375676862509142,0.5377835808344709,0.14164757840029968,-1.3507224740527048,1.0396883424974674,-1.1096836013157054,-1.7146256355230514,0.7093984500354269,-1.2901459303192149,-1.801820508020602,0.46030043167240065,-1.070464672870391,-1.8326236809997907,0.9347607655796215,0.35527779431453343,-1.0537424607593697,1.1683324733685292,-1.070730705324839,-1.3908213099702664,0.7715652422570946,-1.184639784104549,-1.3533519381485803,0.5599743805309426,-0.8761474557057986,-1.3228587374315475,1.1799318987152951,0.34740966221061614,-0.7678577618282635,1.280704855682572,-0.949365878940009,-0.9829574822064948,0.9362119760380755,-1.073968915278081,-0.8702400783673391,0.7571591403214999,-0.8260670171279839,-0.8124558972774785,1.3316722970712322,0.22533837946217497,-0.5421912870704036,1.3030638918412396,-0.7221358651102169,-0.7550315267919788,1.0044626364211033,-0.8531380420042518,-0.7726646400138705,0.827713819570942,-0.6718242723688973,-0.7609667347867949,0.0,0.0,0.0,0.0,0.0,0.0,0.0,0.0,0.0,0.0,0.0,0.0,0.0,0.0,0.0,0.0,0.0,0.0,0.0,0.0,0.0,0.0,0.0,0.0,0.0,0.0,0.0,0.0,0.0,0.0,0.0,0.0,0.0,0.0,0.0,0.0,0.0,0.0,0.0,0.0,0.0,0.0,0.0,0.0,0.0,0.0,0.0,0.0,0.0,0.0,0.0,0.0,0.0,0.0,0.0,0.0,0.0,0.0,0.0,0.0,0.0,0.0,0.0
seis,0.0,0.0,0.0,-0.15960217950215833,-0.6944325214717537,-0.7299871119988992,-0.07343199991825386,-1.3153090330695416,-1.1950485304968559,0.10836454540411855,-1.9898070395669065,-1.4870759198130281,0.1768802167475775,-2.581306515044636,-1.721728548724309,0.5504275831210677,0.11676408474596293,-1.3253790652600497,1.051026052935832,-1.1301659270690587,-1.7044486325401669,0.7357462844858371,-1.3068763560811296,-1.8123337069447216,0.4941441444889635,-1.0828084722464355,-1.8552285114878266,0.9451072024984952,0.3267604256721864,-1.0378453287123235,1.1661223233462972,-1.0993301512495786,-1.376321278947065,0.772910325924072,-1.1988161987501222,-1.343683771704927,0.5603620445869169,-0.8809120653420581,-1.3164801552494396,1.19060182027879,0.31944349665995947,-0.7650699725825966,1.2832184678083813,-0.9727887526400459,-0.9836517823779267,0.9426673151604933,-1.083894157203054,-0.8720059267131657,0.7642665245482496,-0.8282115920419287,-0.8131383494929236,1.3401988218940732,0.20406709356716987,-0.5526529180339754,1.3192353317499752,-0.7397771204843087,-0.7608854052340688,1.018076300240469,-0.8663683963763039,-0.7705499827742639,0.8318563915391483,-0.6894919375061722,-0.7525455648998295,0.0,0.0,0.0,0.0,0.0,0.0,0.0,0.0,0.0,0.0,0.0,0.0,0.0,0.0,0.0,0.0,0.0,0.0,0.0,0.0,0.0,0.0,0.0,0.0,0.0,0.0,0.0,0.0,0.0,0.0,0.0,0.0,0.0,0.0,0.0,0.0,0.0,0.0,0.0,0.0,0.0,0.0,0.0,0.0,0.0,0.0,0.0,0.0,0.0,0.0,0.0,0.0,0.0,0.0,0.0,0.0,0.0,0.0,0.0,0.0,0.0,0.0,0.0
seis,0.0,0.0,0.0,-0.1409692590648061,-0.662327918902719,-0.7073984345521304,-0.07040564627049233,-1.239856201732188,-1.1696908061884128,0.09834802072100629,-1.8672377843713202,-1.4659775606033125,0.15408515608391776,-2.447188665855759,-1.7107224766367912,0.5350449729726421,0.18536252780056492,-1.3210257417148894,1.0581579629366313,-1.0306464062783576,-1.6810606716410452,0.7449961757898625,-1.26069976766188,-1.765249648541341,0.4803598345442709,-1.0956190728246906,-1.790429111677743,0.9149908651968379,0.4034745550915719,-1.039014251734421,1.1682001819623562,-1.000170556035646,-1.3784899053786712,0.7788317368774872,-1.1373997155227007,-1.3443374928333816,0.5571389124016735,-0.848858664251545,-1.313625277247679,1.151304777226358,0.4044804645413609,-0.7665530570995343,1.2830996211201302,-0.8764510409917737,-0.9877081942532495,0.9418551932649087,-1.0088490297946824,-0.8833278895226767,0.7507564434492122,-0.7778886132764897,-0.8281061491658698,1.3041676130625242,0.29752543905941076,-0.5498000261659489,1.29430155165294,-0.663596326635222,-0.7677886525466979,0.9998846800432757,-0.813177599970184,-0.7878246020995798,0.8149756798100459,-0.6488403163000699,-0.7765450241739824,0.0,0.0,0.0,0.0,0.0,0.0,0.0,0.0,0.0,0.0,0.0,0.0,0.0,0.0,0.0,0.0,0.0,0.0,0.0,0.0,0.0,0.0,0.0,0.0,0.0,0.0,0.0,0.0,0.0,0.0,0.0,0.0,0.0,0.0,0.0,0.0,0.0,0.0,0.0,0.0,0.0,0.0,0.0,0.0,0.0,0.0,0.0,0.0,0.0,0.0,0.0,0.0,0.0,0.0,0.0,0.0,0.0,0.0,0.0,0.0,0.0,0.0,0.0
seis,0.0,0.0,0.0,-0.11991363486136884,-0.5902824275001459,-0.6815898766445747,-0.028069531258503568,-1.118436723077806,-1.1128610877202116,0.12564865129629285,-1.7405545504647393,-1.3911986590227867,0.17220298810601126,-2.2942577795220624,-1.6098575898241423,0.5773352173955287,0.23293651791865289,-1.1607696091217314,0.9684173366360287,-0.9623596128163403,-1.507229839303631,0.6154893544279167,-1.1033049105302501,-1.6085639128669842,0.39015860663645385,-0.8573904936674486,-1.6555059731081032,0.9120662996604019,0.4100427599943476,-0.9046433227149264,1.1092430427897022,-0.9252223204257489,-1.242304714585375,0.7385996906771861,-1.002250042130676,-1.2396565366566266,0.5704242172849489,-0.7029383100022077,-1.2291414170848813,1.1113950581143757,0.40251292101651387,-0.6657740509932341,1.2181934852031764,-0.8013672261532098,-0.8831980723832353,0.9005146408049958,-0.8966519599612827,-0.785844214755203,0.7564795780718623,-0.651562028828575,-0.7311923745312653,1.2269262001387296,0.2980512750491534,-0.4863291295173651,1.2312625015265526,-0.5872540401599852,-0.6811779501593168,0.9524148469091871,-0.703898839041565,-0.6936482177320397,0.7867223221009012,-0.5290711642061375,-0.6772119713145002,0.0,0.0,0.0,0.0,0.0,0.0,0.0,0.0,0.0,0.0,0.0,0.0,0.0,0.0,0.0,0.0,0.0,0.0,0.0,0.0,0.0,0.0,0.0,0.0,0.0,0.0,0.0,0.0,0.0,0.0,0.0,0.0,0.0,0.0,0.0,0.0,0.0,0.0,0.0,0.0,0.0,0.0,0.0,0.0,0.0,0.0,0.0,0.0,0.0,0.0,0.0,0.0,0.0,0.0,0.0,0.0,0.0,0.0,0.0,0.0,0.0,0.0,0.0
seis,0.0,0.0,0.0,-0.1435441053033224,-0.5767440864999058,-0.6941215048261898,-0.0714110649676518,-1.0659789825929886,-1.1212469457152336,0.07745800977223595,-1.6385593569260446,-1.3871506341955295,0.13389755175276716,-2.1453180391516797,-1.590957221272528,0.5343740796133837,0.2878788538541107,-1.200274850815484,0.9473157528613008,-0.9198210055794968,-1.5476911627348091,0.5980574411197035,-1.124666916308501,-1.6364965395856819,0.3555112601845228,-0.9193544490527858,-1.6732075430987021,0.8854934834147627,0.4646517952510132,-0.9374355466750013,1.0915247172590832,-0.9024223618440675,-1.271082344375472,0.7112875655485937,-1.0032826416342358,-1.2536918028080617,0.5309118066263068,-0.6978074832328294,-1.2360694269280321,1.0986437152656898,0.4513295848823889,-0.6918926866456304,1.2066987202566213,-0.7795479300102115,-0.9040570210217853,0.8771731183957727,-0.9000427310310776,-0.7928882967075594,0.7264169604828544,-0.6566831245145957,-0.7333752253658868,1.2177953212240997,0.3388663587333053,-0.5073608364076007,1.2249091851836449,-0.5674232240598124,-0.7124145156036236,0.943411310071055,-0.697743307644561,-0.7256408636872721,0.7731072679716011,-0.5310805884234525,-0.7090198676426845,0.0,0.0,0.0,0.0,0.0,0.0,0.0,0.0,0.0,0.0,0.0,0.0,0.0,0.0,0.0,0.0,0.0,0.0,0.0,0.0,0.0,0.0,0.0,0.0,0.0,0.0,0.0,0.0,0.0,0.0,0.0,0.0,0.0,0.0,0.0,0.0,0.0,0.0,0.0,0.0,0.0,0.0,0.0,0.0,0.0,0.0,0.0,0.0,0.0,0.0,0.0,0.0,0.0,0.0,0.0,0.0,0.0,0.0,0.0,0.0,0.0,0.0,0.0
seis,0.0,0.0,0.0,-0.1437492306247533,-0.5685675932264964,-0.7459043331629395,-0.0468304913230807,-1.0654824152397324,-1.201621030169542,0.12189423526030672,-1.6864811854916024,-1.4865105090533988,0.18936197340376432,-2.218544412008558,-1.7039003297795368,0.5468096347054043,0.25243496398372217,-1.2648699798281153,0.9743980161447455,-0.9817274898194318,-1.641667314374866,0.6093064690279452,-1.1804780970178808,-1.747431728028638,0.3673846809413342,-0.9645232405328609,-1.7957501708165104,0.908811324441708,0.4172073544012719,-0.9835362309328991,1.1314821519273115,-0.9790538694249029,-1.349277270539882,0.7333910556668642,-1.0593959069203822,-1.3394297865401907,0.5520247266354201,-0.7326109305183174,-1.3257238910166256,1.126496245699692,0.3869759088943674,-0.7236852102358068,1.2660313960416647,-0.8640977684644386,-0.9566363571144851,0.9219508791122414,-0.977307206244523,-0.8331754077541967,0.763617393971487,-0.7226876364847555,-0.7654420950920849,1.2487045739003302,0.2589479236936037,-0.5304530548029098,1.2631630635601416,-0.6766168415010945,-0.7493359740961393,0.9808324526195442,-0.8039157735761293,-0.7639484778247617,0.8107370806237753,-0.6246325446753795,-0.7495977182130822,0.0,0.0,0.0,0.0,0.0,0.0,0.0,0.0,0.0,0.0,0.0,0.0,0.0,0.0,0.0,0.0,0.0,0.0,0.0,0.0,0.0,0.0,0.0,0.0,0.0,0.0,0.0,0.0,0.0,0.0,0.0,0.0,0.0,0.0,0.0,0.0,0.0,0.0,0.0,0.0,0.0,0.0,0.0,0.0,0.0,0.0,0.0,0.0,0.0,0.0,0.0,0.0,0.0,0.0,0.0,0.0,0.0,0.0,0.0,0.0,0.0,0.0,0.0
seis,0.0,0.0,0.0,-0.1546301646710086,-0.5936288170311556,-0.7429878313994683,-0.06054459398044287,-1.0795162170495023,-1.200659823984953,0.10818212694279992,-1.5997997461586833,-1.483902863688783,0.20129482803073612,-2.055537917191541,-1.7006583732995735,0.5265919399024983,0.27235873673454447,-1.2934530995533593,0.9887880193576111,-0.9796894185439522,-1.695547727132027,0.6438136469030642,-1.2265472972543718,-1.8114477907774207,0.38282418863471585,-1.0595607157603657,-1.8575770515658343,0.898651002094251,0.4386643095067099,-1.0094345206313,1.1380819942581968,-0.9753413399999333,-1.3846067655514673,0.7468736153880197,-1.0733339550146592,-1.3670070680050979,0.5581271837818667,-0.7531074395118021,-1.3463973929806596,1.131525501716209,0.4054135722280382,-0.7483036719807029,1.2698208614692004,-0.8671491600712397,-0.9893679500625299,0.920329131159777,-0.9858366572731007,-0.8598995983591298,0.7602810556717247,-0.7311841473064135,-0.786465779303316,1.26377155828005,0.28000224891253706,-0.5522693120363183,1.2683025363093632,-0.6780537925676101,-0.7799154482688114,0.9763326941250129,-0.8016276894936116,-0.7931301792987289,0.810174997532447,-0.6184979583933063,-0.7753797680364188,0.0,0.0,0.0,0.0,0.0,0.0,0.0,0.0,0.0,0.0,0.0,0.0,0.0,0.0,0.0,0.0,0.0,0.0,0.0,0.0,0.0,0.0,0.0,0.0,0.0,0.0,0.0,0.0,0.0,0.0,0.0,0.0,0.0,0.0,0.0,0.0,0.0,0.0,0.0,0.0,0.0,0.0,0.0,0.0,0.0,0.0,0.0,0.0,0.0,0.0,0.0,0.0,0.0,0.0,0.0,0.0,0.0,0.0,0.0,0.0,0.0,0.0,0.0
seis,0.0,0.0,0.0,-0.15682988281012492,-0.5597893418291529,-0.7312441942847359,-0.04814251251102476,-1.0442700709898067,-1.1696941848967437,0.1280744091530554,-1.618115574278648,-1.434613668316112,0.22491006818961748,-2.102254948633086,-1.6327517894913202,0.5331062427713148,0.272900087618987,-1.267086220365119,0.9774436467209944,-0.9697271139614179,-1.6548152733422354,0.6191053223148514,-1.2223124433091828,-1.7671970916164585,0.3476229737228017,-1.0582956062238909,-1.813358151135515,0.9035642579140344,0.42845260160286147,-0.9867479477140538,1.1301708913928625,-0.9632400965505847,-1.3411303048904986,0.7384589137270524,-1.0528530707154413,-1.3237748056683023,0.5473544561873975,-0.7257177658292531,-1.3071665384973759,1.1350372710321293,0.3890079371634878,-0.7282917144783569,1.2644356263962084,-0.8692073752031925,-0.9535232782810249,0.9109011530853897,-0.9847735233823154,-0.826410644270062,0.7480729963813687,-0.7281314952347003,-0.758192401607962,1.258187238326543,0.25859572612262943,-0.5357425205748714,1.2530994565980111,-0.7011306490862165,-0.7565979237374326,0.9619340156378302,-0.8176104796625375,-0.7709329912151904,0.7919865375735184,-0.6369049018083117,-0.7558991832100364,0.0,0.0,0.0,0.0,0.0,0.0,0.0,0.0,0.0,0.0,0.0,0.0,0.0,0.0,0.0,0.0,0.0,0.0,0.0,0.0,0.0,0.0,0.0,0.0,0.0,0.0,0.0,0.0,0.0,0.0,0.0,0.0,0.0,0.0,0.0,0.0,0.0,0.0,0.0,0.0,0.0,0.0,0.0,0.0,0.0,0.0,0.0,0.0,0.0,0.0,0.0,0.0,0.0,0.0,0.0,0.0,0.0,0.0,0.0,0.0,0.0,0.0,0.0
seis,0.0,0.0,0.0,-0.1461946927541657,-0.560351859861344,-0.7041654045861246,-0.044312423196360674,-1.0137439006821167,-1.1167920367491093,0.13272274717102794,-1.5287975928252433,-1.3602331820610631,0.24532117432619907,-1.9625967936992714,-1.5325116525128912,0.5316727967998357,0.3014939784673116,-1.2054476292793965,0.939654582717341,-0.9470414395654296,-1.5717768831724368,0.5886647714516887,-1.1295062999886165,-1.6626497003319947,0.35160068642417497,-0.904310068384858,-1.6972770123568037,0.8979220328968819,0.44015454426636463,-0.9363132989743506,1.0989647215355272,-0.9689034223028536,-1.2901937920394493,0.691567034393449,-1.0651296479617176,-1.2666924563823456,0.5060160401418846,-0.7362135396719172,-1.2399319523049437,1.121456260628982,0.3791174676473728,-0.6890552736581516,1.2250036475913635,-0.8852894957884521,-0.9281633152080464,0.8590452154688638,-1.007704269527671,-0.8037527668683533,0.6927159280402118,-0.746774643329964,-0.7283307789763267,1.234431425267238,0.22305100742321787,-0.5035631640979,1.2196670521698152,-0.7132132492996517,-0.741434938483519,0.9304640562498225,-0.8362040266287112,-0.7662929961096657,0.7604203240499293,-0.6505509084974346,-0.7527046043953927,0.0,0.0,0.0,0.0,0.0,0.0,0.0,0.0,0.0,0.0,0.0,0.0,0.0,0.0,0.0,0.0,0.0,0.0,0.0,0.0,0.0,0.0,0.0,0.0,0.0,0.0,0.0,0.0,0.0,0.0,0.0,0.0,0.0,0.0,0.0,0.0,0.0,0.0,0.0,0.0,0.0,0.0,0.0,0.0,0.0,0.0,0.0,0.0,0.0,0.0,0.0,0.0,0.0,0.0,0.0,0.0,0.0,0.0,0.0,0.0,0.0,0.0,0.0
seis,0.0,0.0,0.0,-0.15272642504704093,-0.5415694123974555,-0.723399972982738,-0.043090712844643234,-0.9595036594117821,-1.1327658563539627,0.1320182021486292,-1.4068960247555802,-1.364864525625786,0.2778404103613381,-1.7699418902528288,-1.5250089277676773,0.5071008269658668,0.3446434758148653,-1.2397268210012158,0.9389757032714469,-0.9255021862638408,-1.6387504525783712,0.6045631566211018,-1.1810173492810736,-1.7500874718423,0.3481128202641632,-1.0149018479709992,-1.7924525319213176,0.8763358511570771,0.48170060823793964,-0.9626251880905211,1.1038078317670041,-0.9468742335924327,-1.3266909839295187,0.6983157861496035,-1.0533246005538708,-1.298078300882553,0.5044056808038871,-0.7256167122740922,-1.2684194381238023,1.1189806001625844,0.4221955001692801,-0.7138812556413553,1.2400977235671071,-0.8768611548152616,-0.9655789537988466,0.858720942575765,-1.004813867183059,-0.8340184552741231,0.6881689814721856,-0.7533828531374064,-0.7539296506859863,1.238856096738671,0.27653173694919636,-0.5297131454110602,1.2168951780003625,-0.7241688855750141,-0.788491057685111,0.9156004811259131,-0.8398077970788314,-0.8185963969275712,0.7444495283735671,-0.6596061880411611,-0.8061782310983888,0.0,0.0,0.0,0.0,0.0,0.0,0.0,0.0,0.0,0.0,0.0,0.0,0.0,0.0,0.0,0.0,0.0,0.0,0.0,0.0,0.0,0.0,0.0,0.0,0.0,0.0,0.0,0.0,0.0,0.0,0.0,0.0,0.0,0.0,0.0,0.0,0.0,0.0,0.0,0.0,0.0,0.0,0.0,0.0,0.0,0.0,0.0,0.0,0.0,0.0,0.0,0.0,0.0,0.0,0.0,0.0,0.0,0.0,0.0,0.0,0.0,0.0,0.0
seis,0.0,0.0,0.0,-0.1774105020431119,-0.7001090465350885,-0.8396814856462608,-0.09256377220296323,-1.308771053277396,-1.3725631021134423,0.10952019497832167,-2.049461031842615,-1.7175680107554803,0.22641538912212544,-2.6573652057103403,-1.9966248663508457,0.470435818869171,0.26052735016862005,-1.4691817016038793,0.9737527349176393,-1.0970526352554366,-1.9118949017705666,0.6049198996470558,-1.3316373784838718,-2.0565142071051383,0.316532885234105,-1.116375617688725,-2.127217942378788,0.8948411920160083,0.4463846335520177,-1.1517439295024987,1.1783542664538282,-1.1156788890403597,-1.5645927024856645,0.7344559427961781,-1.2227377074580004,-1.5607931784881912,0.5119424448091258,-0.8568224234024461,-1.5572879380629612,1.167774807149066,0.41517090916628796,-0.8540831196530424,1.3429156734792826,-1.009559109133671,-1.1148627003416667,0.9471611589541786,-1.1585129516188328,-0.9694013682346064,0.7405073682339948,-0.8972958962761255,-0.8961544329249382,1.327530050726171,0.25673326936371227,-0.6315091758904862,1.3504392191257417,-0.8221896717382471,-0.8864321008623621,1.0246806492539349,-0.9932470901233076,-0.8978620151087465,0.804300180405073,-0.8099210668696559,-0.8811930280182101,0.0,0.0,0.0,0.0,0.0,0.0,0.0,0.0,0.0,0.0,0.0,0.0,0.0,0.0,0.0,0.0,0.0,0.0,0.0,0.0,0.0,0.0,0.0,0.0,0.0,0.0,0.0,0.0,0.0,0.0,0.0,0.0,0.0,0.0,0.0,0.0,0.0,0.0,0.0,0.0,0.0,0.0,0.0,0.0,0.0,0.0,0.0,0.0,0.0,0.0,0.0,0.0,0.0,0.0,0.0,0.0,0.0,0.0,0.0,0.0,0.0,0.0,0.0
seis,0.0,0.0,0.0,-0.16940118328118053,-0.6248982967117032,-0.7711655624991682,-0.09568044364841874,-1.186244042958855,-1.2661912205864214,0.10214843534550096,-1.8822054222178453,-1.586409740407175,0.21230507215074734,-2.4679140512042763,-1.8404803896153323,0.4833607838493174,0.2893131659982451,-1.3561741194598986,0.9475334203578302,-1.0020543832622832,-1.7605517803206883,0.5730486725250825,-1.1594177823135796,-1.878580657364126,0.3257052819471852,-0.9160899508326545,-1.9354560581769273,0.8740343231692624,0.48586418052995967,-1.0680948656799096,1.1284709560429869,-0.9979875180439699,-1.4596306043689937,0.7232511052003812,-1.073172192339001,-1.4538275400044935,0.5362697084212297,-0.7506249731807718,-1.4473944364699234,1.1205629725402613,0.4706707277967818,-0.7978093443728734,1.2786282393315054,-0.8791810112214039,-1.0427334803091282,0.9304471137879706,-0.9815127804404975,-0.912158118842708,0.7645580055330006,-0.7306005360621055,-0.8463179994479565,1.272558383136031,0.32821893985209566,-0.5951978797679304,1.2802406197048553,-0.6880315051444923,-0.8232415321911059,0.980458952708149,-0.809822660065881,-0.8369306039363571,0.8119546004280129,-0.6140138740895693,-0.8247666921581757,0.0,0.0,0.0,0.0,0.0,0.0,0.0,0.0,0.0,0.0,0.0,0.0,0.0,0.0,0.0,0.0,0.0,0.0,0.0,0.0,0.0,0.0,0.0,0.0,0.0,0.0,0.0,0.0,0.0,0.0,0.0,0.0,0.0,0.0,0.0,0.0,0.0,0.0,0.0,0.0,0.0,0.0,0.0,0.0,0.0,0.0,0.0,0.0,0.0,0.0,0.0,0.0,0.0,0.0,0.0,0.0,0.0,0.0,0.0,0.0,0.0,0.0,0.0
seis,0.0,0.0,0.0,-0.3584478695396472,-0.8223676270157457,-0.9468959262635142,-0.3572035899153134,-1.7296102806658087,-1.6024959820453377,-0.19586330239055533,-2.7847202891853193,-2.063144921962775,-0.092468799178581,-3.63443371107267,-2.4755053008600227,0.23236934207218662,0.2704511433370115,-1.7640883034193469,0.8067571735283776,-1.2926036314335998,-2.2866150979358957,0.5287572374999269,-1.617392392628549,-2.5040973310017365,0.31945131496357343,-1.405091398587807,-2.6395680917592808,0.8733508234581417,0.4870917153524434,-1.4557605793960229,1.1597131008204253,-1.3824831556061015,-1.9141993951320062,0.7589064327060626,-1.4477743454497263,-1.9460984222792184,0.519112970360592,-0.9888625078919187,-1.992480962035964,1.3576283645403828,0.47104564176869745,-1.1604987692510909,1.4816329296634725,-1.2662004578255373,-1.442448620833566,1.0513331676165723,-1.3219901426714007,-1.3183531181819395,0.8196126110302366,-0.9419103863032089,-1.2870262396517713,1.7137475488734675,0.33240697931140045,-0.9535963353721931,1.650775754918974,-1.0186645938569039,-1.224544946103216,1.2247715688168268,-1.15770123022941,-1.2270429168971757,0.9485356252774119,-0.8940684458868814,-1.218282234964551,0.0,0.0,0.0,0.0,0.0,0.0,0.0,0.0,0.0,0.0,0.0,0.0,0.0,0.0,0.0,0.0,0.0,0.0,0.0,0.0,0.0,0.0,0.0,0.0,0.0,0.0,0.0,0.0,0.0,0.0,0.0,0.0,0.0,0.0,0.0,0.0,0.0,0.0,0.0,0.0,0.0,0.0,0.0,0.0,0.0,0.0,0.0,0.0,0.0,0.0,0.0,0.0,0.0,0.0,0.0,0.0,0.0,0.0,0.0,0.0,0.0,0.0,0.0
seis,0.0,0.0,0.0,-0.3081249259922728,-0.7469649435808337,-0.9115739486347088,-0.31247979565555,-1.548825913025985,-1.5353216976251702,-0.1916992235248248,-2.469709636346017,-1.963176860526846,-0.11319512922050709,-3.2306077477899087,-2.3303771589774964,0.30285405878841326,0.26721425052510467,-1.7216678987994871,0.8385780667180526,-1.300648368450215,-2.2463839795994818,0.4631208525837908,-1.506321729596269,-2.4258899562016816,0.2200709966885879,-1.240939474152329,-2.5208533274057623,0.8812245661498366,0.4726978570017346,-1.412141483632305,1.1707263651199962,-1.2910312567953248,-1.8828075640742143,0.7581013863729515,-1.3734391221624258,-1.878325903790913,0.5412937387378415,-0.9975101089182784,-1.8842680281378594,1.2795705060227371,0.4348469755790259,-1.1175602971701588,1.4359473290949258,-1.171540153895457,-1.4056281546043314,1.042473771620095,-1.2619479036212224,-1.2579363811886413,0.837585304788476,-0.9344994833724174,-1.1962767873260476,1.5525317354677102,0.2678551037950224,-0.9057088043070627,1.526915717616716,-0.9629204202459858,-1.1677146126019422,1.1515835690600291,-1.1213638441724452,-1.1738140392572347,0.9220908217739351,-0.8864967271355332,-1.1616916268901845,0.0,0.0,0.0,0.0,0.0,0.0,0.0,0.0,0.0,0.0,0.0,0.0,0.0,0.0,0.0,0.0,0.0,0.0,0.0,0.0,0.0,0.0,0.0,0.0,0.0,0.0,0.0,0.0,0.0,0.0,0.0,0.0,0.0,0.0,0.0,0.0,0.0,0.0,0.0,0.0,0.0,0.0,0.0,0.0,0.0,0.0,0.0,0.0,0.0,0.0,0.0,0.0,0.0,0.0,0.0,0.0,0.0,0.0,0.0,0.0,0.0,0.0,0.0
seis,0.0,0.0,0.0,-0.7627838591783203,-1.3450614183938137,-1.4776106541457252,-1.0754951864608782,-2.9766860102310564,-2.6766696600702726,-0.9952641055018343,-4.712993029533192,-3.5980564903338785,-0.769803637720633,-6.158652028248358,-4.497177134764219,-0.5853632466533297,0.32933779384599293,-3.163520049873277,0.08795331849188262,-1.7067187409546078,-4.331737617875588,0.16944417464968964,-2.593598877096266,-4.920079499141144,0.1680721343154542,-2.9008204392542325,-5.276297976835221,0.6677754788158338,0.7443627542349793,-2.7964413236364556,1.26697139394699,-2.1822979116296577,-3.756382006155782,0.8445192929526918,-2.6987800825201846,-3.8324127672605157,0.4585212852338716,-2.2800615991741626,-3.9331530846826834,1.6701315333042128,0.7407734774751676,-2.456259920544584,2.1166083732895653,-2.075573862486821,-3.0883334824926036,1.47304206904449,-2.389807184248852,-2.870987378324569,1.068493049582711,-1.8641321025508,-2.8095486791497493,2.4589320357343945,0.49519349362969567,-2.249991779092727,2.4707583658625674,-1.6832296670385212,-2.7448564962542537,1.8720018885474023,-1.9392342706064132,-2.7245683820133184,1.5015429793655863,-1.4512081039827938,-2.7188526833035893,0.0,0.0,0.0,0.0,0.0,0.0,0.0,0.0,0.0,0.0,0.0,0.0,0.0,0.0,0.0,0.0,0.0,0.0,0.0,0.0,0.0,0.0,0.0,0.0,0.0,0.0,0.0,0.0,0.0,0.0,0.0,0.0,0.0,0.0,0.0,0.0,0.0,0.0,0.0,0.0,0.0,0.0,0.0,0.0,0.0,0.0,0.0,0.0,0.0,0.0,0.0,0.0,0.0,0.0,0.0,0.0,0.0,0.0,0.0,0.0,0.0,0.0,0.0
seis,0.0,0.0,0.0,-0.9508396028452213,-1.427620196746929,-1.741482838837357,-1.3473999640899235,-3.2108366924812057,-3.1092804350545102,-1.1195914465001358,-5.162500018857124,-4.17358057969238,-0.7900389144472856,-6.778238122893979,-5.1488275591813055,-0.7417726415338922,0.1719259701758279,-3.422215188382744,0.20696626337718596,-2.6973558829260855,-4.663509768698897,-0.02524186328535905,-3.13962113183919,-5.249856557975272,-0.18414006695362273,-2.7135043760501625,-5.614008607747391,0.631153381942778,0.7756580486671906,-3.030299487467012,1.3938524504199377,-2.7920438693432286,-4.0730059326273835,0.8705949329438288,-2.837752377344132,-4.171947809734088,0.5122200287613843,-2.053733170764139,-4.296335646370938,1.7310828026258842,0.9133447242076735,-2.6836239140347686,2.2374333673187987,-2.4630045194225016,-3.3673590052330318,1.5769000820411558,-2.436958037238628,-3.1335918728869188,1.1755011464078586,-1.6427747471599585,-3.06263720245581,2.58604242457776,0.7407019281964983,-2.516964170024306,2.6937310250087037,-1.9398157882639264,-3.0579192303936797,2.043926595100011,-2.035242322511427,-3.057616706359002,1.6011490691379087,-1.3646988178664328,-3.0589526090521493,0.0,0.0,0.0,0.0,0.0,0.0,0.0,0.0,0.0,0.0,0.0,0.0,0.0,0.0,0.0,0.0,0.0,0.0,0.0,0.0,0.0,0.0,0.0,0.0,0.0,0.0,0.0,0.0,0.0,0.0,0.0,0.0,0.0,0.0,0.0,0.0,0.0,0.0,0.0,0.0,0.0,0.0,0.0,0.0,0.0,0.0,0.0,0.0,0.0,0.0,0.0,0.0,0.0,0.0,0.0,0.0,0.0,0.0,0.0,0.0,0.0,0.0,0.0
seis,0.0,0.0,0.0,-1.4004777173026826,-2.2740038852576694,-2.686247067860798,-2.0134604636145688,-5.227375214337903,-4.858938554684888,-1.7702466369224448,-8.444262195966385,-6.549946525915635,-1.476510201892765,-11.154450271391532,-8.102610839915396,-1.2564175667767157,-0.18830598143324645,-5.41183697532539,0.34233825908372245,-4.828779908578165,-7.289633907184153,-0.10641942488150864,-5.006887788265312,-8.175804019848329,-0.462870463714753,-3.8893688458049565,-8.723121864282422,0.6892651322481974,0.7245091976413239,-4.795145254378852,1.915937792511298,-4.69505876162117,-6.36846431342316,1.172648774553383,-4.325353646600445,-6.537102527203216,0.6180326144731779,-2.9719836623243525,-6.74823726246695,2.284999544491732,0.9719434327072571,-4.233789733525351,3.083468906516912,-4.106817577848405,-5.21456545078057,2.205161381421582,-3.783017213309925,-4.893932054100546,1.636670379575764,-2.4801671788464286,-4.821712891249791,3.5469003189982,0.7342234478447248,-3.9530039705221065,3.7449338432596466,-3.2642087259143406,-4.722068052597296,2.8952559734572616,-3.2249715560314747,-4.752029296579521,2.3183853009379027,-2.1342558622166274,-4.792915748884373,0.0,0.0,0.0,0.0,0.0,0.0,0.0,0.0,0.0,0.0,0.0,0.0,0.0,0.0,0.0,0.0,0.0,0.0,0.0,0.0,0.0,0.0,0.0,0.0,0.0,0.0,0.0,0.0,0.0,0.0,0.0,0.0,0.0,0.0,0.0,0.0,0.0,0.0,0.0,0.0,0.0,0.0,0.0,0.0,0.0,0.0,0.0,0.0,0.0,0.0,0.0,0.0,0.0,0.0,0.0,0.0,0.0,0.0,0.0,0.0,0.0,0.0,0.0
